DROP TABLE categories;

CREATE TABLE `categories` (
  `id` int(11) NOT NULL AUTO_INCREMENT,
  `name` longtext COLLATE utf8_unicode_ci NOT NULL,
  `isdelete` int(11) NOT NULL,
  PRIMARY KEY (`id`)
) ENGINE=InnoDB AUTO_INCREMENT=11 DEFAULT CHARSET=utf8 COLLATE=utf8_unicode_ci;

INSERT INTO categories VALUES("1","Món truyền thống","0");
INSERT INTO categories VALUES("2","Nước ép","0");
INSERT INTO categories VALUES("3","Sinh tố","0");
INSERT INTO categories VALUES("4","Soda Ý","0");
INSERT INTO categories VALUES("5","Đá Xay","0");
INSERT INTO categories VALUES("6","Món đặc biệt","0");
INSERT INTO categories VALUES("7","Thức ăn","0");
INSERT INTO categories VALUES("8","Khác","0");
INSERT INTO categories VALUES("9","Đồ gốm","0");
INSERT INTO categories VALUES("10","Lưu niệm","0");



DROP TABLE config;

CREATE TABLE `config` (
  `id` int(11) NOT NULL AUTO_INCREMENT,
  `name` varchar(20) COLLATE utf8_unicode_ci NOT NULL,
  `value` longtext COLLATE utf8_unicode_ci NOT NULL,
  `type` varchar(20) COLLATE utf8_unicode_ci NOT NULL,
  PRIMARY KEY (`id`),
  UNIQUE KEY `name` (`name`)
) ENGINE=InnoDB AUTO_INCREMENT=16 DEFAULT CHARSET=utf8 COLLATE=utf8_unicode_ci;

INSERT INTO config VALUES("1","logo","/img/upload/config/KAFFA-NEN-TRANG-h40-w250.png","file");
INSERT INTO config VALUES("2","logo_printer","/img/upload/config/logo-KAFFA.png","file");
INSERT INTO config VALUES("3","print_phone","08.66 8484 91","text");
INSERT INTO config VALUES("4","print_address","47 - Ho Ba Kien - P.15 - Q10 - TP HCM","text");
INSERT INTO config VALUES("5","max_quantity_order","22","text");
INSERT INTO config VALUES("6","thank_text","Cảm ơn quý khách. Hẹn gặp lại!","text");
INSERT INTO config VALUES("7","currency","VND","text");
INSERT INTO config VALUES("8","out_of_stock","200","text");
INSERT INTO config VALUES("9","end_year","2030","text");
INSERT INTO config VALUES("10","emailId","kaffacoffee47@gmail.com","text");
INSERT INTO config VALUES("11","emailPassword","vela2013#","text");
INSERT INTO config VALUES("12","sitename","Kaffa Coffe","text");
INSERT INTO config VALUES("13","meta_description","Kaffa Coffe","text");
INSERT INTO config VALUES("14","print_number","1","text");
INSERT INTO config VALUES("15","key_note","Key note","text");



DROP TABLE coupon;

CREATE TABLE `coupon` (
  `id` int(11) NOT NULL AUTO_INCREMENT,
  `code` varchar(11) COLLATE utf8_unicode_ci NOT NULL,
  `value` double NOT NULL,
  `fromdate` bigint(20) NOT NULL,
  `todate` bigint(20) NOT NULL,
  `isdelete` int(11) NOT NULL,
  `type` int(11) NOT NULL,
  `description` longtext COLLATE utf8_unicode_ci NOT NULL,
  `reuse` int(11) NOT NULL,
  PRIMARY KEY (`id`),
  UNIQUE KEY `code` (`code`)
) ENGINE=InnoDB AUTO_INCREMENT=30 DEFAULT CHARSET=utf8 COLLATE=utf8_unicode_ci;

INSERT INTO coupon VALUES("1","ADE5116A","70000","1413219600","1444755600","1","0","","0");
INSERT INTO coupon VALUES("2","1B612489","30","1413219600","1413824400","1","1","Giảm giá khai trương","0");
INSERT INTO coupon VALUES("3","74ED6269","30","1412096400","1414688400","1","1","gim gia moi","0");
INSERT INTO coupon VALUES("4","7D2576F8","30","1413219600","1413306000","1","1","","0");
INSERT INTO coupon VALUES("5","05B88EF4","30","1413219600","1413306000","1","1","","0");
INSERT INTO coupon VALUES("6","2D8185FE","20","1413219600","1413565200","1","1","","0");
INSERT INTO coupon VALUES("7","9C385A93","20","1413219600","1413565200","1","1","","0");
INSERT INTO coupon VALUES("8","42BEACF0","20","1413219600","1413565200","1","1","","0");
INSERT INTO coupon VALUES("9","0DEB0821","20","1413219600","1413565200","1","1","","0");
INSERT INTO coupon VALUES("10","C39137F3","20","1413219600","1413565200","1","1","","0");
INSERT INTO coupon VALUES("11","045740F4","20","1413219600","1413565200","1","1","","0");
INSERT INTO coupon VALUES("12","64AF13A7","20","1413219600","1413565200","1","1","","0");
INSERT INTO coupon VALUES("13","E30E9B78","20","1413219600","1413565200","1","1","","0");
INSERT INTO coupon VALUES("14","E6CC36A8","20","1413219600","1413565200","1","1","","0");
INSERT INTO coupon VALUES("15","051DE2C7","20","1413219600","1413565200","1","1","","0");
INSERT INTO coupon VALUES("16","FB1992D0","20","1413219600","1413565200","1","1","","0");
INSERT INTO coupon VALUES("17","8698B90C","20","1413219600","1413565200","1","1","","0");
INSERT INTO coupon VALUES("22","BCF20E4A","20","1412096400","1420045200","0","1","giảm giá 20%","1");
INSERT INTO coupon VALUES("23","CD681EF7","30","1412096400","1414688400","1","1","giảm giá 30%","1");
INSERT INTO coupon VALUES("24","FC496D24","0","1412096400","1414688400","1","1","giảm giá 40%","1");
INSERT INTO coupon VALUES("25","90CB8ECB","50","1412096400","1414688400","1","1","giảm giá 50%","1");
INSERT INTO coupon VALUES("26","0901B1CD","80000","1413306000","1416934800","1","0","","0");
INSERT INTO coupon VALUES("27","BC573797","20","1412096400","1425661200","0","1","Giam giá 20%","1");
INSERT INTO coupon VALUES("28","8A00677A","10","0","0","1","1","Giảm giá 10%","1");
INSERT INTO coupon VALUES("29","4969AA26","10","1415293200","1446915600","0","1","Giam gia 10%","1");



DROP TABLE customer;

CREATE TABLE `customer` (
  `id` int(11) NOT NULL AUTO_INCREMENT,
  `fullname` varchar(255) COLLATE utf8_unicode_ci NOT NULL,
  `nicename` varchar(255) COLLATE utf8_unicode_ci NOT NULL,
  `customer_code` varchar(100) COLLATE utf8_unicode_ci NOT NULL,
  `level` int(11) NOT NULL,
  `phone` int(11) NOT NULL,
  `email` varchar(100) COLLATE utf8_unicode_ci NOT NULL,
  `address` varchar(255) COLLATE utf8_unicode_ci NOT NULL,
  `birthday` varchar(100) COLLATE utf8_unicode_ci NOT NULL,
  `avatar` varchar(255) COLLATE utf8_unicode_ci NOT NULL,
  `isdelete` int(11) NOT NULL,
  PRIMARY KEY (`id`)
) ENGINE=InnoDB AUTO_INCREMENT=2 DEFAULT CHARSET=utf8 COLLATE=utf8_unicode_ci;

INSERT INTO customer VALUES("1","mrvinh","mrvinh","312312312","1","1231312","minhtrius@gmail.com","177 S Centre st., Merchantville, NJ 08109","12/08/2014","http://cafe.dev/img/upload/10704067_1103640462994381_6754432262914280722_n.png","0");



DROP TABLE event;

CREATE TABLE `event` (
  `id` int(11) NOT NULL AUTO_INCREMENT,
  `name` longtext COLLATE utf8_unicode_ci,
  `value` double NOT NULL,
  `type` varchar(11) COLLATE utf8_unicode_ci NOT NULL,
  `isdelete` int(11) NOT NULL,
  PRIMARY KEY (`id`)
) ENGINE=InnoDB DEFAULT CHARSET=utf8 COLLATE=utf8_unicode_ci;




DROP TABLE log;

CREATE TABLE `log` (
  `id` int(11) NOT NULL AUTO_INCREMENT,
  `event` longtext COLLATE utf8_unicode_ci NOT NULL,
  PRIMARY KEY (`id`)
) ENGINE=InnoDB DEFAULT CHARSET=utf8 COLLATE=utf8_unicode_ci;




DROP TABLE managetable;

CREATE TABLE `managetable` (
  `id` int(11) NOT NULL AUTO_INCREMENT,
  `name` longtext COLLATE utf8_unicode_ci NOT NULL,
  `isdelete` int(11) NOT NULL,
  PRIMARY KEY (`id`)
) ENGINE=InnoDB AUTO_INCREMENT=21 DEFAULT CHARSET=utf8 COLLATE=utf8_unicode_ci;

INSERT INTO managetable VALUES("1","Bàn A1","0");
INSERT INTO managetable VALUES("2","Bàn A2","0");
INSERT INTO managetable VALUES("3","Bàn A3","0");
INSERT INTO managetable VALUES("4","Bàn A4","0");
INSERT INTO managetable VALUES("5","Bàn A5","0");
INSERT INTO managetable VALUES("6","Bàn A6","0");
INSERT INTO managetable VALUES("7","Bàn A7","0");
INSERT INTO managetable VALUES("8","Bàn A81","0");
INSERT INTO managetable VALUES("9","Bàn A82","0");
INSERT INTO managetable VALUES("10","Bàn A83","0");
INSERT INTO managetable VALUES("11","Bàn A84","0");
INSERT INTO managetable VALUES("12","Bàn A9","0");
INSERT INTO managetable VALUES("13","Bàn B11","0");
INSERT INTO managetable VALUES("14","Bàn B12","0");
INSERT INTO managetable VALUES("15","Bàn B13","0");
INSERT INTO managetable VALUES("16","Bàn B14","0");
INSERT INTO managetable VALUES("17","Bàn B2","0");
INSERT INTO managetable VALUES("18","Bàn B3","0");
INSERT INTO managetable VALUES("19","Bàn B4","0");
INSERT INTO managetable VALUES("20","Bàn B5","0");



DROP TABLE menu;

CREATE TABLE `menu` (
  `id` int(11) NOT NULL AUTO_INCREMENT,
  `name` longtext COLLATE utf8_unicode_ci NOT NULL,
  `cost` double NOT NULL,
  `take_away_cost` double NOT NULL,
  `description` longtext COLLATE utf8_unicode_ci NOT NULL,
  `image` longtext COLLATE utf8_unicode_ci NOT NULL,
  `cat_id` int(11) NOT NULL,
  `is_combo` int(11) DEFAULT NULL,
  `isdelete` int(11) NOT NULL,
  PRIMARY KEY (`id`)
) ENGINE=InnoDB AUTO_INCREMENT=219 DEFAULT CHARSET=utf8 COLLATE=utf8_unicode_ci;

INSERT INTO menu VALUES("1","MTT1 - Cafe","26000","21000",""," ","1","0","0");
INSERT INTO menu VALUES("2","MTT2 - Cafe Sữa","30000","24000",""," ","1","0","0");
INSERT INTO menu VALUES("3","MTT3 - Bạc xĩu","30000","24000",""," ","1","0","0");
INSERT INTO menu VALUES("4","MTT4 - Lipton Chanh Đá","26000","21000",""," ","1","0","0");
INSERT INTO menu VALUES("5","MTT5 - Lipton Chanh Mật Ong","30000","24000",""," ","1","0","0");
INSERT INTO menu VALUES("6","NE1 - Cam ép","30000","24000",""," ","2","0","0");
INSERT INTO menu VALUES("7","NE2 - Táo ép","30000","24000",""," ","2","0","0");
INSERT INTO menu VALUES("8","NE3 - Bưởi ép","30000","24000",""," ","2","0","0");
INSERT INTO menu VALUES("9","NE4 - Ổi ép","30000","24000",""," ","2","0","0");
INSERT INTO menu VALUES("10","NE5 - Thơm ép","30000","24000",""," ","2","0","0");
INSERT INTO menu VALUES("11","NE6 - Cam & Cà rốt","35000","28000",""," ","2","","0");
INSERT INTO menu VALUES("12","NE7 - Cam & Dâu","35000","28000",""," ","2","0","0");
INSERT INTO menu VALUES("13","NE8 - Táo & Ổi","35000","28000",""," ","2","0","0");
INSERT INTO menu VALUES("14","ST1 - Bơ","40000","32000",""," ","3","0","0");
INSERT INTO menu VALUES("15","ST2 - 3D","35000","28000","Dâu, dứa, dừa"," ","3","0","0");
INSERT INTO menu VALUES("16","ST3 - Chuối","30000","24000",""," ","3","0","0");
INSERT INTO menu VALUES("17","ST4 - Dâu","40000","32000",""," ","3","0","0");
INSERT INTO menu VALUES("18","ST5 - Xoài ","30000","24000",""," ","3","0","0");
INSERT INTO menu VALUES("19","ST6 - Chanh Dây","30000","24000",""," ","3","","1");
INSERT INTO menu VALUES("20","ST7 - Kaffa","35000","28000","Cam, dâu, chuối"," ","3","0","0");
INSERT INTO menu VALUES("21","SD1 - First Kiss","32000","26000",""," ","4","0","0");
INSERT INTO menu VALUES("22","SD2 - Deep Blue Ocean","32000","26000",""," ","4","0","0");
INSERT INTO menu VALUES("23","SD3 - Blue Ocean","32000","26000",""," ","4","0","0");
INSERT INTO menu VALUES("24","SD4 - Beautiful Day","32000","26000",""," ","4","0","0");
INSERT INTO menu VALUES("25","SD5 - Lavender Field","32000","26000",""," ","4","","1");
INSERT INTO menu VALUES("26","SD6 - Maleficent","32000","26000",""," ","4","0","0");
INSERT INTO menu VALUES("27","SD7 - Summer Beach","32000","26000",""," ","4","0","0");
INSERT INTO menu VALUES("28","SD8 - Cold wind","32000","26000",""," ","4","0","0");
INSERT INTO menu VALUES("29","SD9 - Pina Colada","32000","26000",""," ","4","0","0");
INSERT INTO menu VALUES("30","SD10 - Special Soda","32000","26000",""," ","4","0","0");
INSERT INTO menu VALUES("31","IB1 - Frappuccino Hazenut","38000","32000",""," ","5","0","0");
INSERT INTO menu VALUES("32","IB2 - Mocha Frappuccino","38000","32000",""," ","5","0","0");
INSERT INTO menu VALUES("33","IB3 - Choco Jelly Cream","40000","32000",""," ","5","0","0");
INSERT INTO menu VALUES("34","IB4 - Green Tea Cream","38000","32000",""," ","5","0","0");
INSERT INTO menu VALUES("35","IB5 - Green Tea Jelly Cream","40000","34000",""," ","5","0","0");
INSERT INTO menu VALUES("36","IB6 - Cookie Vani Cream","38000","32000",""," ","5","0","0");
INSERT INTO menu VALUES("37","IB7 - Cookie Choco","38000","32000",""," ","5","0","0");
INSERT INTO menu VALUES("38","IB8 - Cookie Choco Mint","40000","34000",""," ","5","0","0");
INSERT INTO menu VALUES("39","MDB1 - Kaffa Fruit Dance Tea","42000","36000",""," ","6","0","0");
INSERT INTO menu VALUES("40","MDB2 - Fresh Peach Tea","38000","32000",""," ","6","0","0");
INSERT INTO menu VALUES("41","MDB3 - Japanese Milk Tea","38000","32000",""," ","6","0","0");
INSERT INTO menu VALUES("42","MDB4 - Kaffa MixFruit Yogurt","38000","32000",""," ","6","0","0");
INSERT INTO menu VALUES("43","TA1 - Cơm trưa văn phòng","35000","0",""," ","7","","0");
INSERT INTO menu VALUES("44","TA2 - Mì Ý đút lò","45000","0",""," ","7","","0");
INSERT INTO menu VALUES("45","TA3 - Mì Ý sốt bò bằm","40000","0",""," ","7","","0");
INSERT INTO menu VALUES("46","TA4 - Bò lúc lắc","45000","0",""," ","7","0","0");
INSERT INTO menu VALUES("47","TA5 - Cơm chiên Kaffa","35000","0",""," ","7","","0");
INSERT INTO menu VALUES("48","TA6 - Mì gói kim chi thịt bò","35000","0",""," ","7","","0");
INSERT INTO menu VALUES("49","TA7 - Mì Giò Heo","35000","0",""," ","7","","1");
INSERT INTO menu VALUES("50","TA8 - Bánh mì bơ tỏi","20000","0",""," ","7","","1");
INSERT INTO menu VALUES("51","Khăn lạnh","2000","0",""," ","8","","0");
INSERT INTO menu VALUES("52","TAVP - Cơm trưa văn phòng cho nhân viên","25000","25000",""," ","7","","0");
INSERT INTO menu VALUES("53","NE9 - Nước cam ép không đá","38000","38000",""," ","2","0","0");
INSERT INTO menu VALUES("54","TA9 - Bánh mì ốp la ","30000","0",""," ","7","0","0");
INSERT INTO menu VALUES("55","ST8 - Sinh tố Kiwi","30000","24000",""," ","3","0","0");
INSERT INTO menu VALUES("56","TA10 - Canh khổ qua","18000","0",""," ","7","","0");
INSERT INTO menu VALUES("57","Canh gà","30000","30000",""," ","7","0","1");
INSERT INTO menu VALUES("58","canh gà","30000","30000",""," ","1","0","1");
INSERT INTO menu VALUES("59","canh cá","25000","25000",""," ","1","0","1");
INSERT INTO menu VALUES("60","Ta Món mặn VP","25000","20000",""," ","7","0","1");
INSERT INTO menu VALUES("61","TA Thêm món mặn","25000","25000",""," ","7","0","1");
INSERT INTO menu VALUES("62","Món mặn thêm VP","25000","25000",""," ","7","0","1");
INSERT INTO menu VALUES("63","Thuốc lá Caraven","25000","25000",""," ","8","0","1");
INSERT INTO menu VALUES("64","Sữa nóng","30000","30000",""," ","8","0","1");
INSERT INTO menu VALUES("65","Sua nong","30000","30000",""," ","1","0","1");
INSERT INTO menu VALUES("66","Com van phong them","25000","25000",""," ","1","0","1");
INSERT INTO menu VALUES("67","Goi Caraven","25000","25000",""," ","1","0","1");
INSERT INTO menu VALUES("73","Ta11 - Bánh mì ốp-la xx","30000","30000",""," ","7","0","1");
INSERT INTO menu VALUES("74","ST11 -  3D","35000","35000",""," ","3","0","1");
INSERT INTO menu VALUES("75","ta13 - bánh mì ốp la - xx","30000","30000",""," ","7","0","1");
INSERT INTO menu VALUES("76","Bánh mì op-la xx","30000","30000",""," ","7","0","1");
INSERT INTO menu VALUES("77","NE10 - Cà Chua","30000","30000",""," ","7","0","1");
INSERT INTO menu VALUES("78","NE10 - Cà Chua","28000","28000",""," ","2","0","1");
INSERT INTO menu VALUES("79","TA12 - Mì gói nấu bò","32000","32000",""," ","1","0","1");
INSERT INTO menu VALUES("80","TA13 - Mì gói nấu bò ","30000","30000",""," ","7","0","1");
INSERT INTO menu VALUES("81","NE10 - Chanh dây","30000","24000",""," ","2","0","0");
INSERT INTO menu VALUES("82","MTT6 - Lipton Sữa Đá","30000","24000",""," ","1","","1");
INSERT INTO menu VALUES("83","IB9 - Cookie Choco Choco","38000","32000",""," ","5","0","0");
INSERT INTO menu VALUES("84","IB10 - Cookie Tropical","38000","32000",""," ","5","0","0");
INSERT INTO menu VALUES("85","IB11 -  Raspberry Yogurt","35000","29000",""," ","5","0","0");
INSERT INTO menu VALUES("86","IB12 - Peach Yogurt","35000","29000",""," ","5","0","0");
INSERT INTO menu VALUES("87","TA11 - Xôi Phúc Kiến","35000","0",""," ","7","","0");
INSERT INTO menu VALUES("88","TA12 - Mì gói xào bò","35000","0",""," ","7","","0");
INSERT INTO menu VALUES("89","TA13 - Bò kho","40000","0",""," ","7","","0");
INSERT INTO menu VALUES("90","TA14 - Rau câu","20000","0",""," ","7","","0");
INSERT INTO menu VALUES("91","TA15 - Yogurt Homemade & Mật ong","20000","0",""," ","7","0","0");
INSERT INTO menu VALUES("92","Viết Bi Hình Hoa","10000","10000",""," ","1","0","1");
INSERT INTO menu VALUES("93","TA15 - Nui xao bo","40000","40000",""," ","1","0","1");
INSERT INTO menu VALUES("94","TA16- Mi y xao bo","42000","42000",""," ","7","0","1");
INSERT INTO menu VALUES("95","TA15 - Mi y xao bo","42000","42000",""," ","7","0","1");
INSERT INTO menu VALUES("96","Viết hình hoa","10000","10000",""," ","8","0","1");
INSERT INTO menu VALUES("97","TA15 -My y xao bo","42000","42000",""," ","7","0","1");
INSERT INTO menu VALUES("98","Ta15 - My y xao bo","42000","42000",""," ","7","0","1");
INSERT INTO menu VALUES("99","Mi y","42000","42000",""," ","7","0","1");
INSERT INTO menu VALUES("100","TA15 - Mi y xao bo","42000","42000",""," ","7","0","1");
INSERT INTO menu VALUES("101","Ta15 - Mi y xao bo","42000","42000",""," ","7","0","1");
INSERT INTO menu VALUES("102","Mi xao","32000","32000",""," ","8","0","1");
INSERT INTO menu VALUES("103","Ta15 - My y xao bo","42000","42000",""," ","8","0","1");
INSERT INTO menu VALUES("104","NE15 - Chanh tươi","28000","28000",""," ","2","0","1");
INSERT INTO menu VALUES("105","TAVP - Cơm VP thêm","20000","20000",""," ","8","0","1");
INSERT INTO menu VALUES("106","NE Cà rốt","30","30",""," ","2","0","1");
INSERT INTO menu VALUES("107","NE Cà rốt","30000","30000",""," ","2","0","1");
INSERT INTO menu VALUES("108","Ta16 - Com VP ","15000","15000",""," ","7","0","1");
INSERT INTO menu VALUES("111","10","10","10",""," ","1","0","1");
INSERT INTO menu VALUES("117","Chanh tươi đá","28000","28000",""," ","2","0","1");
INSERT INTO menu VALUES("118","Sữa nóng","26000","26000",""," ","1","0","1");
INSERT INTO menu VALUES("119","Ta17 - Cơm Canh thêm","12000","12000",""," ","1","0","1");
INSERT INTO menu VALUES("120","NE11 - Chanh tươi đá","28000","28000",""," ","2","","0");
INSERT INTO menu VALUES("121","MTT6 - Sữa nóng","26000","26000",""," ","1","0","0");
INSERT INTO menu VALUES("122","Com them","5000","5000",""," ","8","0","1");
INSERT INTO menu VALUES("123","Nui sot bo bam","40000","40000",""," ","8","0","1");
INSERT INTO menu VALUES("124","Nui sot bo bam","40000","40000",""," ","8","0","1");
INSERT INTO menu VALUES("125","Dâu - Chuối","25000","25000",""," ","6","0","1");
INSERT INTO menu VALUES("126","Mỳ ý xúc xích","32000","32000",""," ","8","0","1");
INSERT INTO menu VALUES("127","DG-C1404","77000","77000","Ly sứ xanh đậm-350ml"," ","9","0","0");
INSERT INTO menu VALUES("128","RN - Rong Nho 100gram","30000","30000","Rong nho 30000 ngan "," ","8","0","0");
INSERT INTO menu VALUES("129","RN - Rong Nho 200gram","50000","50000","Rong nho 200gram = 50k"," ","8","0","0");
INSERT INTO menu VALUES("130","DG-B1403","72000","72000","Hủ sứ trắng có nắp"," ","9","","0");
INSERT INTO menu VALUES("131","DG-C1409","120000","120000","Ly sứ pastel xanh dương mờ-335ml"," ","9","0","0");
INSERT INTO menu VALUES("132","DG-AC1406","79000","79000","Ly sứ pastel hồng mờ-350ml"," ","9","","0");
INSERT INTO menu VALUES("133","DG-ECC004","84000","84000","Ly sứ nắp nhựa - 280ml"," ","9","","0");
INSERT INTO menu VALUES("134","DG-ECC001","95000","95000","Ly sứ nắp nhựa - 380ml"," ","9","","0");
INSERT INTO menu VALUES("135","lipton sữa đá","30000","30000",""," ","1","0","1");
INSERT INTO menu VALUES("136","Trái cây dĩa","40000","40000",""," ","1","0","1");
INSERT INTO menu VALUES("137","Bò lúc lắc cơ bản","40000","40000",""," ","7","0","1");
INSERT INTO menu VALUES("138","Trung ga","5000","5000",""," ","8","0","1");
INSERT INTO menu VALUES("139","LN-001","30000","30000","Kẹp gỗ"," ","10","","0");
INSERT INTO menu VALUES("140","LN-002","25000","25000","Ma gỗ"," ","10","0","0");
INSERT INTO menu VALUES("141","LN-003","8000","8000","Túi quà nhỏ"," ","10","","0");
INSERT INTO menu VALUES("142","LN-004","25000","25000","Thú Noel thủy tinh"," ","10","0","0");
INSERT INTO menu VALUES("143","LN-005","25000","25000","Móc khóa Noel"," ","10","","0");
INSERT INTO menu VALUES("144","LN-006","25000","25000","Móc khóa quần"," ","10","","0");
INSERT INTO menu VALUES("145","LN-007","25000","25000","Lắc tay"," ","10","","0");
INSERT INTO menu VALUES("146","LN-008","25000","25000","Móc khóa ba lô dù"," ","10","","0");
INSERT INTO menu VALUES("147","LN-009","25000","25000","Móc khóa nón"," ","10","","0");
INSERT INTO menu VALUES("148","LN-010","50000","50000","Bóp kẽm"," ","10","","0");
INSERT INTO menu VALUES("149","LN-011","85000","85000","Đèn dầu"," ","10","0","0");
INSERT INTO menu VALUES("150","LN-012","60000","60000","Đèn sáp"," ","10","","0");
INSERT INTO menu VALUES("151","LN-013","50000","50000","Hộp thiếc lớn"," ","10","0","0");
INSERT INTO menu VALUES("152","LN-014","25000","25000","Hộp két săt"," ","10","","0");
INSERT INTO menu VALUES("153","LN-015","75000","75000","Hộp gỗ"," ","10","","0");
INSERT INTO menu VALUES("154","LN-016","30000","30000","Cắm bút gỗ"," ","10","","0");
INSERT INTO menu VALUES("155","LN-017","10000","10000","Bút hoa"," ","10","0","0");
INSERT INTO menu VALUES("156","LN - 019","40000","40000","Sao thuy tinh nho co den"," ","10","","0");
INSERT INTO menu VALUES("157","Viet Hoa","10000","10000",""," ","8","0","1");
INSERT INTO menu VALUES("158","Viet Hoa","10000","10000",""," ","1","0","1");
INSERT INTO menu VALUES("159","LN - 018","50000","50000","Hu thuy tinh hinh sao loai lon"," ","10","","0");
INSERT INTO menu VALUES("160","Voucher Hoa đất sét","95000","95000",""," ","8","0","1");
INSERT INTO menu VALUES("161","Cookie trà xanh","40000","40000",""," ","5","0","1");
INSERT INTO menu VALUES("162","Rong nho 100g","30000","30000",""," ","8","0","1");
INSERT INTO menu VALUES("163","Rong dây 200g","40000","40000",""," ","1","0","1");
INSERT INTO menu VALUES("164","Trái cây dĩa","40000","40000",""," ","1","0","1");
INSERT INTO menu VALUES("165","Nuoc ngot 7up","20000","20000",""," ","1","0","1");
INSERT INTO menu VALUES("166","Cơm thêm","5000","5000",""," ","8","0","1");
INSERT INTO menu VALUES("167","Trứng ốp la","8000","8000",""," ","1","0","1");
INSERT INTO menu VALUES("168","Trứng Ốp la","0","0",""," ","1","0","1");
INSERT INTO menu VALUES("169","Chanh nóng","26000","26000",""," ","2","0","1");
INSERT INTO menu VALUES("170","Yougour","26000","26000",""," ","6","0","1");
INSERT INTO menu VALUES("171","CP-Cơm phần 4 người","175000","175000","Cơm phần 4 người"," ","1","0","0");
INSERT INTO menu VALUES("172","Yogourt","26000","26000",""," ","6","0","1");
INSERT INTO menu VALUES("173","TA16 - Yogurt đá","26000","26000",""," ","7","0","0");
INSERT INTO menu VALUES("174","NE12 - Chanh nóng","26000","26000",""," ","2","","0");
INSERT INTO menu VALUES("175","Com Them","5000","5000",""," ","1","0","1");
INSERT INTO menu VALUES("176","Com VP ","0","0",""," ","1","0","1");
INSERT INTO menu VALUES("177","Com VP ","20000","20000",""," ","1","0","1");
INSERT INTO menu VALUES("178","Op-la ","7000","7000",""," ","1","0","1");
INSERT INTO menu VALUES("179","Com them","5000","5000",""," ","1","0","1");
INSERT INTO menu VALUES("180","Viết Hoa","10000","10000",""," ","8","0","1");
INSERT INTO menu VALUES("181","Op-La ( 2 trứng )","15000","15000",""," ","1","0","1");
INSERT INTO menu VALUES("182","Ly nhỏ","20000","20000",""," ","1","0","1");
INSERT INTO menu VALUES("183","Ly nhỏ","20000","20000",""," ","1","0","1");
INSERT INTO menu VALUES("184","Ly nhỏ","20000","20000",""," ","1","0","1");
INSERT INTO menu VALUES("185","Gốm ( 38 cái )","500000","500000",""," ","1","0","1");
INSERT INTO menu VALUES("186","LGN1 - Ly gom Nhat nho","20000","20000",""," ","9","0","0");
INSERT INTO menu VALUES("187","LGN2 - Ly gom Nhat lon","25000","25000",""," ","9","","0");
INSERT INTO menu VALUES("188","","0","0",""," ","1","0","1");
INSERT INTO menu VALUES("189","Sữa tươi đá","28000","28000",""," ","1","0","1");
INSERT INTO menu VALUES("190","Ly nhỏ","20000","20000",""," ","9","0","1");
INSERT INTO menu VALUES("191","Sữa tươi cafe","30000","30000",""," ","1","0","1");
INSERT INTO menu VALUES("192","Bánh mì","5000","5000",""," ","1","0","1");
INSERT INTO menu VALUES("193","Cơm thêm","5000","5000",""," ","1","0","1");
INSERT INTO menu VALUES("194","opla them","7000","7000",""," ","1","0","1");
INSERT INTO menu VALUES("195","Mi Y xao bo","42000","42000",""," ","1","0","1");
INSERT INTO menu VALUES("196","Mì ý xào bò","40000","40000",""," ","1","0","1");
INSERT INTO menu VALUES("197","opla","7000","7000",""," ","1","0","1");
INSERT INTO menu VALUES("198","sua chua","10000","10000",""," ","1","0","1");
INSERT INTO menu VALUES("199","Binh Gom 4 mau","40000","40000",""," ","1","0","1");
INSERT INTO menu VALUES("200","Sua chua tra xanh","10000","10000",""," ","1","0","1");
INSERT INTO menu VALUES("201","Sua chua tra xanh","10000","10000",""," ","1","0","1");
INSERT INTO menu VALUES("202","Siro Dau Chuoi","29000","29000",""," ","1","0","1");
INSERT INTO menu VALUES("203","Thach green-coffee","20000","20000",""," ","1","0","1");
INSERT INTO menu VALUES("204","Sua Chua da","18000","18000",""," ","1","0","1");
INSERT INTO menu VALUES("205","Com chien toi","30000","30000",""," ","1","0","1");
INSERT INTO menu VALUES("206","sua chua tra xanh","12000","12000",""," ","1","0","1");
INSERT INTO menu VALUES("207","Blue Passion Ocean","32000","32000",""," ","1","0","1");
INSERT INTO menu VALUES("208","Mi gói","15000","15000",""," ","1","0","1");
INSERT INTO menu VALUES("209","sua chua ","10000","10000",""," ","1","0","1");
INSERT INTO menu VALUES("210","Phụ thu","10000","10000",""," ","1","0","1");
INSERT INTO menu VALUES("211","Blue Passion Ocean","35000","35000",""," ","1","0","1");
INSERT INTO menu VALUES("212","phụ thu","15000","15000",""," ","1","0","1");
INSERT INTO menu VALUES("213","NE20 - Blue passion ocean","35000","35000",""," ","1","0","1");
INSERT INTO menu VALUES("214","TT20- Sua chua","12000","12000",""," ","1","0","1");
INSERT INTO menu VALUES("215","TT21-  Phụ thu 2","15000","15000",""," ","1","0","1");
INSERT INTO menu VALUES("216","Cacao nóng","26000","26000",""," ","1","0","1");
INSERT INTO menu VALUES("217","com them","5000","5000",""," ","1","0","1");
INSERT INTO menu VALUES("218","NE11 - Water melon","32000","32000",""," ","1","0","1");



DROP TABLE menu_combo;

CREATE TABLE `menu_combo` (
  `id` int(11) NOT NULL AUTO_INCREMENT,
  `menu_parent_id` int(11) NOT NULL,
  `menu_child_id` int(11) NOT NULL,
  `menu_quantity` int(11) NOT NULL,
  `isdelete` int(11) NOT NULL,
  PRIMARY KEY (`id`)
) ENGINE=InnoDB DEFAULT CHARSET=utf8 COLLATE=utf8_unicode_ci;




DROP TABLE menu_item;

CREATE TABLE `menu_item` (
  `id` int(5) NOT NULL AUTO_INCREMENT,
  `menu_store_id` int(5) NOT NULL,
  `menu_id` int(5) NOT NULL,
  `quantity` double NOT NULL,
  `unit` varchar(255) COLLATE utf8_unicode_ci NOT NULL,
  PRIMARY KEY (`id`)
) ENGINE=InnoDB AUTO_INCREMENT=378 DEFAULT CHARSET=utf8 COLLATE=utf8_unicode_ci;

INSERT INTO menu_item VALUES("39","40","81","2","Trai");
INSERT INTO menu_item VALUES("40","7","55","40","ML");
INSERT INTO menu_item VALUES("41","12","55","20","ML");
INSERT INTO menu_item VALUES("42","21","55","20","ML");
INSERT INTO menu_item VALUES("43","46","55","10","ML");
INSERT INTO menu_item VALUES("44","30","53","2","Trai");
INSERT INTO menu_item VALUES("47","20","41","20","G");
INSERT INTO menu_item VALUES("48","51","40","1","Goi");
INSERT INTO menu_item VALUES("49","14","40","30","ML");
INSERT INTO menu_item VALUES("71","47","16","1","Trai");
INSERT INTO menu_item VALUES("72","46","16","40","ML");
INSERT INTO menu_item VALUES("73","21","16","30","ML");
INSERT INTO menu_item VALUES("74","35","18","0.5","Trai");
INSERT INTO menu_item VALUES("75","21","18","30","ML");
INSERT INTO menu_item VALUES("76","46","18","35","ML");
INSERT INTO menu_item VALUES("80","18","21","25","ML");
INSERT INTO menu_item VALUES("81","3","21","5","ML");
INSERT INTO menu_item VALUES("82","52","21","150","ML");
INSERT INTO menu_item VALUES("83","43","21","22.5","ML");
INSERT INTO menu_item VALUES("84","44","21","22.5","ML");
INSERT INTO menu_item VALUES("98","11","28","20","ML");
INSERT INTO menu_item VALUES("99","19","28","5","ML");
INSERT INTO menu_item VALUES("100","10","28","5","ML");
INSERT INTO menu_item VALUES("101","52","28","150","ML");
INSERT INTO menu_item VALUES("102","44","28","22.5","ML");
INSERT INTO menu_item VALUES("103","43","28","22.5","ML");
INSERT INTO menu_item VALUES("108","6","29","30","ML");
INSERT INTO menu_item VALUES("109","52","29","150","ML");
INSERT INTO menu_item VALUES("110","44","29","22.5","ML");
INSERT INTO menu_item VALUES("111","43","29","22.5","ML");
INSERT INTO menu_item VALUES("112","5","30","30","ML");
INSERT INTO menu_item VALUES("113","4","30","30","ML");
INSERT INTO menu_item VALUES("114","18","30","30","ML");
INSERT INTO menu_item VALUES("115","43","30","22.5","ML");
INSERT INTO menu_item VALUES("116","44","30","22.5","ML");
INSERT INTO menu_item VALUES("117","52","30","150","ML");
INSERT INTO menu_item VALUES("135","21","32","20","ML");
INSERT INTO menu_item VALUES("136","23","32","20","G");
INSERT INTO menu_item VALUES("137","25","32","20","G");
INSERT INTO menu_item VALUES("138","39","32","30","G");
INSERT INTO menu_item VALUES("139","54","32","8","Cai");
INSERT INTO menu_item VALUES("140","43","32","22.5","ML");
INSERT INTO menu_item VALUES("141","44","32","22.5","ML");
INSERT INTO menu_item VALUES("142","25","33","20","G");
INSERT INTO menu_item VALUES("143","23","33","20","G");
INSERT INTO menu_item VALUES("144","46","33","40","ML");
INSERT INTO menu_item VALUES("145","21","33","30","ML");
INSERT INTO menu_item VALUES("146","54","33","8","Cai");
INSERT INTO menu_item VALUES("147","43","33","22.5","ML");
INSERT INTO menu_item VALUES("148","44","33","22.5","ML");
INSERT INTO menu_item VALUES("149","45","36","2","Cai");
INSERT INTO menu_item VALUES("150","46","36","60","ML");
INSERT INTO menu_item VALUES("151","21","36","10","ML");
INSERT INTO menu_item VALUES("152","25","36","20","G");
INSERT INTO menu_item VALUES("153","43","36","22.5","ML");
INSERT INTO menu_item VALUES("154","44","36","22.5","ML");
INSERT INTO menu_item VALUES("158","46","35","50","ML");
INSERT INTO menu_item VALUES("159","22","35","10","G");
INSERT INTO menu_item VALUES("160","56","35","10","G");
INSERT INTO menu_item VALUES("161","21","35","30","ML");
INSERT INTO menu_item VALUES("162","55","35","8","Cai");
INSERT INTO menu_item VALUES("163","43","35","22.5","ML");
INSERT INTO menu_item VALUES("164","44","35","22.5","ML");
INSERT INTO menu_item VALUES("165","22","34","10","G");
INSERT INTO menu_item VALUES("166","56","34","10","G");
INSERT INTO menu_item VALUES("167","46","34","50","ML");
INSERT INTO menu_item VALUES("168","21","34","30","ML");
INSERT INTO menu_item VALUES("169","43","34","22.5","ML");
INSERT INTO menu_item VALUES("170","44","34","22.5","ML");
INSERT INTO menu_item VALUES("171","36","26","15","ML");
INSERT INTO menu_item VALUES("172","15","26","15","ML");
INSERT INTO menu_item VALUES("173","52","26","150","ML");
INSERT INTO menu_item VALUES("174","43","26","22.5","ML");
INSERT INTO menu_item VALUES("175","44","26","22.5","ML");
INSERT INTO menu_item VALUES("176","18","24","10","ML");
INSERT INTO menu_item VALUES("177","37","24","20","ML");
INSERT INTO menu_item VALUES("178","52","24","150","ML");
INSERT INTO menu_item VALUES("179","43","24","22.5","ML");
INSERT INTO menu_item VALUES("180","44","24","22.5","ML");
INSERT INTO menu_item VALUES("181","8","23","30","ML");
INSERT INTO menu_item VALUES("182","52","23","150","ML");
INSERT INTO menu_item VALUES("183","43","23","22.5","ML");
INSERT INTO menu_item VALUES("184","44","23","22.5","ML");
INSERT INTO menu_item VALUES("185","8","22","20","ML");
INSERT INTO menu_item VALUES("186","3","22","5","ML");
INSERT INTO menu_item VALUES("187","5","22","5","ML");
INSERT INTO menu_item VALUES("188","52","22","150","ML");
INSERT INTO menu_item VALUES("189","43","22","22.5","ML");
INSERT INTO menu_item VALUES("190","44","22","22.5","ML");
INSERT INTO menu_item VALUES("191","30","20","0.5","Trai");
INSERT INTO menu_item VALUES("192","53","20","3","Trai");
INSERT INTO menu_item VALUES("193","47","20","0.5","Trai");
INSERT INTO menu_item VALUES("194","21","20","20","ML");
INSERT INTO menu_item VALUES("195","46","20","30","ML");
INSERT INTO menu_item VALUES("196","53","17","6","Trai");
INSERT INTO menu_item VALUES("197","46","17","30","ML");
INSERT INTO menu_item VALUES("198","21","17","20","ML");
INSERT INTO menu_item VALUES("199","18","17","15","ML");
INSERT INTO menu_item VALUES("200","53","15","3","Trai");
INSERT INTO menu_item VALUES("201","34","15","0.125","Trai");
INSERT INTO menu_item VALUES("202","3","15","15","ML");
INSERT INTO menu_item VALUES("203","21","15","30","ML");
INSERT INTO menu_item VALUES("204","31","13","0.5","Trai");
INSERT INTO menu_item VALUES("205","33","13","0.5","Trai");
INSERT INTO menu_item VALUES("206","30","12","1","Trai");
INSERT INTO menu_item VALUES("207","53","12","4","Trai");
INSERT INTO menu_item VALUES("208","18","12","15","ML");
INSERT INTO menu_item VALUES("209","34","10","0.5","Trai");
INSERT INTO menu_item VALUES("210","33","9","1","Trai");
INSERT INTO menu_item VALUES("211","32","8","1","Trai");
INSERT INTO menu_item VALUES("212","31","7","1","Trai");
INSERT INTO menu_item VALUES("213","30","6","2","Trai");
INSERT INTO menu_item VALUES("218","29","5","1","Goi");
INSERT INTO menu_item VALUES("219","28","5","2","Goi");
INSERT INTO menu_item VALUES("220","27","5","10","G");
INSERT INTO menu_item VALUES("221","29","4","1","Goi");
INSERT INTO menu_item VALUES("222","28","4","2","Goi");
INSERT INTO menu_item VALUES("226","21","3","20","ML");
INSERT INTO menu_item VALUES("227","46","3","50","ML");
INSERT INTO menu_item VALUES("228","39","3","20","G");
INSERT INTO menu_item VALUES("229","21","2","20","ML");
INSERT INTO menu_item VALUES("230","39","2","30","G");
INSERT INTO menu_item VALUES("231","39","1","30","G");
INSERT INTO menu_item VALUES("232","21","121","50","ML");
INSERT INTO menu_item VALUES("257","34","39","0.125","Trai");
INSERT INTO menu_item VALUES("258","31","39","0.125","Trai");
INSERT INTO menu_item VALUES("259","33","39","0.125","Trai");
INSERT INTO menu_item VALUES("260","49","39","1","KG");
INSERT INTO menu_item VALUES("261","37","39","15","ML");
INSERT INTO menu_item VALUES("262","53","39","2","Trai");
INSERT INTO menu_item VALUES("269","53","42","3","Trai");
INSERT INTO menu_item VALUES("270","34","42","0.125","Trai");
INSERT INTO menu_item VALUES("271","35","42","0.167","Trai");
INSERT INTO menu_item VALUES("272","42","42","0.5","Hu");
INSERT INTO menu_item VALUES("300","45","84","2","Cai");
INSERT INTO menu_item VALUES("301","21","84","10","ML");
INSERT INTO menu_item VALUES("302","46","84","60","ML");
INSERT INTO menu_item VALUES("303","25","84","20","G");
INSERT INTO menu_item VALUES("304","44","84","22.5","ML");
INSERT INTO menu_item VALUES("305","43","84","22.5","ML");
INSERT INTO menu_item VALUES("306","13","84","15","ML");
INSERT INTO menu_item VALUES("307","42","85","0","Hu");
INSERT INTO menu_item VALUES("308","38","85","30","ML");
INSERT INTO menu_item VALUES("309","21","85","30","ML");
INSERT INTO menu_item VALUES("310","43","85","22.5","ML");
INSERT INTO menu_item VALUES("311","44","85","22.5","ML");
INSERT INTO menu_item VALUES("312","45","83","2","Cai");
INSERT INTO menu_item VALUES("313","23","83","20","G");
INSERT INTO menu_item VALUES("314","21","83","10","ML");
INSERT INTO menu_item VALUES("315","46","83","40","ML");
INSERT INTO menu_item VALUES("316","25","83","20","G");
INSERT INTO menu_item VALUES("317","17","83","5","G");
INSERT INTO menu_item VALUES("318","43","83","22.5","ML");
INSERT INTO menu_item VALUES("319","44","83","22.5","ML");
INSERT INTO menu_item VALUES("320","3","83","15","ML");
INSERT INTO menu_item VALUES("330","45","37","2","Cai");
INSERT INTO menu_item VALUES("331","23","37","20","G");
INSERT INTO menu_item VALUES("332","25","37","20","G");
INSERT INTO menu_item VALUES("333","21","37","10","ML");
INSERT INTO menu_item VALUES("334","46","37","40","ML");
INSERT INTO menu_item VALUES("335","17","37","5","G");
INSERT INTO menu_item VALUES("336","43","37","22.5","ML");
INSERT INTO menu_item VALUES("337","44","37","22.5","ML");
INSERT INTO menu_item VALUES("338","45","38","2","Cai");
INSERT INTO menu_item VALUES("339","23","38","20","G");
INSERT INTO menu_item VALUES("340","21","38","10","ML");
INSERT INTO menu_item VALUES("341","46","38","40","ML");
INSERT INTO menu_item VALUES("342","25","38","20","G");
INSERT INTO menu_item VALUES("343","17","38","5","G");
INSERT INTO menu_item VALUES("344","43","38","22.5","ML");
INSERT INTO menu_item VALUES("345","44","38","22.5","ML");
INSERT INTO menu_item VALUES("346","19","38","15","ML");
INSERT INTO menu_item VALUES("357","13","27","20","ML");
INSERT INTO menu_item VALUES("358","40","27","0.5","Trai");
INSERT INTO menu_item VALUES("359","52","27","150","ML");
INSERT INTO menu_item VALUES("360","44","27","22.5","ML");
INSERT INTO menu_item VALUES("361","43","27","22.5","ML");
INSERT INTO menu_item VALUES("362","21","31","10","ML");
INSERT INTO menu_item VALUES("363","2","31","15","ML");
INSERT INTO menu_item VALUES("364","25","31","20","G");
INSERT INTO menu_item VALUES("365","39","31","8","G");
INSERT INTO menu_item VALUES("366","44","31","22.5","ML");
INSERT INTO menu_item VALUES("367","43","31","22.5","ML");
INSERT INTO menu_item VALUES("368","54","31","8","Cai");
INSERT INTO menu_item VALUES("369","27","91","20","G");
INSERT INTO menu_item VALUES("370","42","91","1","Hu");
INSERT INTO menu_item VALUES("371","42","86","1","Hu");
INSERT INTO menu_item VALUES("372","14","86","30","ML");
INSERT INTO menu_item VALUES("373","21","86","30","ML");
INSERT INTO menu_item VALUES("374","44","86","22.5","ML");
INSERT INTO menu_item VALUES("375","43","86","22.5","ML");
INSERT INTO menu_item VALUES("377","42","173","1","Hu");



DROP TABLE menu_store;

CREATE TABLE `menu_store` (
  `id` int(5) NOT NULL AUTO_INCREMENT,
  `name` varchar(255) COLLATE utf8_unicode_ci NOT NULL,
  `isdelete` int(11) NOT NULL,
  `unit` varchar(255) COLLATE utf8_unicode_ci NOT NULL,
  `des` varchar(255) COLLATE utf8_unicode_ci NOT NULL,
  `out_of_stock` double DEFAULT NULL,
  `cost` double NOT NULL,
  `supplier` int(11) NOT NULL,
  `supply_item` int(11) NOT NULL,
  PRIMARY KEY (`id`),
  UNIQUE KEY `name` (`name`)
) ENGINE=InnoDB AUTO_INCREMENT=59 DEFAULT CHARSET=utf8 COLLATE=utf8_unicode_ci;

INSERT INTO menu_store VALUES("1","Gạo","1","kg","","2","0","0","0");
INSERT INTO menu_store VALUES("2","Syrup Hazennut","0","ML","","100","170000","5","30");
INSERT INTO menu_store VALUES("3","Syrup coconut","0","ML","","100","170000","5","19");
INSERT INTO menu_store VALUES("4","Syrup Raspberry","0","ML","","100","86000","5","20");
INSERT INTO menu_store VALUES("5","Syrup Green mint","0","ML","","100","159000","5","21");
INSERT INTO menu_store VALUES("6","Syrup Colada","0","ML","","100","154000","5","22");
INSERT INTO menu_store VALUES("7","Mứt Kiwi","0","ML","","0","82500","5","32");
INSERT INTO menu_store VALUES("8","Syrup Le \"Blue\"","0","ML","","100","170000","5","24");
INSERT INTO menu_store VALUES("9","Syrup Strawberry","0","ML","","100","170000","5","25");
INSERT INTO menu_store VALUES("10","Syrup Mojito","0","ML","","100","150000","5","27");
INSERT INTO menu_store VALUES("11","Syrup green apple","0","ML","","0","0","0","28");
INSERT INTO menu_store VALUES("12","Syrup dưa lưới","0","ML","","100","170000","5","29");
INSERT INTO menu_store VALUES("13","Mứt dứa-xoài","0","ML","","200","90000","5","31");
INSERT INTO menu_store VALUES("14","Mứt đào","0","ML","","200","60000","5","33");
INSERT INTO menu_store VALUES("15","Mứt nho đen","0","ML","","200","73000","5","39");
INSERT INTO menu_store VALUES("16","Mứt chanh dây","0","ML","","200","86000","5","35");
INSERT INTO menu_store VALUES("17","Syrup socola flavor","0","G","","100","83000","5","40");
INSERT INTO menu_store VALUES("18","Syrup dâu","0","ML","","0","170000","5","46");
INSERT INTO menu_store VALUES("19","Syrup bạc hà","0","ML","","0","170000","5","48");
INSERT INTO menu_store VALUES("20","Bột trà xanh Nhật Bản","0","G","","200","130000","7","7");
INSERT INTO menu_store VALUES("21","Sữa đặc","0","ML","","1000","0","0","9");
INSERT INTO menu_store VALUES("22","Bột trà xanh","0","G","","0","0","0","10");
INSERT INTO menu_store VALUES("23","Bột ca cao","0","G","","100","240000","5","11");
INSERT INTO menu_store VALUES("24","Đường","0","G","","1000","13000","4","12");
INSERT INTO menu_store VALUES("25","Bột kem béo","0","G","","1000","0","0","13");
INSERT INTO menu_store VALUES("26","Soda","1","ML","","660","44000","4","18");
INSERT INTO menu_store VALUES("27","Mật ong","0","G","","0","19000","4","61");
INSERT INTO menu_store VALUES("28","Đường que","0","Goi","","20","57000","4","4");
INSERT INTO menu_store VALUES("29","Trà lipton","0","Goi","","0","110000","4","1");
INSERT INTO menu_store VALUES("30","Cam","0","Trai","","0","0","0","52");
INSERT INTO menu_store VALUES("31","Táo","1","Trai","","0","68000","4","51");
INSERT INTO menu_store VALUES("32","Bưởi","0","Trai","","0","0","0","53");
INSERT INTO menu_store VALUES("33","Ôỉ","0","Trai","","0","0","0","54");
INSERT INTO menu_store VALUES("34","Thơm","0","Trai","","0","0","0","55");
INSERT INTO menu_store VALUES("35","Xoài","0","Trai","","0","0","0","59");
INSERT INTO menu_store VALUES("36","Syrup Bluberry","0","ML","","0","63000","5","26");
INSERT INTO menu_store VALUES("37","Syrup Waterlemon","0","ML","","0","86000","5","23");
INSERT INTO menu_store VALUES("38","Mứt Phúc bồn tử","0","ML","","0","0","0","37");
INSERT INTO menu_store VALUES("39","Cà phê","0","G","","0","0","0","8");
INSERT INTO menu_store VALUES("40","Chanh dây","0","Trai","","0","0","0","56");
INSERT INTO menu_store VALUES("41","Cà rốt","0","Trai","","0","0","0","57");
INSERT INTO menu_store VALUES("42","Yogurt Vinamilk","0","Hu","","0","0","0","77");
INSERT INTO menu_store VALUES("43","Base topping","0","ML","","0","0","0","76");
INSERT INTO menu_store VALUES("44","Kem béo Rich","0","ML","","0","0","0","75");
INSERT INTO menu_store VALUES("45","Bánh Cookie","0","Cai","","0","0","0","14");
INSERT INTO menu_store VALUES("46","Sữa tươi","0","ML","","0","0","0","78");
INSERT INTO menu_store VALUES("47","Chuối","0","Trai","","0","0","0","60");
INSERT INTO menu_store VALUES("48","Cosy- Hồng Trà","0","Goi","","0","0","0","70");
INSERT INTO menu_store VALUES("49","Cosy - Dâu","0","KG","","0","0","0","71");
INSERT INTO menu_store VALUES("50","Cosy - Bạc Hà","0","Goi","","0","0","0","72");
INSERT INTO menu_store VALUES("51","Cosy - Đào","0","Goi","","0","0","0","73");
INSERT INTO menu_store VALUES("52","7up","0","ML","","0","0","0","80");
INSERT INTO menu_store VALUES("53","Dâu","0","Trai","","0","0","0","58");
INSERT INTO menu_store VALUES("54","Thạch cà phê","0","Cai","","0","0","0","82");
INSERT INTO menu_store VALUES("55","Thạch trà xanh","0","Cai","","0","0","0","81");
INSERT INTO menu_store VALUES("56","Trà xanh nguyên chất","0","G","","0","0","0","84");
INSERT INTO menu_store VALUES("57"," Chuối","0","Trai","","0","0","0","60");
INSERT INTO menu_store VALUES("58","test","0","KG","","10","0","0","1");



DROP TABLE menu_store_main;

CREATE TABLE `menu_store_main` (
  `id` int(11) NOT NULL AUTO_INCREMENT,
  `cost` double NOT NULL,
  `isdelete` int(11) NOT NULL,
  `name` varchar(500) COLLATE utf8_unicode_ci NOT NULL,
  `out_of_stock` double NOT NULL,
  `supplier` int(11) NOT NULL,
  `supply_item` int(11) NOT NULL,
  `unit` longtext COLLATE utf8_unicode_ci NOT NULL,
  `des` longtext COLLATE utf8_unicode_ci NOT NULL,
  PRIMARY KEY (`id`),
  KEY `name` (`name`(255))
) ENGINE=InnoDB AUTO_INCREMENT=64 DEFAULT CHARSET=utf8 COLLATE=utf8_unicode_ci;

INSERT INTO menu_store_main VALUES("1","0","1","Gạo","2","0","0","kg","");
INSERT INTO menu_store_main VALUES("4","17000","0","Syrup Hazennut","0","5","30","ML","");
INSERT INTO menu_store_main VALUES("5","170000","0","Syrup coconut","100","5","19","ML","");
INSERT INTO menu_store_main VALUES("6","86000","0","Syrup Raspberry","100","5","20","ML","");
INSERT INTO menu_store_main VALUES("7","159000","0","Syrup Green mint","100","5","21","ML","");
INSERT INTO menu_store_main VALUES("8","154000","0","Syrup Colada","100","5","22","ML","");
INSERT INTO menu_store_main VALUES("9","82500","0","Mứt Kiwi","0","5","32","ML","");
INSERT INTO menu_store_main VALUES("10","170000","0","Syrup Le \"Blue\"","100","5","24","ML","");
INSERT INTO menu_store_main VALUES("11","170000","0","Syrup Strawberry","100","5","25","ML","");
INSERT INTO menu_store_main VALUES("12","150000","0","Syrup Mojito","100","5","27","ML","");
INSERT INTO menu_store_main VALUES("13","170000","0","Syrup green apple","0","5","28","ML","");
INSERT INTO menu_store_main VALUES("14","170000","0","Syrup dưa lưới","100","5","29","ML","");
INSERT INTO menu_store_main VALUES("15","90000","0","Mứt dứa-xoài","200","5","31","ML","");
INSERT INTO menu_store_main VALUES("16","60000","0","Mứt đào","200","5","33","ML","");
INSERT INTO menu_store_main VALUES("17","73000","0","Mứt nho đen","200","5","39","ML","");
INSERT INTO menu_store_main VALUES("18","86000","0","Mứt chanh dây","200","5","35","ML","");
INSERT INTO menu_store_main VALUES("19","83000","0","Syrup socola flavor","100","5","40","G","");
INSERT INTO menu_store_main VALUES("20","170000","0","Syrup dâu","0","5","46","ML","");
INSERT INTO menu_store_main VALUES("21","170000","0","Syrup bạc hà","0","5","48","ML","");
INSERT INTO menu_store_main VALUES("22","130000","0","Bột trà xanh Nhật Bản","200","7","7","G","");
INSERT INTO menu_store_main VALUES("23","576000","0","Sữa đặc","1000","6","9","ML","");
INSERT INTO menu_store_main VALUES("24","280000","0","Bột trà xanh","0","5","10","G","");
INSERT INTO menu_store_main VALUES("25","240000","0","Bột ca cao","100","5","11","G","");
INSERT INTO menu_store_main VALUES("26","13000","0","Đường","1000","4","12","G","");
INSERT INTO menu_store_main VALUES("27","400000","0","Bột kem béo","1000","5","13","G","");
INSERT INTO menu_store_main VALUES("28","44000","1","Soda","660","4","18","ML","");
INSERT INTO menu_store_main VALUES("29","90000","0","Mật ong","0","8","61","ML","");
INSERT INTO menu_store_main VALUES("31","57000","0","Đường que","20","4","4","Goi","");
INSERT INTO menu_store_main VALUES("32","110000","0","Trà lipton","0","4","1","Goi","");
INSERT INTO menu_store_main VALUES("33","26000","0","Cam","0","8","52","Trai","");
INSERT INTO menu_store_main VALUES("34","35","0","Táo","0","4","51","Trai","");
INSERT INTO menu_store_main VALUES("35","56000","0","Bưởi","0","8","53","Trai","");
INSERT INTO menu_store_main VALUES("36","19000","0","Ôỉ","0","4","54","Trai","");
INSERT INTO menu_store_main VALUES("37","20000","0","Thơm","0","8","55","Trai","");
INSERT INTO menu_store_main VALUES("38","38000","0","Xoài","0","8","59","Trai","");
INSERT INTO menu_store_main VALUES("39","63000","0","Syrup Bluberry","0","5","26","ML","");
INSERT INTO menu_store_main VALUES("40","86000","0","Syrup Waterlemon","0","5","23","ML","");
INSERT INTO menu_store_main VALUES("41","64000","0","Mứt Phúc bồn tử","0","5","37","ML","");
INSERT INTO menu_store_main VALUES("42","650000","0","Cà phê","1000","5","8","G","");
INSERT INTO menu_store_main VALUES("43","19000","0","Cà rốt","0","8","57","Trai","");
INSERT INTO menu_store_main VALUES("44","20000","0","Chanh dây","0","8","56","Trai","");
INSERT INTO menu_store_main VALUES("45","80000","0","Yogurt Vinamilk","0","4","77","Hu","");
INSERT INTO menu_store_main VALUES("46","195000","0","Base topping","0","10","76","ML","");
INSERT INTO menu_store_main VALUES("47","120000","0","Kem béo Rich","0","10","75","ML","");
INSERT INTO menu_store_main VALUES("48","55000","0","Bánh Cookie","0","4","14","Cai","");
INSERT INTO menu_store_main VALUES("49","120000","0","Sữa tươi","0","6","78","ML","");
INSERT INTO menu_store_main VALUES("51","25000","0","Cosy- Hồng Trà","0","8","70","Goi","");
INSERT INTO menu_store_main VALUES("52","18000","0","Cosy - Dâu","0","4","1","Goi","");
INSERT INTO menu_store_main VALUES("53","30000","0","Cosy - Bạc Hà","0","8","72","Goi","");
INSERT INTO menu_store_main VALUES("54","22000","0","Cosy - Đào","0","8","73","Goi","");
INSERT INTO menu_store_main VALUES("55","30000","0","7up","0","4","80","ML","");
INSERT INTO menu_store_main VALUES("56","15000","0","Thạch cà phê","0","5","82","Cai","");
INSERT INTO menu_store_main VALUES("57","15000","0","Thạch trà xanh","0","5","81","Cai","");
INSERT INTO menu_store_main VALUES("58","40000","0","Dâu","0","4","58","Trai","");
INSERT INTO menu_store_main VALUES("59","75000","0","Trà xanh nguyên chất","0","10","84","G","");
INSERT INTO menu_store_main VALUES("60","14000","0"," Chuối","0","8","60","Trai","");
INSERT INTO menu_store_main VALUES("61","0","1","Syrupo","0","4","1","KG","");
INSERT INTO menu_store_main VALUES("62","14000","1","Chuối","0","8","1","Trai","");
INSERT INTO menu_store_main VALUES("63","0","0","test","10","4","1","KG","");



DROP TABLE order_detail;

CREATE TABLE `order_detail` (
  `id` int(11) NOT NULL AUTO_INCREMENT,
  `order_id` int(11) NOT NULL,
  `menu_id` int(11) NOT NULL,
  `cost_type` int(11) NOT NULL,
  `quantity` int(11) NOT NULL,
  `menu_cost` double NOT NULL,
  `real_cost` int(11) NOT NULL,
  `isdelete` int(11) NOT NULL,
  `discount` int(11) DEFAULT NULL,
  PRIMARY KEY (`id`)
) ENGINE=InnoDB AUTO_INCREMENT=2708 DEFAULT CHARSET=utf8 COLLATE=utf8_unicode_ci;

INSERT INTO order_detail VALUES("1","1","4","1","1","26000","26000","0","0");
INSERT INTO order_detail VALUES("2","2","2","1","1","30000","30000","0","0");
INSERT INTO order_detail VALUES("3","2","4","1","1","26000","26000","0","0");
INSERT INTO order_detail VALUES("4","3","1","1","1","26000","26000","0","0");
INSERT INTO order_detail VALUES("5","4","1","1","2","26000","52000","0","0");
INSERT INTO order_detail VALUES("6","4","41","1","1","38000","76000","0","0");
INSERT INTO order_detail VALUES("7","5","1","1","2","26000","52000","0","0");
INSERT INTO order_detail VALUES("8","5","41","1","1","38000","76000","0","0");
INSERT INTO order_detail VALUES("9","6","1","1","1","26000","26000","0","0");
INSERT INTO order_detail VALUES("10","7","43","1","7","35000","245000","0","0");
INSERT INTO order_detail VALUES("11","8","1","1","2","26000","52000","0","0");
INSERT INTO order_detail VALUES("12","8","43","1","1","35000","70000","0","0");
INSERT INTO order_detail VALUES("13","9","43","1","1","35000","35000","0","0");
INSERT INTO order_detail VALUES("14","9","1","1","2","26000","52000","0","0");
INSERT INTO order_detail VALUES("15","10","1","0","2","21000","42000","0","0");
INSERT INTO order_detail VALUES("16","10","2","1","4","30000","120000","0","0");
INSERT INTO order_detail VALUES("17","11","43","1","1","35000","35000","0","0");
INSERT INTO order_detail VALUES("18","11","1","1","2","26000","52000","0","0");
INSERT INTO order_detail VALUES("19","12","34","1","1","40000","40000","0","0");
INSERT INTO order_detail VALUES("20","13","9","1","2","30000","60000","0","0");
INSERT INTO order_detail VALUES("21","14","36","1","1","40000","40000","0","0");
INSERT INTO order_detail VALUES("22","14","39","1","1","38000","38000","0","0");
INSERT INTO order_detail VALUES("23","14","21","1","1","32000","32000","0","0");
INSERT INTO order_detail VALUES("24","14","25","1","1","32000","32000","0","0");
INSERT INTO order_detail VALUES("25","15","36","1","1","40000","40000","0","0");
INSERT INTO order_detail VALUES("26","15","39","1","1","38000","38000","0","0");
INSERT INTO order_detail VALUES("27","15","21","1","1","32000","32000","0","0");
INSERT INTO order_detail VALUES("28","15","25","1","1","32000","32000","0","0");
INSERT INTO order_detail VALUES("29","15","26","1","1","32000","32000","0","0");
INSERT INTO order_detail VALUES("30","16","3","1","2","30000","60000","0","0");
INSERT INTO order_detail VALUES("31","16","4","1","3","26000","78000","0","0");
INSERT INTO order_detail VALUES("32","16","2","1","3","30000","90000","0","0");
INSERT INTO order_detail VALUES("33","17","1","1","1","26000","26000","0","0");
INSERT INTO order_detail VALUES("34","18","2","1","3","30000","90000","0","0");
INSERT INTO order_detail VALUES("35","19","3","1","1","30000","30000","0","0");
INSERT INTO order_detail VALUES("36","20","3","1","1","30000","30000","0","0");
INSERT INTO order_detail VALUES("37","21","2","1","1","30000","30000","0","0");
INSERT INTO order_detail VALUES("38","22","1","0","1","21000","21000","0","0");
INSERT INTO order_detail VALUES("39","23","1","1","1","26000","26000","0","0");
INSERT INTO order_detail VALUES("40","23","17","1","1","35000","35000","0","0");
INSERT INTO order_detail VALUES("41","24","1","1","4","26000","104000","0","0");
INSERT INTO order_detail VALUES("42","24","3","1","4","30000","120000","0","0");
INSERT INTO order_detail VALUES("43","25","2","1","1","30000","30000","0","0");
INSERT INTO order_detail VALUES("44","25","2","1","1","30000","30000","0","0");
INSERT INTO order_detail VALUES("45","25","3","1","1","30000","30000","0","0");
INSERT INTO order_detail VALUES("46","26","2","1","1","30000","30000","0","0");
INSERT INTO order_detail VALUES("47","26","3","1","5","30000","150000","0","0");
INSERT INTO order_detail VALUES("48","26","3","1","1","30000","30000","0","0");
INSERT INTO order_detail VALUES("49","27","3","1","4","30000","120000","0","0");
INSERT INTO order_detail VALUES("50","27","2","1","5","30000","150000","0","0");
INSERT INTO order_detail VALUES("51","27","3","1","5","30000","150000","0","0");
INSERT INTO order_detail VALUES("52","27","4","1","7","26000","182000","0","0");
INSERT INTO order_detail VALUES("53","28","43","1","8","35000","280000","0","0");
INSERT INTO order_detail VALUES("54","29","2","0","1","24000","24000","0","0");
INSERT INTO order_detail VALUES("55","30","1","1","1","26000","26000","0","0");
INSERT INTO order_detail VALUES("56","30","18","1","1","35000","35000","0","0");
INSERT INTO order_detail VALUES("57","30","39","1","1","38000","38000","0","0");
INSERT INTO order_detail VALUES("58","30","4","1","1","26000","26000","0","0");
INSERT INTO order_detail VALUES("59","31","1","0","1","21000","21000","0","0");
INSERT INTO order_detail VALUES("60","32","43","1","2","35000","70000","0","0");
INSERT INTO order_detail VALUES("61","33","52","1","1","25000","25000","0","0");
INSERT INTO order_detail VALUES("62","34","52","1","1","25000","25000","0","0");
INSERT INTO order_detail VALUES("64","35","52","1","2","25000","50000","0","0");
INSERT INTO order_detail VALUES("65","36","52","1","1","25000","25000","0","0");
INSERT INTO order_detail VALUES("66","37","28","0","1","26000","26000","0","0");
INSERT INTO order_detail VALUES("67","38","2","0","1","24000","24000","0","0");
INSERT INTO order_detail VALUES("68","39","2","0","3","24000","72000","0","0");
INSERT INTO order_detail VALUES("69","40","52","1","1","25000","25000","0","0");
INSERT INTO order_detail VALUES("70","41","52","1","1","25000","25000","0","0");
INSERT INTO order_detail VALUES("71","42","52","1","2","25000","50000","0","0");
INSERT INTO order_detail VALUES("72","43","52","1","4","25000","100000","0","0");
INSERT INTO order_detail VALUES("73","44","52","1","1","25000","25000","0","0");
INSERT INTO order_detail VALUES("74","45","14","1","1","35000","35000","0","0");
INSERT INTO order_detail VALUES("75","45","9","1","1","30000","30000","0","0");
INSERT INTO order_detail VALUES("76","45","12","1","1","35000","35000","0","0");
INSERT INTO order_detail VALUES("77","45","31","1","1","35000","35000","0","0");
INSERT INTO order_detail VALUES("78","46","1","0","3","21000","63000","0","0");
INSERT INTO order_detail VALUES("79","46","3","0","1","24000","24000","0","0");
INSERT INTO order_detail VALUES("80","47","2","0","3","24000","72000","0","0");
INSERT INTO order_detail VALUES("81","47","3","0","1","24000","24000","0","0");
INSERT INTO order_detail VALUES("82","48","1","1","1","26000","26000","0","0");
INSERT INTO order_detail VALUES("83","48","2","1","1","30000","30000","0","0");
INSERT INTO order_detail VALUES("84","48","31","1","1","35000","35000","0","0");
INSERT INTO order_detail VALUES("85","49","1","1","1","26000","26000","0","0");
INSERT INTO order_detail VALUES("86","49","2","1","1","30000","30000","0","0");
INSERT INTO order_detail VALUES("87","49","31","1","1","35000","35000","0","0");
INSERT INTO order_detail VALUES("88","50","1","1","1","26000","26000","0","0");
INSERT INTO order_detail VALUES("90","52","2","0","1","24000","24000","0","0");
INSERT INTO order_detail VALUES("91","53","6","1","1","30000","30000","0","0");
INSERT INTO order_detail VALUES("92","54","6","1","1","30000","30000","0","0");
INSERT INTO order_detail VALUES("93","54","3","1","1","30000","30000","0","0");
INSERT INTO order_detail VALUES("94","54","1","1","1","26000","26000","0","0");
INSERT INTO order_detail VALUES("95","55","6","1","1","30000","30000","0","0");
INSERT INTO order_detail VALUES("96","55","3","1","1","30000","30000","0","0");
INSERT INTO order_detail VALUES("97","56","1","1","1","26000","26000","0","0");
INSERT INTO order_detail VALUES("98","57","14","1","1","35000","35000","0","0");
INSERT INTO order_detail VALUES("99","58","28","1","1","32000","32000","0","0");
INSERT INTO order_detail VALUES("100","58","1","1","1","26000","26000","0","0");
INSERT INTO order_detail VALUES("101","58","2","1","1","30000","30000","0","0");
INSERT INTO order_detail VALUES("102","59","1","1","1","26000","26000","0","0");
INSERT INTO order_detail VALUES("103","59","2","1","1","30000","30000","0","0");
INSERT INTO order_detail VALUES("104","60","52","1","1","25000","25000","0","0");
INSERT INTO order_detail VALUES("105","61","46","1","2","40000","80000","0","0");
INSERT INTO order_detail VALUES("106","62","46","1","3","40000","120000","0","0");
INSERT INTO order_detail VALUES("107","63","47","1","1","35000","35000","0","0");
INSERT INTO order_detail VALUES("108","64","41","1","1","38000","38000","0","0");
INSERT INTO order_detail VALUES("109","65","1","1","1","26000","26000","0","0");
INSERT INTO order_detail VALUES("110","65","19","1","1","30000","30000","0","0");
INSERT INTO order_detail VALUES("111","66","44","1","1","45000","45000","0","0");
INSERT INTO order_detail VALUES("112","67","1","1","1","26000","26000","0","0");
INSERT INTO order_detail VALUES("113","68","3","1","1","30000","30000","0","0");
INSERT INTO order_detail VALUES("114","68","2","1","1","30000","30000","0","0");
INSERT INTO order_detail VALUES("115","68","43","1","1","35000","35000","0","0");
INSERT INTO order_detail VALUES("116","68","44","1","1","45000","45000","0","0");
INSERT INTO order_detail VALUES("117","69","3","1","1","30000","30000","0","0");
INSERT INTO order_detail VALUES("118","69","44","1","4","45000","180000","0","0");
INSERT INTO order_detail VALUES("119","69","43","1","1","35000","35000","0","0");
INSERT INTO order_detail VALUES("120","70","53","1","1","38000","38000","0","0");
INSERT INTO order_detail VALUES("121","71","28","1","1","32000","32000","0","0");
INSERT INTO order_detail VALUES("122","71","39","1","1","38000","38000","0","0");
INSERT INTO order_detail VALUES("123","72","52","1","1","25000","25000","0","0");
INSERT INTO order_detail VALUES("124","73","24","1","1","32000","32000","0","0");
INSERT INTO order_detail VALUES("125","73","39","1","1","38000","38000","0","0");
INSERT INTO order_detail VALUES("126","74","31","1","1","35000","35000","0","0");
INSERT INTO order_detail VALUES("127","75","31","1","1","35000","35000","0","0");
INSERT INTO order_detail VALUES("128","76","14","1","1","35000","35000","0","0");
INSERT INTO order_detail VALUES("129","77","26","1","1","32000","32000","0","0");
INSERT INTO order_detail VALUES("130","78","25","1","1","32000","32000","0","0");
INSERT INTO order_detail VALUES("131","79","15","1","1","40000","40000","0","0");
INSERT INTO order_detail VALUES("132","80","15","1","1","40000","40000","0","0");
INSERT INTO order_detail VALUES("133","80","14","1","1","35000","35000","0","0");
INSERT INTO order_detail VALUES("134","80","18","1","1","35000","35000","0","0");
INSERT INTO order_detail VALUES("135","81","4","1","1","26000","26000","0","0");
INSERT INTO order_detail VALUES("136","81","37","1","1","35000","35000","0","0");
INSERT INTO order_detail VALUES("137","81","32","1","1","35000","35000","0","0");
INSERT INTO order_detail VALUES("138","81","31","1","1","35000","35000","0","0");
INSERT INTO order_detail VALUES("139","81","3","1","1","30000","30000","0","0");
INSERT INTO order_detail VALUES("141","82","32","1","1","35000","35000","0","0");
INSERT INTO order_detail VALUES("142","82","31","1","1","35000","35000","0","0");
INSERT INTO order_detail VALUES("143","82","50","1","1","20000","20000","0","0");
INSERT INTO order_detail VALUES("144","83","24","1","1","32000","32000","0","0");
INSERT INTO order_detail VALUES("145","83","33","1","1","35000","35000","0","0");
INSERT INTO order_detail VALUES("146","84","23","1","1","32000","32000","0","0");
INSERT INTO order_detail VALUES("147","84","26","1","1","32000","32000","0","0");
INSERT INTO order_detail VALUES("148","85","15","1","1","40000","40000","0","0");
INSERT INTO order_detail VALUES("149","85","26","1","1","32000","32000","0","0");
INSERT INTO order_detail VALUES("150","86","32","1","1","35000","35000","0","0");
INSERT INTO order_detail VALUES("151","86","1","1","1","26000","26000","0","0");
INSERT INTO order_detail VALUES("152","87","29","1","1","32000","32000","0","0");
INSERT INTO order_detail VALUES("153","87","26","1","1","32000","32000","0","0");
INSERT INTO order_detail VALUES("154","87","21","1","1","32000","32000","0","0");
INSERT INTO order_detail VALUES("155","88","14","1","1","35000","35000","0","0");
INSERT INTO order_detail VALUES("156","88","31","1","1","35000","35000","0","0");
INSERT INTO order_detail VALUES("157","88","7","1","1","30000","30000","0","0");
INSERT INTO order_detail VALUES("158","89","14","1","1","35000","35000","0","0");
INSERT INTO order_detail VALUES("159","89","31","1","1","35000","35000","0","0");
INSERT INTO order_detail VALUES("160","89","7","1","1","30000","30000","0","0");
INSERT INTO order_detail VALUES("161","89","25","1","1","32000","32000","0","0");
INSERT INTO order_detail VALUES("162","89","1","1","1","26000","26000","0","0");
INSERT INTO order_detail VALUES("163","90","39","1","1","38000","38000","0","0");
INSERT INTO order_detail VALUES("164","91","32","1","1","35000","35000","0","0");
INSERT INTO order_detail VALUES("165","91","31","1","1","35000","35000","0","0");
INSERT INTO order_detail VALUES("166","92","7","1","1","30000","30000","0","0");
INSERT INTO order_detail VALUES("167","93","44","1","1","45000","45000","0","0");
INSERT INTO order_detail VALUES("168","94","31","1","1","35000","35000","0","0");
INSERT INTO order_detail VALUES("169","95","32","1","2","35000","70000","0","0");
INSERT INTO order_detail VALUES("170","95","14","1","1","35000","35000","0","0");
INSERT INTO order_detail VALUES("171","95","25","1","1","32000","32000","0","0");
INSERT INTO order_detail VALUES("172","96","34","0","1","32000","32000","0","0");
INSERT INTO order_detail VALUES("173","97","54","1","1","25000","25000","0","0");
INSERT INTO order_detail VALUES("174","97","18","1","1","35000","35000","0","0");
INSERT INTO order_detail VALUES("175","98","1","1","2","26000","52000","0","0");
INSERT INTO order_detail VALUES("176","98","2","1","1","30000","30000","0","0");
INSERT INTO order_detail VALUES("177","98","3","1","1","30000","30000","0","0");
INSERT INTO order_detail VALUES("178","98","6","1","1","30000","30000","0","0");
INSERT INTO order_detail VALUES("179","98","32","1","1","35000","35000","0","0");
INSERT INTO order_detail VALUES("180","98","19","1","1","30000","30000","0","0");
INSERT INTO order_detail VALUES("181","99","1","1","2","26000","52000","0","0");
INSERT INTO order_detail VALUES("182","99","2","1","1","30000","30000","0","0");
INSERT INTO order_detail VALUES("183","99","3","1","1","30000","30000","0","0");
INSERT INTO order_detail VALUES("184","99","6","1","1","30000","30000","0","0");
INSERT INTO order_detail VALUES("185","99","19","1","1","30000","30000","0","0");
INSERT INTO order_detail VALUES("186","99","32","1","1","35000","35000","0","0");
INSERT INTO order_detail VALUES("187","100","1","1","1","26000","26000","0","0");
INSERT INTO order_detail VALUES("188","100","55","1","1","35000","35000","0","0");
INSERT INTO order_detail VALUES("189","100","45","1","1","40000","40000","0","0");
INSERT INTO order_detail VALUES("190","101","55","1","1","35000","35000","0","0");
INSERT INTO order_detail VALUES("191","102","4","1","1","26000","26000","0","0");
INSERT INTO order_detail VALUES("192","102","7","1","1","30000","30000","0","0");
INSERT INTO order_detail VALUES("193","102","39","1","1","38000","38000","0","0");
INSERT INTO order_detail VALUES("194","102","26","1","1","32000","32000","0","0");
INSERT INTO order_detail VALUES("195","103","10","1","1","30000","30000","0","0");
INSERT INTO order_detail VALUES("196","103","18","1","1","35000","35000","0","0");
INSERT INTO order_detail VALUES("197","103","47","1","1","35000","35000","0","0");
INSERT INTO order_detail VALUES("198","104","1","1","1","26000","26000","0","0");
INSERT INTO order_detail VALUES("199","105","1","1","1","26000","26000","0","0");
INSERT INTO order_detail VALUES("200","105","3","1","1","30000","30000","0","0");
INSERT INTO order_detail VALUES("201","106","1","1","1","26000","26000","0","0");
INSERT INTO order_detail VALUES("202","106","1","1","1","26000","26000","0","0");
INSERT INTO order_detail VALUES("203","107","43","1","3","35000","105000","0","0");
INSERT INTO order_detail VALUES("204","108","52","1","3","25000","75000","0","0");
INSERT INTO order_detail VALUES("205","109","52","1","1","25000","25000","0","0");
INSERT INTO order_detail VALUES("206","110","55","1","2","35000","70000","0","0");
INSERT INTO order_detail VALUES("207","111","52","1","1","25000","25000","0","0");
INSERT INTO order_detail VALUES("208","112","2","1","1","30000","30000","0","0");
INSERT INTO order_detail VALUES("209","112","10","1","1","30000","30000","0","0");
INSERT INTO order_detail VALUES("210","112","21","1","1","32000","32000","0","0");
INSERT INTO order_detail VALUES("211","112","43","1","2","35000","70000","0","0");
INSERT INTO order_detail VALUES("212","112","54","1","3","25000","75000","0","0");
INSERT INTO order_detail VALUES("213","112","56","1","1","18000","18000","0","0");
INSERT INTO order_detail VALUES("214","113","1","1","2","26000","52000","0","0");
INSERT INTO order_detail VALUES("215","113","55","1","1","35000","35000","0","0");
INSERT INTO order_detail VALUES("216","114","1","1","1","26000","26000","0","0");
INSERT INTO order_detail VALUES("217","114","27","1","1","32000","32000","0","0");
INSERT INTO order_detail VALUES("218","115","31","1","1","35000","35000","0","0");
INSERT INTO order_detail VALUES("219","116","1","1","1","26000","26000","0","0");
INSERT INTO order_detail VALUES("220","117","22","1","1","32000","32000","0","0");
INSERT INTO order_detail VALUES("221","117","11","1","1","35000","35000","0","0");
INSERT INTO order_detail VALUES("222","118","2","1","1","30000","30000","0","0");
INSERT INTO order_detail VALUES("223","119","22","0","1","26000","26000","0","0");
INSERT INTO order_detail VALUES("224","120","31","1","1","35000","35000","0","0");
INSERT INTO order_detail VALUES("225","121","5","1","2","30000","60000","0","0");
INSERT INTO order_detail VALUES("226","121","3","1","1","30000","30000","0","0");
INSERT INTO order_detail VALUES("227","122","23","1","1","32000","32000","0","0");
INSERT INTO order_detail VALUES("228","122","39","1","1","38000","38000","0","0");
INSERT INTO order_detail VALUES("229","123","32","1","1","35000","35000","0","0");
INSERT INTO order_detail VALUES("230","123","39","1","2","38000","76000","0","0");
INSERT INTO order_detail VALUES("231","124","1","1","1","26000","26000","0","0");
INSERT INTO order_detail VALUES("232","125","2","1","1","30000","30000","0","0");
INSERT INTO order_detail VALUES("233","125","28","1","1","32000","32000","0","0");
INSERT INTO order_detail VALUES("234","125","32","1","1","35000","35000","0","0");
INSERT INTO order_detail VALUES("235","126","1","1","4","26000","104000","0","0");
INSERT INTO order_detail VALUES("236","127","1","1","6","26000","156000","0","0");
INSERT INTO order_detail VALUES("237","128","52","1","2","25000","50000","0","0");
INSERT INTO order_detail VALUES("238","129","52","1","5","25000","125000","0","0");
INSERT INTO order_detail VALUES("239","130","43","1","1","35000","35000","0","0");
INSERT INTO order_detail VALUES("240","130","31","1","1","35000","35000","0","0");
INSERT INTO order_detail VALUES("241","131","6","1","1","30000","30000","0","0");
INSERT INTO order_detail VALUES("242","131","43","1","2","35000","70000","0","0");
INSERT INTO order_detail VALUES("243","131","31","1","1","35000","35000","0","0");
INSERT INTO order_detail VALUES("244","132","43","1","1","35000","35000","0","0");
INSERT INTO order_detail VALUES("245","132","1","1","1","26000","26000","0","0");
INSERT INTO order_detail VALUES("246","132","48","1","1","35000","35000","0","0");
INSERT INTO order_detail VALUES("247","133","52","1","1","25000","25000","0","0");
INSERT INTO order_detail VALUES("248","134","52","1","2","25000","50000","0","0");
INSERT INTO order_detail VALUES("249","135","3","1","1","30000","30000","0","0");
INSERT INTO order_detail VALUES("250","135","57","1","1","3000","30000","0","0");
INSERT INTO order_detail VALUES("251","136","2","1","2","30000","60000","0","0");
INSERT INTO order_detail VALUES("252","136","58","1","2","30000","60000","0","0");
INSERT INTO order_detail VALUES("253","137","1","1","2","26000","52000","0","0");
INSERT INTO order_detail VALUES("254","137","59","1","1","2500","25000","0","0");
INSERT INTO order_detail VALUES("255","138","20","1","1","40000","40000","0","0");
INSERT INTO order_detail VALUES("256","139","2","1","1","30000","30000","0","0");
INSERT INTO order_detail VALUES("257","139","6","1","1","30000","30000","0","0");
INSERT INTO order_detail VALUES("258","140","42","1","1","20000","20000","0","0");
INSERT INTO order_detail VALUES("259","141","23","1","1","32000","32000","0","0");
INSERT INTO order_detail VALUES("260","141","2","1","1","30000","30000","0","0");
INSERT INTO order_detail VALUES("263","144","23","1","1","32000","32000","0","0");
INSERT INTO order_detail VALUES("264","144","2","1","1","30000","30000","0","0");
INSERT INTO order_detail VALUES("265","145","3","1","1","30000","30000","0","0");
INSERT INTO order_detail VALUES("266","145","10","1","1","30000","30000","0","0");
INSERT INTO order_detail VALUES("267","146","6","1","1","30000","30000","0","0");
INSERT INTO order_detail VALUES("268","146","8","1","1","30000","30000","0","0");
INSERT INTO order_detail VALUES("269","147","1","1","1","26000","26000","0","0");
INSERT INTO order_detail VALUES("271","147","8","1","2","30000","60000","0","0");
INSERT INTO order_detail VALUES("272","147","20","1","1","40000","40000","0","0");
INSERT INTO order_detail VALUES("273","148","52","1","3","25000","75000","0","0");
INSERT INTO order_detail VALUES("274","149","52","1","4","25000","100000","0","0");
INSERT INTO order_detail VALUES("275","150","47","1","1","35000","35000","0","0");
INSERT INTO order_detail VALUES("276","150","12","1","1","35000","35000","0","0");
INSERT INTO order_detail VALUES("277","151","1","1","1","26000","26000","0","0");
INSERT INTO order_detail VALUES("278","151","3","1","1","30000","30000","0","0");
INSERT INTO order_detail VALUES("279","151","6","1","1","30000","30000","0","0");
INSERT INTO order_detail VALUES("280","152","31","1","1","35000","35000","0","0");
INSERT INTO order_detail VALUES("281","152","42","1","1","20000","20000","0","0");
INSERT INTO order_detail VALUES("282","153","31","1","1","35000","35000","0","0");
INSERT INTO order_detail VALUES("283","154","31","1","1","35000","35000","0","0");
INSERT INTO order_detail VALUES("284","154","37","1","1","35000","35000","0","0");
INSERT INTO order_detail VALUES("285","154","34","1","1","40000","40000","0","0");
INSERT INTO order_detail VALUES("286","154","32","1","1","35000","35000","0","0");
INSERT INTO order_detail VALUES("287","155","2","1","1","30000","30000","0","0");
INSERT INTO order_detail VALUES("288","155","50","1","1","20000","20000","0","0");
INSERT INTO order_detail VALUES("289","156","41","1","2","38000","76000","0","0");
INSERT INTO order_detail VALUES("290","156","26","1","1","32000","32000","0","0");
INSERT INTO order_detail VALUES("291","156","33","1","1","35000","35000","0","0");
INSERT INTO order_detail VALUES("292","156","7","1","1","30000","30000","0","0");
INSERT INTO order_detail VALUES("293","157","26","1","1","32000","32000","0","0");
INSERT INTO order_detail VALUES("294","157","22","1","1","32000","32000","0","0");
INSERT INTO order_detail VALUES("295","158","1","1","2","26000","52000","0","0");
INSERT INTO order_detail VALUES("296","158","2","1","1","30000","30000","0","0");
INSERT INTO order_detail VALUES("297","158","8","1","1","30000","30000","0","0");
INSERT INTO order_detail VALUES("298","158","6","1","2","30000","60000","0","0");
INSERT INTO order_detail VALUES("299","159","43","1","4","35000","140000","0","0");
INSERT INTO order_detail VALUES("300","160","43","1","2","35000","70000","0","0");
INSERT INTO order_detail VALUES("301","161","52","1","2","25000","50000","0","0");
INSERT INTO order_detail VALUES("302","162","1","1","1","26000","26000","0","0");
INSERT INTO order_detail VALUES("303","163","1","1","1","26000","26000","0","0");
INSERT INTO order_detail VALUES("304","163","12","1","1","35000","35000","0","0");
INSERT INTO order_detail VALUES("305","164","52","1","2","25000","50000","0","0");
INSERT INTO order_detail VALUES("306","165","43","1","2","35000","70000","0","0");
INSERT INTO order_detail VALUES("307","166","8","1","1","30000","30000","0","0");
INSERT INTO order_detail VALUES("308","166","60","1","1","25000","25000","0","0");
INSERT INTO order_detail VALUES("309","167","43","1","2","35000","70000","0","0");
INSERT INTO order_detail VALUES("310","167","6","1","1","30000","30000","0","0");
INSERT INTO order_detail VALUES("311","167","62","1","1","25000","25000","0","0");
INSERT INTO order_detail VALUES("312","167","63","1","1","25000","25000","0","0");
INSERT INTO order_detail VALUES("313","167","64","1","1","30000","30000","0","0");
INSERT INTO order_detail VALUES("314","168","43","1","2","35000","70000","0","0");
INSERT INTO order_detail VALUES("315","168","65","1","1","30000","30000","0","0");
INSERT INTO order_detail VALUES("316","168","66","1","1","25000","25000","0","0");
INSERT INTO order_detail VALUES("317","168","6","1","1","30000","30000","0","0");
INSERT INTO order_detail VALUES("318","168","67","1","1","25000","25000","0","0");
INSERT INTO order_detail VALUES("319","169","22","1","2","32000","64000","0","0");
INSERT INTO order_detail VALUES("320","170","2","1","1","30000","30000","0","0");
INSERT INTO order_detail VALUES("321","170","3","1","1","30000","30000","0","0");
INSERT INTO order_detail VALUES("322","170","1","1","1","26000","26000","0","0");
INSERT INTO order_detail VALUES("323","171","2","1","1","30000","30000","0","0");
INSERT INTO order_detail VALUES("324","171","3","1","1","30000","30000","0","0");
INSERT INTO order_detail VALUES("325","171","1","1","1","26000","26000","0","0");
INSERT INTO order_detail VALUES("326","172","2","1","1","30000","30000","0","0");
INSERT INTO order_detail VALUES("328","173","2","1","1","30000","30000","0","0");
INSERT INTO order_detail VALUES("330","174","1","1","2","26000","52000","0","0");
INSERT INTO order_detail VALUES("332","175","1","1","2","26000","52000","0","0");
INSERT INTO order_detail VALUES("334","176","1","1","1","26000","26000","0","0");
INSERT INTO order_detail VALUES("336","177","2","1","1","30000","30000","0","0");
INSERT INTO order_detail VALUES("337","177","46","1","2","40000","80000","0","0");
INSERT INTO order_detail VALUES("338","178","32","1","1","35000","35000","0","0");
INSERT INTO order_detail VALUES("339","179","52","1","3","25000","75000","0","0");
INSERT INTO order_detail VALUES("340","180","52","1","1","25000","25000","0","0");
INSERT INTO order_detail VALUES("341","181","43","1","2","35000","70000","0","0");
INSERT INTO order_detail VALUES("342","182","52","1","2","25000","50000","0","0");
INSERT INTO order_detail VALUES("343","183","43","1","3","35000","105000","0","0");
INSERT INTO order_detail VALUES("344","184","2","1","1","30000","30000","0","0");
INSERT INTO order_detail VALUES("345","185","1","1","1","26000","26000","0","0");
INSERT INTO order_detail VALUES("346","186","2","1","1","30000","30000","0","0");
INSERT INTO order_detail VALUES("347","186","31","1","1","35000","35000","0","0");
INSERT INTO order_detail VALUES("348","186","73","1","1","30000","30000","0","0");
INSERT INTO order_detail VALUES("349","187","30","1","1","27000","27000","0","0");
INSERT INTO order_detail VALUES("350","188","74","1","1","35000","35000","0","0");
INSERT INTO order_detail VALUES("351","189","42","1","1","20000","20000","0","0");
INSERT INTO order_detail VALUES("352","190","75","1","1","30000","30000","0","0");
INSERT INTO order_detail VALUES("353","191","76","1","1","30000","30000","0","0");
INSERT INTO order_detail VALUES("354","192","43","1","1","35000","35000","0","0");
INSERT INTO order_detail VALUES("355","192","52","1","1","25000","25000","0","0");
INSERT INTO order_detail VALUES("356","193","52","1","1","25000","25000","0","0");
INSERT INTO order_detail VALUES("357","194","1","1","2","26000","52000","0","0");
INSERT INTO order_detail VALUES("358","194","8","1","1","30000","30000","0","0");
INSERT INTO order_detail VALUES("359","194","78","1","1","28000","28000","0","0");
INSERT INTO order_detail VALUES("360","194","33","1","1","35000","35000","0","0");
INSERT INTO order_detail VALUES("361","195","31","1","1","35000","35000","0","0");
INSERT INTO order_detail VALUES("362","196","42","1","2","20000","40000","0","0");
INSERT INTO order_detail VALUES("363","197","42","1","2","20000","40000","0","0");
INSERT INTO order_detail VALUES("364","198","25","1","1","32000","32000","0","0");
INSERT INTO order_detail VALUES("365","199","2","0","1","24000","24000","0","0");
INSERT INTO order_detail VALUES("366","199","4","0","1","21000","21000","0","0");
INSERT INTO order_detail VALUES("367","199","3","0","2","24000","48000","0","0");
INSERT INTO order_detail VALUES("368","200","44","1","1","45000","45000","0","0");
INSERT INTO order_detail VALUES("369","200","26","1","1","32000","32000","0","0");
INSERT INTO order_detail VALUES("370","201","2","1","1","30000","30000","0","0");
INSERT INTO order_detail VALUES("371","201","3","1","1","30000","30000","0","0");
INSERT INTO order_detail VALUES("372","202","2","1","1","30000","30000","0","0");
INSERT INTO order_detail VALUES("373","202","34","1","1","40000","40000","0","0");
INSERT INTO order_detail VALUES("374","203","6","1","1","30000","30000","0","0");
INSERT INTO order_detail VALUES("375","204","9","1","1","30000","30000","0","0");
INSERT INTO order_detail VALUES("376","204","11","1","1","35000","35000","0","0");
INSERT INTO order_detail VALUES("377","205","2","1","1","30000","30000","0","0");
INSERT INTO order_detail VALUES("378","205","6","1","1","30000","30000","0","0");
INSERT INTO order_detail VALUES("379","206","1","1","1","26000","26000","0","0");
INSERT INTO order_detail VALUES("380","206","8","1","1","30000","30000","0","0");
INSERT INTO order_detail VALUES("381","206","47","1","1","35000","35000","0","0");
INSERT INTO order_detail VALUES("382","207","32","1","1","35000","35000","0","0");
INSERT INTO order_detail VALUES("383","207","31","1","1","35000","35000","0","0");
INSERT INTO order_detail VALUES("384","207","5","1","1","30000","30000","0","0");
INSERT INTO order_detail VALUES("385","207","44","1","1","45000","45000","0","0");
INSERT INTO order_detail VALUES("386","208","47","1","2","35000","70000","0","0");
INSERT INTO order_detail VALUES("387","209","31","1","2","35000","70000","0","0");
INSERT INTO order_detail VALUES("388","210","44","1","1","45000","45000","0","0");
INSERT INTO order_detail VALUES("389","210","5","1","1","30000","30000","0","0");
INSERT INTO order_detail VALUES("390","210","32","1","1","35000","35000","0","0");
INSERT INTO order_detail VALUES("391","210","31","1","1","35000","35000","0","0");
INSERT INTO order_detail VALUES("392","211","47","1","2","35000","70000","0","0");
INSERT INTO order_detail VALUES("393","211","44","1","1","45000","45000","0","0");
INSERT INTO order_detail VALUES("394","211","5","1","1","30000","30000","0","0");
INSERT INTO order_detail VALUES("395","211","32","1","1","35000","35000","0","0");
INSERT INTO order_detail VALUES("396","211","31","1","1","35000","35000","0","0");
INSERT INTO order_detail VALUES("397","212","22","1","1","32000","32000","0","0");
INSERT INTO order_detail VALUES("398","212","23","1","1","32000","32000","0","0");
INSERT INTO order_detail VALUES("399","213","40","1","1","38000","38000","0","0");
INSERT INTO order_detail VALUES("400","213","25","1","1","32000","32000","0","0");
INSERT INTO order_detail VALUES("401","213","33","1","1","35000","35000","0","0");
INSERT INTO order_detail VALUES("402","214","52","1","2","25000","50000","0","0");
INSERT INTO order_detail VALUES("403","215","1","1","1","26000","26000","0","0");
INSERT INTO order_detail VALUES("404","215","43","1","3","35000","105000","0","0");
INSERT INTO order_detail VALUES("405","215","6","1","1","30000","30000","0","0");
INSERT INTO order_detail VALUES("406","215","80","1","1","30000","30000","0","0");
INSERT INTO order_detail VALUES("407","216","52","1","2","25000","50000","0","0");
INSERT INTO order_detail VALUES("408","217","52","1","2","25000","50000","0","0");
INSERT INTO order_detail VALUES("409","218","39","1","1","38000","38000","0","0");
INSERT INTO order_detail VALUES("410","219","52","1","1","25000","25000","0","0");
INSERT INTO order_detail VALUES("411","220","37","1","1","35000","35000","0","0");
INSERT INTO order_detail VALUES("412","220","2","1","1","30000","30000","0","0");
INSERT INTO order_detail VALUES("413","221","2","1","1","30000","30000","0","0");
INSERT INTO order_detail VALUES("414","222","1","1","1","26000","26000","0","0");
INSERT INTO order_detail VALUES("415","223","2","1","1","30000","30000","0","0");
INSERT INTO order_detail VALUES("416","224","47","1","1","35000","35000","0","0");
INSERT INTO order_detail VALUES("417","224","46","1","1","40000","40000","0","0");
INSERT INTO order_detail VALUES("418","224","11","0","1","28000","28000","0","0");
INSERT INTO order_detail VALUES("419","224","39","0","1","31000","31000","0","0");
INSERT INTO order_detail VALUES("420","225","47","1","2","35000","70000","0","0");
INSERT INTO order_detail VALUES("421","225","46","1","1","40000","40000","0","0");
INSERT INTO order_detail VALUES("422","225","11","0","1","28000","28000","0","0");
INSERT INTO order_detail VALUES("423","225","39","0","1","31000","31000","0","0");
INSERT INTO order_detail VALUES("424","226","5","1","1","30000","30000","0","0");
INSERT INTO order_detail VALUES("425","226","83","1","1","38000","38000","0","0");
INSERT INTO order_detail VALUES("426","227","18","1","1","30000","30000","0","0");
INSERT INTO order_detail VALUES("427","228","1","1","1","26000","26000","0","0");
INSERT INTO order_detail VALUES("428","229","52","1","3","25000","75000","0","0");
INSERT INTO order_detail VALUES("429","230","52","1","1","25000","25000","0","0");
INSERT INTO order_detail VALUES("430","231","1","0","1","21000","21000","0","0");
INSERT INTO order_detail VALUES("431","231","52","1","1","25000","25000","0","0");
INSERT INTO order_detail VALUES("432","232","52","1","1","25000","25000","0","0");
INSERT INTO order_detail VALUES("433","233","43","1","1","35000","35000","0","0");
INSERT INTO order_detail VALUES("434","233","1","1","1","26000","26000","0","0");
INSERT INTO order_detail VALUES("435","234","22","1","1","32000","32000","0","0");
INSERT INTO order_detail VALUES("436","235","31","1","1","38000","38000","0","0");
INSERT INTO order_detail VALUES("437","235","34","1","1","38000","38000","0","0");
INSERT INTO order_detail VALUES("438","236","54","1","1","30000","30000","0","0");
INSERT INTO order_detail VALUES("439","237","54","1","1","30000","30000","0","0");
INSERT INTO order_detail VALUES("440","238","20","1","1","35000","35000","0","0");
INSERT INTO order_detail VALUES("441","238","35","1","1","40000","40000","0","0");
INSERT INTO order_detail VALUES("442","238","43","1","1","35000","35000","0","0");
INSERT INTO order_detail VALUES("443","238","47","1","1","35000","35000","0","0");
INSERT INTO order_detail VALUES("444","239","52","1","2","25000","50000","0","0");
INSERT INTO order_detail VALUES("445","240","46","1","1","45000","45000","0","0");
INSERT INTO order_detail VALUES("446","240","31","1","1","38000","38000","0","0");
INSERT INTO order_detail VALUES("447","241","20","1","1","35000","35000","0","0");
INSERT INTO order_detail VALUES("448","241","43","1","1","35000","35000","0","0");
INSERT INTO order_detail VALUES("449","241","47","1","1","35000","35000","0","0");
INSERT INTO order_detail VALUES("450","242","52","1","2","25000","50000","0","0");
INSERT INTO order_detail VALUES("451","243","43","1","2","35000","70000","0","0");
INSERT INTO order_detail VALUES("452","244","52","1","1","25000","25000","0","0");
INSERT INTO order_detail VALUES("453","245","31","1","1","38000","38000","0","0");
INSERT INTO order_detail VALUES("454","246","7","1","1","30000","30000","0","0");
INSERT INTO order_detail VALUES("455","247","26","1","1","32000","32000","0","0");
INSERT INTO order_detail VALUES("456","247","28","1","1","32000","32000","0","0");
INSERT INTO order_detail VALUES("457","248","92","1","10","10000","100000","0","0");
INSERT INTO order_detail VALUES("458","249","10","1","1","30000","30000","0","0");
INSERT INTO order_detail VALUES("459","249","13","1","1","35000","35000","0","0");
INSERT INTO order_detail VALUES("460","250","35","1","1","40000","40000","0","0");
INSERT INTO order_detail VALUES("461","251","54","1","2","30000","60000","0","0");
INSERT INTO order_detail VALUES("462","252","1","1","1","26000","26000","0","0");
INSERT INTO order_detail VALUES("463","252","2","1","1","30000","30000","0","0");
INSERT INTO order_detail VALUES("464","252","54","1","1","30000","30000","0","0");
INSERT INTO order_detail VALUES("465","252","44","1","1","45000","45000","0","0");
INSERT INTO order_detail VALUES("466","253","43","1","2","35000","70000","0","0");
INSERT INTO order_detail VALUES("467","253","6","1","2","30000","60000","0","0");
INSERT INTO order_detail VALUES("468","253","53","1","1","38000","38000","0","0");
INSERT INTO order_detail VALUES("469","254","52","0","3","25000","75000","0","0");
INSERT INTO order_detail VALUES("470","255","43","1","5","35000","175000","0","0");
INSERT INTO order_detail VALUES("471","255","35","1","1","40000","40000","0","0");
INSERT INTO order_detail VALUES("472","256","43","1","2","35000","70000","0","0");
INSERT INTO order_detail VALUES("473","256","34","1","1","38000","38000","0","0");
INSERT INTO order_detail VALUES("474","257","52","1","2","25000","50000","0","0");
INSERT INTO order_detail VALUES("475","258","43","1","2","35000","70000","0","0");
INSERT INTO order_detail VALUES("476","258","52","1","3","25000","75000","0","0");
INSERT INTO order_detail VALUES("477","258","1","1","1","26000","26000","0","0");
INSERT INTO order_detail VALUES("478","259","52","1","1","25000","25000","0","0");
INSERT INTO order_detail VALUES("479","260","52","1","1","25000","25000","0","0");
INSERT INTO order_detail VALUES("480","261","43","1","1","35000","35000","0","0");
INSERT INTO order_detail VALUES("481","261","31","1","2","38000","76000","0","0");
INSERT INTO order_detail VALUES("482","261","1","1","1","26000","26000","0","0");
INSERT INTO order_detail VALUES("483","261","2","1","1","30000","30000","0","0");
INSERT INTO order_detail VALUES("484","262","1","1","1","26000","26000","0","0");
INSERT INTO order_detail VALUES("485","262","1","1","1","26000","26000","0","0");
INSERT INTO order_detail VALUES("486","262","3","1","1","30000","30000","0","0");
INSERT INTO order_detail VALUES("487","263","1","1","1","26000","26000","0","0");
INSERT INTO order_detail VALUES("488","263","3","1","1","30000","30000","0","0");
INSERT INTO order_detail VALUES("489","263","1","1","1","26000","26000","0","0");
INSERT INTO order_detail VALUES("490","264","3","1","1","30000","30000","0","0");
INSERT INTO order_detail VALUES("491","264","2","1","1","30000","30000","0","0");
INSERT INTO order_detail VALUES("492","264","1","1","1","26000","26000","0","0");
INSERT INTO order_detail VALUES("493","264","4","1","1","26000","26000","0","0");
INSERT INTO order_detail VALUES("497","265","2","1","1","30000","30000","0","0");
INSERT INTO order_detail VALUES("498","265","4","1","1","26000","26000","0","0");
INSERT INTO order_detail VALUES("499","265","2","1","1","30000","30000","0","0");
INSERT INTO order_detail VALUES("500","265","3","1","1","30000","30000","0","0");
INSERT INTO order_detail VALUES("502","266","1","1","1","26000","26000","0","0");
INSERT INTO order_detail VALUES("503","266","1","1","1","26000","26000","0","0");
INSERT INTO order_detail VALUES("504","267","1","1","1","26000","26000","0","0");
INSERT INTO order_detail VALUES("505","267","6","1","1","30000","30000","0","0");
INSERT INTO order_detail VALUES("506","268","31","1","1","38000","38000","0","0");
INSERT INTO order_detail VALUES("508","269","1","1","1","26000","26000","0","0");
INSERT INTO order_detail VALUES("509","269","16","1","1","30000","30000","0","0");
INSERT INTO order_detail VALUES("512","270","1","1","1","26000","26000","0","0");
INSERT INTO order_detail VALUES("513","270","6","1","1","30000","30000","0","0");
INSERT INTO order_detail VALUES("514","271","31","1","1","38000","38000","0","0");
INSERT INTO order_detail VALUES("515","272","31","1","1","38000","38000","0","0");
INSERT INTO order_detail VALUES("517","273","31","1","1","38000","38000","0","0");
INSERT INTO order_detail VALUES("520","274","17","1","1","40000","40000","0","0");
INSERT INTO order_detail VALUES("521","274","28","1","1","32000","32000","0","0");
INSERT INTO order_detail VALUES("535","280","4","1","1","26000","26000","0","0");
INSERT INTO order_detail VALUES("536","280","5","1","1","30000","30000","0","0");
INSERT INTO order_detail VALUES("537","284","2","1","1","30000","30000","0","0");
INSERT INTO order_detail VALUES("538","284","2","1","1","30000","30000","0","0");
INSERT INTO order_detail VALUES("539","284","4","1","1","26000","26000","0","0");
INSERT INTO order_detail VALUES("540","284","3","1","1","30000","30000","0","0");
INSERT INTO order_detail VALUES("543","286","31","1","1","38000","38000","0","0");
INSERT INTO order_detail VALUES("547","285","1","1","1","26000","26000","0","0");
INSERT INTO order_detail VALUES("548","285","43","1","1","35000","35000","0","0");
INSERT INTO order_detail VALUES("551","289","52","1","1","25000","25000","0","0");
INSERT INTO order_detail VALUES("552","290","43","1","2","35000","70000","0","0");
INSERT INTO order_detail VALUES("553","291","52","1","2","25000","50000","0","0");
INSERT INTO order_detail VALUES("554","288","43","1","3","35000","105000","0","0");
INSERT INTO order_detail VALUES("555","292","43","1","2","35000","70000","0","0");
INSERT INTO order_detail VALUES("557","294","52","1","3","25000","75000","0","0");
INSERT INTO order_detail VALUES("560","295","52","1","1","25000","25000","0","0");
INSERT INTO order_detail VALUES("564","297","52","1","2","25000","50000","0","0");
INSERT INTO order_detail VALUES("565","298","5","1","1","30000","30000","0","0");
INSERT INTO order_detail VALUES("566","299","31","1","1","38000","38000","0","0");
INSERT INTO order_detail VALUES("567","300","7","0","1","24000","24000","0","0");
INSERT INTO order_detail VALUES("573","301","41","1","1","38000","38000","0","0");
INSERT INTO order_detail VALUES("574","303","37","1","1","38000","38000","0","0");
INSERT INTO order_detail VALUES("575","303","36","1","1","38000","38000","0","0");
INSERT INTO order_detail VALUES("580","304","2","1","1","30000","30000","0","0");
INSERT INTO order_detail VALUES("581","304","17","1","1","40000","40000","0","0");
INSERT INTO order_detail VALUES("582","305","26","1","1","32000","32000","0","0");
INSERT INTO order_detail VALUES("583","305","34","1","2","38000","76000","0","0");
INSERT INTO order_detail VALUES("587","306","88","1","1","35000","35000","0","0");
INSERT INTO order_detail VALUES("588","306","26","1","1","32000","32000","0","0");
INSERT INTO order_detail VALUES("589","306","31","1","1","38000","38000","0","0");
INSERT INTO order_detail VALUES("591","308","2","1","1","30000","30000","0","0");
INSERT INTO order_detail VALUES("593","310","52","1","1","25000","25000","0","0");
INSERT INTO order_detail VALUES("597","311","43","1","2","35000","70000","0","0");
INSERT INTO order_detail VALUES("598","311","88","1","1","35000","35000","0","0");
INSERT INTO order_detail VALUES("602","313","89","1","2","40000","80000","0","0");
INSERT INTO order_detail VALUES("603","312","43","1","1","35000","35000","0","0");
INSERT INTO order_detail VALUES("604","312","1","1","1","26000","26000","0","0");
INSERT INTO order_detail VALUES("605","309","52","1","4","25000","100000","0","0");
INSERT INTO order_detail VALUES("606","314","43","1","1","35000","35000","0","0");
INSERT INTO order_detail VALUES("607","314","89","1","1","40000","40000","0","0");
INSERT INTO order_detail VALUES("608","314","31","1","1","38000","38000","0","0");
INSERT INTO order_detail VALUES("612","315","1","1","1","26000","26000","0","0");
INSERT INTO order_detail VALUES("613","315","2","1","1","30000","30000","0","0");
INSERT INTO order_detail VALUES("614","315","4","1","1","26000","26000","0","0");
INSERT INTO order_detail VALUES("619","316","36","1","1","38000","38000","0","0");
INSERT INTO order_detail VALUES("620","316","55","1","1","30000","30000","0","0");
INSERT INTO order_detail VALUES("621","317","2","1","1","30000","30000","0","0");
INSERT INTO order_detail VALUES("622","317","31","1","1","38000","38000","0","0");
INSERT INTO order_detail VALUES("624","318","24","1","1","32000","32000","0","0");
INSERT INTO order_detail VALUES("626","319","6","1","1","30000","30000","0","0");
INSERT INTO order_detail VALUES("633","321","46","1","2","45000","90000","0","0");
INSERT INTO order_detail VALUES("637","322","4","1","2","26000","52000","0","0");
INSERT INTO order_detail VALUES("638","322","2","1","1","30000","30000","0","0");
INSERT INTO order_detail VALUES("639","322","8","1","1","30000","30000","0","0");
INSERT INTO order_detail VALUES("651","324","35","1","4","40000","160000","0","0");
INSERT INTO order_detail VALUES("652","324","83","1","1","38000","38000","0","0");
INSERT INTO order_detail VALUES("653","324","38","1","3","40000","120000","0","0");
INSERT INTO order_detail VALUES("654","324","47","1","3","35000","105000","0","0");
INSERT INTO order_detail VALUES("655","324","33","1","1","40000","40000","0","0");
INSERT INTO order_detail VALUES("656","324","17","1","1","40000","40000","0","0");
INSERT INTO order_detail VALUES("657","324","85","1","2","35000","70000","0","0");
INSERT INTO order_detail VALUES("658","324","26","1","1","32000","32000","0","0");
INSERT INTO order_detail VALUES("659","324","37","1","1","38000","38000","0","0");
INSERT INTO order_detail VALUES("660","323","31","1","1","38000","38000","0","0");
INSERT INTO order_detail VALUES("661","323","35","1","1","40000","40000","0","0");
INSERT INTO order_detail VALUES("662","320","31","1","2","38000","76000","0","0");
INSERT INTO order_detail VALUES("663","325","1","1","1","26000","26000","0","0");
INSERT INTO order_detail VALUES("664","325","2","1","1","30000","30000","0","0");
INSERT INTO order_detail VALUES("668","328","18","1","1","30000","30000","0","0");
INSERT INTO order_detail VALUES("669","328","36","1","1","38000","38000","0","0");
INSERT INTO order_detail VALUES("670","329","89","1","1","40000","40000","0","0");
INSERT INTO order_detail VALUES("671","326","34","1","1","38000","38000","0","0");
INSERT INTO order_detail VALUES("672","326","24","1","1","32000","32000","0","0");
INSERT INTO order_detail VALUES("673","327","89","1","2","40000","80000","0","0");
INSERT INTO order_detail VALUES("674","327","2","1","1","30000","30000","0","0");
INSERT INTO order_detail VALUES("675","330","1","1","1","26000","26000","0","0");
INSERT INTO order_detail VALUES("676","330","41","1","1","38000","38000","0","0");
INSERT INTO order_detail VALUES("677","330","55","1","1","30000","30000","0","0");
INSERT INTO order_detail VALUES("678","331","31","1","3","38000","114000","0","0");
INSERT INTO order_detail VALUES("679","331","6","1","1","30000","30000","0","0");
INSERT INTO order_detail VALUES("680","332","13","1","1","35000","35000","0","0");
INSERT INTO order_detail VALUES("693","334","31","1","1","38000","38000","0","0");
INSERT INTO order_detail VALUES("694","334","4","1","1","26000","26000","0","0");
INSERT INTO order_detail VALUES("695","334","45","1","1","40000","40000","0","0");
INSERT INTO order_detail VALUES("696","334","46","1","1","45000","45000","0","0");
INSERT INTO order_detail VALUES("697","335","2","1","1","30000","30000","0","0");
INSERT INTO order_detail VALUES("698","335","32","1","1","38000","38000","0","0");
INSERT INTO order_detail VALUES("699","333","28","1","1","32000","32000","0","0");
INSERT INTO order_detail VALUES("700","333","13","1","1","35000","35000","0","0");
INSERT INTO order_detail VALUES("703","336","46","1","1","45000","45000","0","0");
INSERT INTO order_detail VALUES("704","336","31","0","1","32000","32000","0","0");
INSERT INTO order_detail VALUES("705","337","93","1","1","40000","40000","0","0");
INSERT INTO order_detail VALUES("708","339","52","1","2","25000","50000","0","0");
INSERT INTO order_detail VALUES("709","340","52","1","2","25000","50000","0","0");
INSERT INTO order_detail VALUES("710","338","43","1","3","35000","105000","0","0");
INSERT INTO order_detail VALUES("711","341","52","1","1","25000","25000","0","0");
INSERT INTO order_detail VALUES("712","342","43","1","1","35000","35000","0","0");
INSERT INTO order_detail VALUES("713","342","31","1","1","38000","38000","0","0");
INSERT INTO order_detail VALUES("714","343","52","1","1","25000","25000","0","0");
INSERT INTO order_detail VALUES("715","344","43","1","2","35000","70000","0","0");
INSERT INTO order_detail VALUES("716","344","81","1","1","30000","30000","0","0");
INSERT INTO order_detail VALUES("717","344","20","1","1","35000","35000","0","0");
INSERT INTO order_detail VALUES("718","345","52","1","2","25000","50000","0","0");
INSERT INTO order_detail VALUES("719","346","95","1","1","42000","42000","0","0");
INSERT INTO order_detail VALUES("720","347","13","1","1","35000","35000","0","0");
INSERT INTO order_detail VALUES("721","348","1","1","1","26000","26000","0","0");
INSERT INTO order_detail VALUES("722","349","20","1","1","35000","35000","0","0");
INSERT INTO order_detail VALUES("723","349","12","1","2","35000","70000","0","0");
INSERT INTO order_detail VALUES("724","349","45","1","1","40000","40000","0","0");
INSERT INTO order_detail VALUES("725","349","47","1","2","35000","70000","0","0");
INSERT INTO order_detail VALUES("726","349","91","1","1","20000","20000","0","0");
INSERT INTO order_detail VALUES("727","350","3","0","1","24000","24000","0","0");
INSERT INTO order_detail VALUES("731","352","31","1","1","38000","38000","0","0");
INSERT INTO order_detail VALUES("732","352","32","1","1","38000","38000","0","0");
INSERT INTO order_detail VALUES("737","354","6","1","1","30000","30000","0","0");
INSERT INTO order_detail VALUES("738","354","103","1","2","42000","84000","0","0");
INSERT INTO order_detail VALUES("742","358","52","1","1","25000","25000","0","0");
INSERT INTO order_detail VALUES("743","359","52","1","1","25000","25000","0","0");
INSERT INTO order_detail VALUES("744","360","52","1","1","25000","25000","0","0");
INSERT INTO order_detail VALUES("745","356","43","1","3","35000","105000","0","0");
INSERT INTO order_detail VALUES("746","361","20","1","1","35000","35000","0","0");
INSERT INTO order_detail VALUES("747","361","11","1","1","35000","35000","0","0");
INSERT INTO order_detail VALUES("750","362","52","1","2","25000","50000","0","0");
INSERT INTO order_detail VALUES("751","363","52","1","1","25000","25000","0","0");
INSERT INTO order_detail VALUES("752","355","52","1","2","25000","50000","0","0");
INSERT INTO order_detail VALUES("757","357","43","1","2","35000","70000","0","0");
INSERT INTO order_detail VALUES("758","357","86","1","1","35000","35000","0","0");
INSERT INTO order_detail VALUES("762","365","91","1","2","20000","40000","0","0");
INSERT INTO order_detail VALUES("763","365","43","1","1","35000","35000","0","0");
INSERT INTO order_detail VALUES("764","365","44","1","1","45000","45000","0","0");
INSERT INTO order_detail VALUES("765","364","43","1","1","35000","35000","0","0");
INSERT INTO order_detail VALUES("766","364","11","1","1","35000","35000","0","0");
INSERT INTO order_detail VALUES("767","364","36","1","2","38000","76000","0","0");
INSERT INTO order_detail VALUES("771","366","30","1","1","32000","32000","0","0");
INSERT INTO order_detail VALUES("772","366","13","1","1","35000","35000","0","0");
INSERT INTO order_detail VALUES("773","367","8","1","1","30000","30000","0","0");
INSERT INTO order_detail VALUES("779","368","33","1","1","40000","40000","0","0");
INSERT INTO order_detail VALUES("782","371","21","1","1","32000","32000","0","0");
INSERT INTO order_detail VALUES("783","371","33","1","1","40000","40000","0","0");
INSERT INTO order_detail VALUES("785","369","11","1","1","35000","35000","0","0");
INSERT INTO order_detail VALUES("786","369","38","1","1","40000","40000","0","0");
INSERT INTO order_detail VALUES("787","370","2","1","1","30000","30000","0","0");
INSERT INTO order_detail VALUES("788","370","31","1","1","38000","38000","0","0");
INSERT INTO order_detail VALUES("789","372","31","1","1","38000","38000","0","0");
INSERT INTO order_detail VALUES("796","376","52","1","4","25000","100000","0","0");
INSERT INTO order_detail VALUES("801","377","52","1","2","25000","50000","0","0");
INSERT INTO order_detail VALUES("803","373","8","1","1","30000","30000","0","0");
INSERT INTO order_detail VALUES("804","373","43","1","1","35000","35000","0","0");
INSERT INTO order_detail VALUES("805","378","11","1","1","35000","35000","0","0");
INSERT INTO order_detail VALUES("806","378","1","1","1","26000","26000","0","0");
INSERT INTO order_detail VALUES("807","374","1","1","2","26000","52000","0","0");
INSERT INTO order_detail VALUES("808","374","104","1","1","28000","28000","0","0");
INSERT INTO order_detail VALUES("812","375","52","1","1","25000","25000","0","0");
INSERT INTO order_detail VALUES("813","375","52","1","1","25000","25000","0","0");
INSERT INTO order_detail VALUES("814","375","105","1","1","20000","20000","0","0");
INSERT INTO order_detail VALUES("815","379","52","1","1","25000","25000","0","0");
INSERT INTO order_detail VALUES("816","380","52","1","1","25000","25000","0","0");
INSERT INTO order_detail VALUES("820","381","35","1","2","40000","80000","0","0");
INSERT INTO order_detail VALUES("821","381","3","1","1","30000","30000","0","0");
INSERT INTO order_detail VALUES("822","382","1","1","1","26000","26000","0","0");
INSERT INTO order_detail VALUES("857","384","34","1","1","38000","38000","0","0");
INSERT INTO order_detail VALUES("858","384","107","1","1","30000","30000","0","0");
INSERT INTO order_detail VALUES("859","383","46","1","1","45000","45000","0","0");
INSERT INTO order_detail VALUES("860","383","11","1","1","35000","35000","0","0");
INSERT INTO order_detail VALUES("861","383","1","1","1","26000","26000","0","0");
INSERT INTO order_detail VALUES("862","383","42","1","1","38000","38000","0","0");
INSERT INTO order_detail VALUES("863","383","42","1","1","38000","38000","0","0");
INSERT INTO order_detail VALUES("864","383","22","1","1","32000","32000","0","0");
INSERT INTO order_detail VALUES("865","383","41","1","1","38000","38000","0","0");
INSERT INTO order_detail VALUES("868","386","1","1","1","26000","26000","0","0");
INSERT INTO order_detail VALUES("869","386","6","1","1","30000","30000","0","0");
INSERT INTO order_detail VALUES("873","389","2","1","2","30000","60000","0","0");
INSERT INTO order_detail VALUES("874","389","5","1","5","30000","150000","0","0");
INSERT INTO order_detail VALUES("875","390","2","1","5","30000","140000","0","2000");
INSERT INTO order_detail VALUES("876","390","2","1","1","30000","25000","0","5000");
INSERT INTO order_detail VALUES("877","391","2","1","3","30000","82500","0","2500");
INSERT INTO order_detail VALUES("889","387","8","1","1","30000","30000","0","0");
INSERT INTO order_detail VALUES("890","387","31","1","1","38000","38000","0","0");
INSERT INTO order_detail VALUES("891","394","52","1","2","25000","50000","0","0");
INSERT INTO order_detail VALUES("892","398","108","1","1","15000","15000","0","");
INSERT INTO order_detail VALUES("893","396","52","1","1","25000","25000","0","0");
INSERT INTO order_detail VALUES("896","388","17","1","1","40000","40000","0","0");
INSERT INTO order_detail VALUES("897","388","43","1","1","35000","35000","0","0");
INSERT INTO order_detail VALUES("899","399","52","1","3","25000","75000","0","0");
INSERT INTO order_detail VALUES("900","393","43","1","2","35000","70000","0","0");
INSERT INTO order_detail VALUES("901","393","1","1","1","26000","26000","0","0");
INSERT INTO order_detail VALUES("902","395","52","1","2","25000","50000","0","0");
INSERT INTO order_detail VALUES("903","395","6","1","2","30000","60000","0","0");
INSERT INTO order_detail VALUES("907","401","11","1","1","35000","35000","0","0");
INSERT INTO order_detail VALUES("908","401","55","1","1","30000","30000","0","0");
INSERT INTO order_detail VALUES("921","400","1","1","1","26000","26000","0","0");
INSERT INTO order_detail VALUES("922","400","2","1","1","30000","30000","0","0");
INSERT INTO order_detail VALUES("923","402","3","1","1","30000","30000","0","0");
INSERT INTO order_detail VALUES("924","402","38","1","1","40000","40000","0","0");
INSERT INTO order_detail VALUES("925","402","8","1","1","30000","30000","0","0");
INSERT INTO order_detail VALUES("926","402","32","1","1","38000","38000","0","0");
INSERT INTO order_detail VALUES("929","403","35","1","2","40000","80000","0","0");
INSERT INTO order_detail VALUES("952","410","1","1","5","26000","130000","0","-1");
INSERT INTO order_detail VALUES("953","410","2","1","9","30000","270000","0","-1");
INSERT INTO order_detail VALUES("954","410","3","1","4","30000","120000","0","-1");
INSERT INTO order_detail VALUES("955","411","4","1","1","26000","20800","0","-1");
INSERT INTO order_detail VALUES("957","411","2","1","1","30000","24000","0","-1");
INSERT INTO order_detail VALUES("958","411","2","1","1","30000","30000","0","-1");
INSERT INTO order_detail VALUES("967","412","3","1","1","30000","30000","0","-1");
INSERT INTO order_detail VALUES("968","412","3","1","1","30000","24000","0","27");
INSERT INTO order_detail VALUES("973","413","1","1","1","26000","26000","0","-1");
INSERT INTO order_detail VALUES("974","415","118","1","1","26000","26000","0","-1");
INSERT INTO order_detail VALUES("978","418","52","1","3","25000","75000","0","-1");
INSERT INTO order_detail VALUES("979","419","52","1","2","25000","50000","0","-1");
INSERT INTO order_detail VALUES("980","417","52","1","1","25000","25000","0","-1");
INSERT INTO order_detail VALUES("984","420","119","1","1","12000","12000","0","-1");
INSERT INTO order_detail VALUES("986","416","43","1","1","35000","35000","0","-1");
INSERT INTO order_detail VALUES("987","416","2","1","1","30000","30000","0","-1");
INSERT INTO order_detail VALUES("988","421","6","1","2","30000","60000","0","-1");
INSERT INTO order_detail VALUES("989","414","117","1","1","28000","28000","0","-1");
INSERT INTO order_detail VALUES("990","414","43","1","1","35000","35000","0","-1");
INSERT INTO order_detail VALUES("994","422","43","1","1","35000","35000","0","-1");
INSERT INTO order_detail VALUES("1001","424","36","1","1","38000","38000","0","-1");
INSERT INTO order_detail VALUES("1002","425","31","0","1","32000","0","0","-1");
INSERT INTO order_detail VALUES("1003","426","31","1","1","38000","38000","0","-1");
INSERT INTO order_detail VALUES("1004","427","52","1","1","25000","25000","0","-1");
INSERT INTO order_detail VALUES("1005","428","36","1","1","38000","38000","0","-1");
INSERT INTO order_detail VALUES("1010","423","43","1","1","35000","35000","0","-1");
INSERT INTO order_detail VALUES("1011","423","31","1","3","38000","114000","0","-1");
INSERT INTO order_detail VALUES("1012","423","1","1","2","26000","52000","0","-1");
INSERT INTO order_detail VALUES("1013","423","6","1","1","30000","30000","0","-1");
INSERT INTO order_detail VALUES("1014","429","52","1","1","25000","25000","0","-1");
INSERT INTO order_detail VALUES("1015","429","6","0","1","24000","0","0","-1");
INSERT INTO order_detail VALUES("1016","430","52","1","1","25000","25000","0","-1");
INSERT INTO order_detail VALUES("1017","431","6","1","1","30000","30000","0","-1");
INSERT INTO order_detail VALUES("1019","432","31","0","1","32000","32000","0","-1");
INSERT INTO order_detail VALUES("1021","433","6","0","1","24000","24000","0","-1");
INSERT INTO order_detail VALUES("1023","434","31","0","1","38000","38000","0","-1");
INSERT INTO order_detail VALUES("1026","435","18","1","2","30000","60000","0","-1");
INSERT INTO order_detail VALUES("1027","435","17","1","1","40000","40000","0","-1");
INSERT INTO order_detail VALUES("1028","436","2","1","1","30000","30000","0","-1");
INSERT INTO order_detail VALUES("1034","439","22","1","1","32000","32000","0","-1");
INSERT INTO order_detail VALUES("1035","440","2","1","2","30000","60000","0","-1");
INSERT INTO order_detail VALUES("1036","440","32","1","1","38000","38000","0","-1");
INSERT INTO order_detail VALUES("1037","440","22","1","1","32000","32000","0","-1");
INSERT INTO order_detail VALUES("1038","440","6","1","1","30000","30000","0","-1");
INSERT INTO order_detail VALUES("1042","442","89","1","1","40000","40000","0","-1");
INSERT INTO order_detail VALUES("1043","441","55","1","2","30000","60000","0","-1");
INSERT INTO order_detail VALUES("1044","441","31","1","2","38000","76000","0","-1");
INSERT INTO order_detail VALUES("1045","441","15","1","1","35000","35000","0","-1");
INSERT INTO order_detail VALUES("1046","443","34","1","1","38000","38000","0","-1");
INSERT INTO order_detail VALUES("1047","444","88","1","1","35000","35000","0","-1");
INSERT INTO order_detail VALUES("1051","446","52","1","1","25000","25000","0","-1");
INSERT INTO order_detail VALUES("1052","447","52","1","1","25000","25000","0","-1");
INSERT INTO order_detail VALUES("1053","445","52","1","5","25000","125000","0","-1");
INSERT INTO order_detail VALUES("1054","445","122","1","2","5000","10000","0","-1");
INSERT INTO order_detail VALUES("1055","448","52","1","1","25000","25000","0","-1");
INSERT INTO order_detail VALUES("1056","449","52","1","1","25000","25000","0","-1");
INSERT INTO order_detail VALUES("1058","450","1","1","3","26000","78000","0","-1");
INSERT INTO order_detail VALUES("1082","453","20","1","1","35000","35000","0","-1");
INSERT INTO order_detail VALUES("1093","454","35","1","1","40000","40000","0","-1");
INSERT INTO order_detail VALUES("1094","454","15","1","1","35000","35000","0","-1");
INSERT INTO order_detail VALUES("1098","452","31","1","3","38000","114000","0","-1");
INSERT INTO order_detail VALUES("1099","452","32","1","1","38000","38000","0","-1");
INSERT INTO order_detail VALUES("1100","452","47","1","1","35000","35000","0","-1");
INSERT INTO order_detail VALUES("1101","455","1","1","1","26000","26000","0","-1");
INSERT INTO order_detail VALUES("1102","455","17","1","2","40000","80000","0","-1");
INSERT INTO order_detail VALUES("1103","455","6","1","1","30000","30000","0","-1");
INSERT INTO order_detail VALUES("1104","455","20","1","1","35000","35000","0","-1");
INSERT INTO order_detail VALUES("1105","455","3","1","1","30000","30000","0","-1");
INSERT INTO order_detail VALUES("1106","456","46","1","1","45000","45000","0","-1");
INSERT INTO order_detail VALUES("1107","456","45","1","1","40000","40000","0","-1");
INSERT INTO order_detail VALUES("1108","456","124","1","1","40000","40000","0","-1");
INSERT INTO order_detail VALUES("1109","457","47","1","2","35000","70000","0","-1");
INSERT INTO order_detail VALUES("1113","458","31","1","2","38000","76000","0","-1");
INSERT INTO order_detail VALUES("1114","460","22","1","1","32000","32000","0","-1");
INSERT INTO order_detail VALUES("1115","460","28","1","1","32000","32000","0","-1");
INSERT INTO order_detail VALUES("1116","461","28","1","1","32000","32000","0","-1");
INSERT INTO order_detail VALUES("1117","461","40","1","1","38000","38000","0","-1");
INSERT INTO order_detail VALUES("1118","462","20","1","1","35000","35000","0","-1");
INSERT INTO order_detail VALUES("1119","462","125","1","1","25000","25000","0","-1");
INSERT INTO order_detail VALUES("1120","463","35","1","1","40000","40000","0","-1");
INSERT INTO order_detail VALUES("1121","463","31","1","1","38000","38000","0","-1");
INSERT INTO order_detail VALUES("1122","464","31","1","1","38000","38000","0","-1");
INSERT INTO order_detail VALUES("1123","464","2","1","1","30000","30000","0","-1");
INSERT INTO order_detail VALUES("1127","459","1","1","1","26000","26000","0","-1");
INSERT INTO order_detail VALUES("1128","465","1","1","1","26000","26000","0","-1");
INSERT INTO order_detail VALUES("1129","465","42","1","1","38000","38000","0","-1");
INSERT INTO order_detail VALUES("1130","465","12","1","1","35000","35000","0","-1");
INSERT INTO order_detail VALUES("1131","466","1","1","2","26000","52000","0","-1");
INSERT INTO order_detail VALUES("1132","467","31","1","1","38000","38000","0","-1");
INSERT INTO order_detail VALUES("1133","468","52","1","1","25000","25000","0","-1");
INSERT INTO order_detail VALUES("1140","471","43","1","6","35000","210000","0","-1");
INSERT INTO order_detail VALUES("1141","471","89","1","1","40000","40000","0","-1");
INSERT INTO order_detail VALUES("1142","471","126","1","1","32000","32000","0","-1");
INSERT INTO order_detail VALUES("1143","470","43","1","2","35000","70000","0","-1");
INSERT INTO order_detail VALUES("1144","469","2","1","1","30000","30000","0","-1");
INSERT INTO order_detail VALUES("1145","469","3","1","1","30000","30000","0","-1");
INSERT INTO order_detail VALUES("1146","472","52","1","5","25000","125000","0","-1");
INSERT INTO order_detail VALUES("1147","473","6","1","1","30000","30000","0","-1");
INSERT INTO order_detail VALUES("1148","473","31","1","2","38000","76000","0","-1");
INSERT INTO order_detail VALUES("1149","473","47","1","1","35000","35000","0","-1");
INSERT INTO order_detail VALUES("1150","473","88","1","2","35000","70000","0","-1");
INSERT INTO order_detail VALUES("1151","473","89","1","1","40000","40000","0","-1");
INSERT INTO order_detail VALUES("1152","474","91","1","1","20000","20000","0","-1");
INSERT INTO order_detail VALUES("1153","475","6","1","1","30000","30000","0","-1");
INSERT INTO order_detail VALUES("1154","475","17","1","1","40000","40000","0","-1");
INSERT INTO order_detail VALUES("1155","476","31","0","1","32000","32000","0","-1");
INSERT INTO order_detail VALUES("1156","477","52","1","1","25000","25000","0","-1");
INSERT INTO order_detail VALUES("1157","477","52","1","1","25000","25000","0","-1");
INSERT INTO order_detail VALUES("1158","478","35","0","1","34000","34000","0","-1");
INSERT INTO order_detail VALUES("1159","478","22","0","1","26000","26000","0","-1");
INSERT INTO order_detail VALUES("1161","479","1","1","1","26000","26000","0","-1");
INSERT INTO order_detail VALUES("1162","480","42","1","1","38000","38000","0","-1");
INSERT INTO order_detail VALUES("1163","481","1","1","2","26000","52000","0","-1");
INSERT INTO order_detail VALUES("1164","482","52","1","2","25000","50000","0","-1");
INSERT INTO order_detail VALUES("1167","483","13","1","2","35000","70000","0","-1");
INSERT INTO order_detail VALUES("1168","483","17","1","1","40000","40000","0","-1");
INSERT INTO order_detail VALUES("1169","484","52","1","2","25000","50000","0","-1");
INSERT INTO order_detail VALUES("1173","486","52","1","1","25000","25000","0","-1");
INSERT INTO order_detail VALUES("1174","487","43","1","2","35000","70000","0","-1");
INSERT INTO order_detail VALUES("1175","485","31","1","1","38000","38000","0","-1");
INSERT INTO order_detail VALUES("1176","485","15","1","1","35000","35000","0","-1");
INSERT INTO order_detail VALUES("1177","488","43","1","1","35000","35000","0","-1");
INSERT INTO order_detail VALUES("1179","490","31","1","1","38000","38000","0","-1");
INSERT INTO order_detail VALUES("1180","491","52","1","1","25000","25000","0","-1");
INSERT INTO order_detail VALUES("1183","493","52","1","1","25000","25000","0","-1");
INSERT INTO order_detail VALUES("1184","492","43","1","3","35000","105000","0","-1");
INSERT INTO order_detail VALUES("1185","492","91","1","1","20000","20000","0","-1");
INSERT INTO order_detail VALUES("1186","492","4","1","1","26000","26000","0","-1");
INSERT INTO order_detail VALUES("1187","494","91","1","1","20000","20000","0","-1");
INSERT INTO order_detail VALUES("1188","495","17","1","1","40000","40000","0","-1");
INSERT INTO order_detail VALUES("1189","496","32","1","1","38000","38000","0","-1");
INSERT INTO order_detail VALUES("1190","497","13","1","1","35000","35000","0","-1");
INSERT INTO order_detail VALUES("1191","498","18","1","1","30000","30000","0","-1");
INSERT INTO order_detail VALUES("1196","502","20","1","1","35000","35000","0","-1");
INSERT INTO order_detail VALUES("1197","500","2","1","1","30000","30000","0","-1");
INSERT INTO order_detail VALUES("1198","500","3","1","1","30000","30000","0","-1");
INSERT INTO order_detail VALUES("1199","501","2","1","1","30000","30000","0","-1");
INSERT INTO order_detail VALUES("1200","501","34","1","1","38000","38000","0","-1");
INSERT INTO order_detail VALUES("1202","503","55","1","2","30000","60000","0","-1");
INSERT INTO order_detail VALUES("1203","504","4","1","1","26000","26000","0","-1");
INSERT INTO order_detail VALUES("1204","504","6","1","1","30000","30000","0","-1");
INSERT INTO order_detail VALUES("1206","506","129","1","2","50000","100000","0","-1");
INSERT INTO order_detail VALUES("1207","507","31","1","1","38000","38000","0","-1");
INSERT INTO order_detail VALUES("1208","507","6","1","1","30000","30000","0","-1");
INSERT INTO order_detail VALUES("1213","509","43","1","1","35000","35000","0","-1");
INSERT INTO order_detail VALUES("1214","510","52","1","2","25000","50000","0","-1");
INSERT INTO order_detail VALUES("1215","505","52","1","1","25000","25000","0","-1");
INSERT INTO order_detail VALUES("1216","511","52","1","1","25000","25000","0","-1");
INSERT INTO order_detail VALUES("1226","514","43","1","2","35000","70000","0","-1");
INSERT INTO order_detail VALUES("1227","508","47","1","1","35000","35000","0","-1");
INSERT INTO order_detail VALUES("1228","508","46","1","1","45000","45000","0","-1");
INSERT INTO order_detail VALUES("1229","508","43","1","1","35000","35000","0","-1");
INSERT INTO order_detail VALUES("1230","508","85","1","1","35000","35000","0","-1");
INSERT INTO order_detail VALUES("1231","508","22","1","1","32000","32000","0","-1");
INSERT INTO order_detail VALUES("1237","516","43","1","1","35000","35000","0","-1");
INSERT INTO order_detail VALUES("1238","513","86","0","1","29000","29000","0","-1");
INSERT INTO order_detail VALUES("1239","515","43","1","2","35000","70000","0","-1");
INSERT INTO order_detail VALUES("1240","515","45","1","1","40000","40000","0","-1");
INSERT INTO order_detail VALUES("1241","515","47","1","2","35000","70000","0","-1");
INSERT INTO order_detail VALUES("1242","515","46","1","1","45000","45000","0","-1");
INSERT INTO order_detail VALUES("1246","517","52","1","2","25000","50000","0","-1");
INSERT INTO order_detail VALUES("1247","517","3","0","1","24000","24000","0","-1");
INSERT INTO order_detail VALUES("1248","519","55","0","1","24000","24000","0","-1");
INSERT INTO order_detail VALUES("1249","519","8","0","1","24000","24000","0","-1");
INSERT INTO order_detail VALUES("1250","519","41","0","1","32000","32000","0","-1");
INSERT INTO order_detail VALUES("1251","512","31","1","1","38000","38000","0","-1");
INSERT INTO order_detail VALUES("1252","512","91","1","1","20000","20000","0","-1");
INSERT INTO order_detail VALUES("1253","518","52","1","2","25000","50000","0","-1");
INSERT INTO order_detail VALUES("1266","521","135","1","1","30000","30000","0","-1");
INSERT INTO order_detail VALUES("1267","520","37","1","1","38000","38000","0","-1");
INSERT INTO order_detail VALUES("1268","520","40","1","1","38000","38000","0","-1");
INSERT INTO order_detail VALUES("1269","520","6","1","1","30000","30000","0","-1");
INSERT INTO order_detail VALUES("1270","522","55","1","1","30000","30000","0","-1");
INSERT INTO order_detail VALUES("1271","522","36","1","1","38000","38000","0","-1");
INSERT INTO order_detail VALUES("1272","522","136","1","1","40000","40000","0","-1");
INSERT INTO order_detail VALUES("1274","523","120","1","1","28000","28000","0","-1");
INSERT INTO order_detail VALUES("1275","524","43","1","1","35000","35000","0","-1");
INSERT INTO order_detail VALUES("1276","525","52","1","1","25000","25000","0","-1");
INSERT INTO order_detail VALUES("1277","526","52","1","2","25000","50000","0","-1");
INSERT INTO order_detail VALUES("1278","527","43","1","3","35000","105000","0","-1");
INSERT INTO order_detail VALUES("1281","529","52","1","1","25000","25000","0","-1");
INSERT INTO order_detail VALUES("1287","528","43","1","6","35000","210000","0","-1");
INSERT INTO order_detail VALUES("1288","528","85","1","1","35000","35000","0","-1");
INSERT INTO order_detail VALUES("1289","530","43","1","2","35000","70000","0","-1");
INSERT INTO order_detail VALUES("1290","530","35","1","1","40000","40000","0","-1");
INSERT INTO order_detail VALUES("1294","533","52","1","2","25000","50000","0","-1");
INSERT INTO order_detail VALUES("1295","534","55","1","1","30000","30000","0","-1");
INSERT INTO order_detail VALUES("1296","534","1","1","1","26000","26000","0","-1");
INSERT INTO order_detail VALUES("1299","536","52","1","1","25000","25000","0","-1");
INSERT INTO order_detail VALUES("1300","536","43","1","1","35000","35000","0","-1");
INSERT INTO order_detail VALUES("1302","532","31","1","1","38000","38000","0","-1");
INSERT INTO order_detail VALUES("1303","532","1","1","1","26000","26000","0","-1");
INSERT INTO order_detail VALUES("1304","532","88","1","1","35000","35000","0","-1");
INSERT INTO order_detail VALUES("1305","531","52","1","1","25000","25000","0","-1");
INSERT INTO order_detail VALUES("1306","535","1","1","1","26000","26000","0","-1");
INSERT INTO order_detail VALUES("1307","535","55","1","1","30000","30000","0","-1");
INSERT INTO order_detail VALUES("1308","537","35","1","1","40000","40000","0","-1");
INSERT INTO order_detail VALUES("1309","538","52","1","1","25000","25000","0","-1");
INSERT INTO order_detail VALUES("1310","539","13","1","1","35000","35000","0","-1");
INSERT INTO order_detail VALUES("1311","540","11","1","1","35000","35000","0","-1");
INSERT INTO order_detail VALUES("1312","541","12","1","1","35000","35000","0","-1");
INSERT INTO order_detail VALUES("1313","542","31","1","1","38000","38000","0","-1");
INSERT INTO order_detail VALUES("1314","543","35","1","1","40000","40000","0","-1");
INSERT INTO order_detail VALUES("1326","546","4","1","1","26000","26000","0","-1");
INSERT INTO order_detail VALUES("1327","546","15","1","1","35000","35000","0","-1");
INSERT INTO order_detail VALUES("1328","546","42","1","1","38000","38000","0","-1");
INSERT INTO order_detail VALUES("1329","547","137","1","1","40000","40000","0","-1");
INSERT INTO order_detail VALUES("1331","545","24","1","1","32000","32000","0","-1");
INSERT INTO order_detail VALUES("1332","545","2","1","1","30000","30000","0","-1");
INSERT INTO order_detail VALUES("1334","549","32","1","1","38000","38000","0","-1");
INSERT INTO order_detail VALUES("1335","544","83","1","1","38000","38000","0","-1");
INSERT INTO order_detail VALUES("1336","548","12","1","1","35000","35000","0","-1");
INSERT INTO order_detail VALUES("1337","550","52","1","3","25000","75000","0","-1");
INSERT INTO order_detail VALUES("1338","550","138","1","1","5000","5000","0","-1");
INSERT INTO order_detail VALUES("1339","551","52","1","3","25000","75000","0","-1");
INSERT INTO order_detail VALUES("1353","556","52","1","1","25000","25000","0","-1");
INSERT INTO order_detail VALUES("1354","557","48","1","2","35000","70000","0","-1");
INSERT INTO order_detail VALUES("1355","557","47","1","1","35000","35000","0","-1");
INSERT INTO order_detail VALUES("1356","557","46","1","1","45000","45000","0","-1");
INSERT INTO order_detail VALUES("1357","557","88","1","1","35000","35000","0","-1");
INSERT INTO order_detail VALUES("1358","554","43","1","3","35000","105000","0","-1");
INSERT INTO order_detail VALUES("1361","560","52","1","1","25000","25000","0","-1");
INSERT INTO order_detail VALUES("1362","553","2","1","1","30000","30000","0","-1");
INSERT INTO order_detail VALUES("1363","553","32","1","1","38000","38000","0","-1");
INSERT INTO order_detail VALUES("1364","552","44","1","1","45000","45000","0","-1");
INSERT INTO order_detail VALUES("1365","552","88","1","1","35000","35000","0","-1");
INSERT INTO order_detail VALUES("1366","552","85","1","1","35000","35000","0","-1");
INSERT INTO order_detail VALUES("1367","558","31","1","1","38000","38000","0","-1");
INSERT INTO order_detail VALUES("1368","555","28","1","1","32000","32000","0","-1");
INSERT INTO order_detail VALUES("1369","555","2","1","1","30000","30000","0","-1");
INSERT INTO order_detail VALUES("1370","555","43","1","2","35000","70000","0","-1");
INSERT INTO order_detail VALUES("1371","559","52","1","1","25000","25000","0","-1");
INSERT INTO order_detail VALUES("1372","561","31","1","1","38000","38000","0","-1");
INSERT INTO order_detail VALUES("1373","562","31","1","2","38000","76000","0","-1");
INSERT INTO order_detail VALUES("1374","563","52","1","1","25000","25000","0","-1");
INSERT INTO order_detail VALUES("1375","564","34","1","1","38000","38000","0","-1");
INSERT INTO order_detail VALUES("1377","565","85","0","1","35000","35000","0","-1");
INSERT INTO order_detail VALUES("1379","566","47","1","2","35000","70000","0","-1");
INSERT INTO order_detail VALUES("1382","567","33","1","1","40000","40000","0","-1");
INSERT INTO order_detail VALUES("1383","567","6","1","1","30000","30000","0","-1");
INSERT INTO order_detail VALUES("1384","568","54","1","1","30000","30000","0","-1");
INSERT INTO order_detail VALUES("1385","569","2","1","1","30000","30000","0","-1");
INSERT INTO order_detail VALUES("1386","570","5","1","1","30000","30000","0","-1");
INSERT INTO order_detail VALUES("1387","571","8","1","1","30000","30000","0","-1");
INSERT INTO order_detail VALUES("1388","572","17","1","1","40000","40000","0","-1");
INSERT INTO order_detail VALUES("1389","572","15","1","2","35000","70000","0","-1");
INSERT INTO order_detail VALUES("1390","572","2","1","1","30000","30000","0","-1");
INSERT INTO order_detail VALUES("1391","572","3","1","1","30000","30000","0","-1");
INSERT INTO order_detail VALUES("1392","573","4","1","1","26000","26000","0","-1");
INSERT INTO order_detail VALUES("1393","573","1","1","1","26000","26000","0","-1");
INSERT INTO order_detail VALUES("1394","574","35","1","1","40000","40000","0","-1");
INSERT INTO order_detail VALUES("1402","575","24","1","1","32000","32000","0","-1");
INSERT INTO order_detail VALUES("1403","575","29","1","1","32000","32000","0","-1");
INSERT INTO order_detail VALUES("1404","575","91","1","2","20000","40000","0","-1");
INSERT INTO order_detail VALUES("1405","577","43","1","1","35000","35000","0","-1");
INSERT INTO order_detail VALUES("1406","577","9","1","1","30000","30000","0","-1");
INSERT INTO order_detail VALUES("1410","580","46","1","1","45000","45000","0","-1");
INSERT INTO order_detail VALUES("1411","579","52","1","1","25000","25000","0","-1");
INSERT INTO order_detail VALUES("1412","581","52","1","2","25000","50000","0","-1");
INSERT INTO order_detail VALUES("1413","581","8","1","1","30000","30000","0","-1");
INSERT INTO order_detail VALUES("1424","578","31","1","3","38000","114000","0","-1");
INSERT INTO order_detail VALUES("1425","578","1","1","1","26000","26000","0","-1");
INSERT INTO order_detail VALUES("1426","578","17","1","1","40000","40000","0","-1");
INSERT INTO order_detail VALUES("1427","582","2","1","1","30000","30000","0","-1");
INSERT INTO order_detail VALUES("1428","583","40","1","1","38000","38000","0","-1");
INSERT INTO order_detail VALUES("1429","576","3","1","1","30000","30000","0","-1");
INSERT INTO order_detail VALUES("1430","576","20","1","1","35000","35000","0","-1");
INSERT INTO order_detail VALUES("1431","576","26","1","1","32000","32000","0","-1");
INSERT INTO order_detail VALUES("1432","584","17","1","1","40000","40000","0","-1");
INSERT INTO order_detail VALUES("1433","585","2","1","1","30000","30000","0","-1");
INSERT INTO order_detail VALUES("1434","586","43","1","1","35000","35000","0","-1");
INSERT INTO order_detail VALUES("1435","586","18","1","1","30000","30000","0","-1");
INSERT INTO order_detail VALUES("1438","587","128","1","2","30000","60000","0","-1");
INSERT INTO order_detail VALUES("1439","587","157","1","2","10000","20000","0","-1");
INSERT INTO order_detail VALUES("1440","588","129","1","1","50000","50000","0","-1");
INSERT INTO order_detail VALUES("1441","588","158","1","2","10000","20000","0","-1");
INSERT INTO order_detail VALUES("1450","589","23","1","1","32000","32000","0","-1");
INSERT INTO order_detail VALUES("1451","589","29","1","1","32000","32000","0","-1");
INSERT INTO order_detail VALUES("1452","589","35","1","1","40000","40000","0","-1");
INSERT INTO order_detail VALUES("1453","589","37","1","1","38000","38000","0","-1");
INSERT INTO order_detail VALUES("1456","590","28","1","1","32000","32000","0","-1");
INSERT INTO order_detail VALUES("1457","590","36","1","1","38000","38000","0","-1");
INSERT INTO order_detail VALUES("1458","591","28","1","1","32000","32000","0","-1");
INSERT INTO order_detail VALUES("1459","591","36","1","1","38000","38000","0","-1");
INSERT INTO order_detail VALUES("1465","592","4","1","1","26000","26000","0","-1");
INSERT INTO order_detail VALUES("1466","592","26","1","1","32000","32000","0","-1");
INSERT INTO order_detail VALUES("1467","592","160","1","2","95000","190000","0","-1");
INSERT INTO order_detail VALUES("1473","596","54","1","1","30000","30000","0","-1");
INSERT INTO order_detail VALUES("1474","593","2","1","1","30000","30000","0","-1");
INSERT INTO order_detail VALUES("1482","598","161","1","1","40000","40000","0","-1");
INSERT INTO order_detail VALUES("1483","597","46","1","2","45000","90000","0","-1");
INSERT INTO order_detail VALUES("1484","597","2","1","2","30000","60000","0","-1");
INSERT INTO order_detail VALUES("1485","597","1","1","1","26000","26000","0","-1");
INSERT INTO order_detail VALUES("1486","597","3","1","1","30000","30000","0","-1");
INSERT INTO order_detail VALUES("1487","597","4","1","1","26000","26000","0","-1");
INSERT INTO order_detail VALUES("1488","597","10","1","1","30000","30000","0","-1");
INSERT INTO order_detail VALUES("1489","597","162","1","1","30000","30000","0","-1");
INSERT INTO order_detail VALUES("1491","599","163","1","1","40000","40000","0","-1");
INSERT INTO order_detail VALUES("1492","594","1","1","2","26000","52000","0","-1");
INSERT INTO order_detail VALUES("1503","602","43","1","2","35000","70000","0","-1");
INSERT INTO order_detail VALUES("1504","602","164","1","1","40000","40000","0","-1");
INSERT INTO order_detail VALUES("1505","600","32","1","1","38000","38000","0","-1");
INSERT INTO order_detail VALUES("1506","600","34","1","1","38000","38000","0","-1");
INSERT INTO order_detail VALUES("1507","601","29","1","1","32000","32000","0","-1");
INSERT INTO order_detail VALUES("1508","601","24","1","1","32000","32000","0","-1");
INSERT INTO order_detail VALUES("1509","601","18","1","1","30000","30000","0","-1");
INSERT INTO order_detail VALUES("1511","603","133","1","1","84000","84000","0","-1");
INSERT INTO order_detail VALUES("1512","604","7","1","1","30000","30000","0","-1");
INSERT INTO order_detail VALUES("1513","605","28","1","1","32000","32000","0","-1");
INSERT INTO order_detail VALUES("1514","605","31","1","1","38000","38000","0","-1");
INSERT INTO order_detail VALUES("1515","606","155","1","7","10000","70000","0","-1");
INSERT INTO order_detail VALUES("1516","607","85","1","1","35000","35000","0","-1");
INSERT INTO order_detail VALUES("1517","607","20","1","1","35000","35000","0","-1");
INSERT INTO order_detail VALUES("1518","608","37","1","1","38000","38000","0","-1");
INSERT INTO order_detail VALUES("1519","608","42","1","1","38000","38000","0","-1");
INSERT INTO order_detail VALUES("1520","609","15","1","1","35000","35000","0","-1");
INSERT INTO order_detail VALUES("1521","609","38","1","1","40000","40000","0","-1");
INSERT INTO order_detail VALUES("1522","610","35","1","1","40000","40000","0","-1");
INSERT INTO order_detail VALUES("1523","610","31","1","1","38000","38000","0","-1");
INSERT INTO order_detail VALUES("1524","610","33","1","1","40000","40000","0","-1");
INSERT INTO order_detail VALUES("1541","616","1","1","1","26000","26000","0","-1");
INSERT INTO order_detail VALUES("1542","616","5","1","1","30000","30000","0","-1");
INSERT INTO order_detail VALUES("1543","611","38","1","1","40000","40000","0","-1");
INSERT INTO order_detail VALUES("1544","611","8","1","1","30000","30000","0","-1");
INSERT INTO order_detail VALUES("1545","612","39","1","1","42000","42000","0","-1");
INSERT INTO order_detail VALUES("1546","612","20","1","1","35000","35000","0","-1");
INSERT INTO order_detail VALUES("1547","613","35","1","1","40000","40000","0","-1");
INSERT INTO order_detail VALUES("1548","613","83","1","1","38000","38000","0","-1");
INSERT INTO order_detail VALUES("1549","613","28","1","1","32000","32000","0","-1");
INSERT INTO order_detail VALUES("1550","613","55","1","1","30000","30000","0","-1");
INSERT INTO order_detail VALUES("1551","613","20","1","1","35000","35000","0","-1");
INSERT INTO order_detail VALUES("1552","613","24","1","1","32000","32000","0","-1");
INSERT INTO order_detail VALUES("1553","613","23","1","1","32000","32000","0","-1");
INSERT INTO order_detail VALUES("1554","613","31","1","1","38000","38000","0","-1");
INSERT INTO order_detail VALUES("1555","615","7","1","1","30000","30000","0","-1");
INSERT INTO order_detail VALUES("1556","617","39","1","1","42000","42000","0","-1");
INSERT INTO order_detail VALUES("1557","618","40","1","1","38000","38000","0","-1");
INSERT INTO order_detail VALUES("1558","614","91","1","1","20000","20000","0","-1");
INSERT INTO order_detail VALUES("1559","614","1","1","1","26000","26000","0","-1");
INSERT INTO order_detail VALUES("1560","619","28","1","2","32000","64000","0","-1");
INSERT INTO order_detail VALUES("1561","619","39","1","1","42000","42000","0","-1");
INSERT INTO order_detail VALUES("1584","621","26","1","1","32000","32000","0","-1");
INSERT INTO order_detail VALUES("1585","621","2","1","2","30000","60000","0","-1");
INSERT INTO order_detail VALUES("1586","621","88","1","1","35000","35000","0","-1");
INSERT INTO order_detail VALUES("1587","622","155","1","10","10000","100000","0","-1");
INSERT INTO order_detail VALUES("1604","620","1","1","5","26000","130000","0","-1");
INSERT INTO order_detail VALUES("1605","620","31","1","1","38000","38000","0","-1");
INSERT INTO order_detail VALUES("1606","620","2","1","1","30000","30000","0","-1");
INSERT INTO order_detail VALUES("1607","626","52","1","2","25000","50000","0","-1");
INSERT INTO order_detail VALUES("1609","627","52","1","1","25000","25000","0","-1");
INSERT INTO order_detail VALUES("1610","624","43","1","2","35000","70000","0","-1");
INSERT INTO order_detail VALUES("1611","625","52","1","2","25000","50000","0","-1");
INSERT INTO order_detail VALUES("1612","628","52","1","1","25000","25000","0","-1");
INSERT INTO order_detail VALUES("1613","629","91","1","1","20000","20000","0","-1");
INSERT INTO order_detail VALUES("1616","623","81","1","1","30000","30000","0","-1");
INSERT INTO order_detail VALUES("1617","623","165","1","1","20000","20000","0","-1");
INSERT INTO order_detail VALUES("1618","623","34","1","1","38000","38000","0","-1");
INSERT INTO order_detail VALUES("1619","623","23","1","1","32000","32000","0","-1");
INSERT INTO order_detail VALUES("1620","623","33","1","1","40000","40000","0","-1");
INSERT INTO order_detail VALUES("1621","631","52","1","2","25000","50000","0","-1");
INSERT INTO order_detail VALUES("1622","631","42","0","1","32000","32000","0","-1");
INSERT INTO order_detail VALUES("1625","632","13","1","1","35000","35000","0","-1");
INSERT INTO order_detail VALUES("1628","630","52","1","1","25000","25000","0","-1");
INSERT INTO order_detail VALUES("1629","630","31","0","1","32000","32000","0","-1");
INSERT INTO order_detail VALUES("1630","633","42","1","1","38000","38000","0","-1");
INSERT INTO order_detail VALUES("1643","634","83","1","1","38000","38000","0","-1");
INSERT INTO order_detail VALUES("1644","635","33","1","1","40000","40000","0","-1");
INSERT INTO order_detail VALUES("1645","635","31","1","1","38000","38000","0","-1");
INSERT INTO order_detail VALUES("1646","635","84","1","1","38000","38000","0","-1");
INSERT INTO order_detail VALUES("1647","635","27","1","1","32000","32000","0","-1");
INSERT INTO order_detail VALUES("1648","636","2","1","2","30000","60000","0","-1");
INSERT INTO order_detail VALUES("1649","637","35","1","1","40000","40000","0","-1");
INSERT INTO order_detail VALUES("1650","638","35","0","1","34000","34000","0","-1");
INSERT INTO order_detail VALUES("1651","639","43","1","2","35000","70000","0","-1");
INSERT INTO order_detail VALUES("1658","641","52","1","1","25000","25000","0","-1");
INSERT INTO order_detail VALUES("1661","643","52","1","2","25000","50000","0","-1");
INSERT INTO order_detail VALUES("1662","644","52","1","4","25000","100000","0","-1");
INSERT INTO order_detail VALUES("1663","644","166","1","2","5000","10000","0","-1");
INSERT INTO order_detail VALUES("1670","645","43","1","2","35000","70000","0","-1");
INSERT INTO order_detail VALUES("1671","640","43","1","5","35000","175000","0","-1");
INSERT INTO order_detail VALUES("1672","640","88","1","1","35000","35000","0","-1");
INSERT INTO order_detail VALUES("1673","640","35","1","1","40000","40000","0","-1");
INSERT INTO order_detail VALUES("1674","642","45","1","1","40000","40000","0","-1");
INSERT INTO order_detail VALUES("1675","642","47","1","1","35000","35000","0","-1");
INSERT INTO order_detail VALUES("1677","647","43","1","1","35000","35000","0","-1");
INSERT INTO order_detail VALUES("1678","648","52","1","2","25000","50000","0","-1");
INSERT INTO order_detail VALUES("1679","648","15","0","1","28000","28000","0","-1");
INSERT INTO order_detail VALUES("1680","649","52","1","2","25000","50000","0","-1");
INSERT INTO order_detail VALUES("1695","650","88","1","1","35000","35000","0","-1");
INSERT INTO order_detail VALUES("1696","650","31","1","2","38000","76000","0","-1");
INSERT INTO order_detail VALUES("1697","650","53","1","1","38000","38000","0","-1");
INSERT INTO order_detail VALUES("1698","650","8","1","1","30000","30000","0","-1");
INSERT INTO order_detail VALUES("1699","650","167","1","1","8000","8000","0","-1");
INSERT INTO order_detail VALUES("1700","650","1","1","1","26000","26000","0","-1");
INSERT INTO order_detail VALUES("1701","651","1","1","1","26000","26000","0","-1");
INSERT INTO order_detail VALUES("1702","651","31","1","2","38000","76000","0","-1");
INSERT INTO order_detail VALUES("1703","651","53","1","1","38000","38000","0","-1");
INSERT INTO order_detail VALUES("1704","651","8","1","1","30000","30000","0","-1");
INSERT INTO order_detail VALUES("1705","651","88","1","1","35000","35000","0","-1");
INSERT INTO order_detail VALUES("1706","652","17","0","1","32000","32000","0","-1");
INSERT INTO order_detail VALUES("1710","653","26","1","1","32000","32000","0","-1");
INSERT INTO order_detail VALUES("1711","653","35","1","1","40000","40000","0","-1");
INSERT INTO order_detail VALUES("1712","653","22","1","1","32000","32000","0","-1");
INSERT INTO order_detail VALUES("1713","654","85","0","1","35000","35000","0","-1");
INSERT INTO order_detail VALUES("1714","655","85","1","1","35000","35000","0","-1");
INSERT INTO order_detail VALUES("1727","656","35","1","2","40000","80000","0","-1");
INSERT INTO order_detail VALUES("1728","656","31","1","1","38000","38000","0","-1");
INSERT INTO order_detail VALUES("1729","656","26","1","1","32000","25600","0","22");
INSERT INTO order_detail VALUES("1730","656","31","1","1","38000","30400","0","22");
INSERT INTO order_detail VALUES("1736","657","6","1","1","30000","30000","0","-1");
INSERT INTO order_detail VALUES("1737","658","6","1","1","30000","30000","0","-1");
INSERT INTO order_detail VALUES("1738","658","169","1","1","26000","26000","0","-1");
INSERT INTO order_detail VALUES("1739","658","170","1","2","26000","52000","0","-1");
INSERT INTO order_detail VALUES("1741","660","171","1","1","175000","175000","0","-1");
INSERT INTO order_detail VALUES("1742","659","52","1","2","25000","50000","0","-1");
INSERT INTO order_detail VALUES("1744","661","52","1","2","25000","50000","0","-1");
INSERT INTO order_detail VALUES("1747","662","52","1","1","25000","25000","0","-1");
INSERT INTO order_detail VALUES("1748","663","52","1","2","25000","50000","0","-1");
INSERT INTO order_detail VALUES("1754","664","172","1","2","26000","52000","0","-1");
INSERT INTO order_detail VALUES("1755","665","4","1","1","26000","26000","0","-1");
INSERT INTO order_detail VALUES("1756","665","6","1","1","30000","30000","0","-1");
INSERT INTO order_detail VALUES("1760","666","1","1","1","26000","26000","0","-1");
INSERT INTO order_detail VALUES("1761","666","2","1","2","30000","60000","0","-1");
INSERT INTO order_detail VALUES("1762","666","1","1","1","26000","26000","0","-1");
INSERT INTO order_detail VALUES("1770","667","9","1","1","30000","30000","0","-1");
INSERT INTO order_detail VALUES("1771","667","81","1","1","30000","30000","0","-1");
INSERT INTO order_detail VALUES("1772","668","47","1","1","35000","35000","0","-1");
INSERT INTO order_detail VALUES("1773","668","36","1","1","38000","38000","0","-1");
INSERT INTO order_detail VALUES("1774","669","2","1","2","30000","60000","0","-1");
INSERT INTO order_detail VALUES("1790","673","88","1","1","35000","35000","0","-1");
INSERT INTO order_detail VALUES("1791","673","35","1","1","40000","40000","0","-1");
INSERT INTO order_detail VALUES("1792","673","2","1","1","30000","30000","0","-1");
INSERT INTO order_detail VALUES("1793","672","2","1","1","30000","30000","0","-1");
INSERT INTO order_detail VALUES("1794","672","55","1","1","30000","30000","0","-1");
INSERT INTO order_detail VALUES("1795","671","81","1","1","30000","30000","0","-1");
INSERT INTO order_detail VALUES("1796","670","35","1","1","40000","40000","0","-1");
INSERT INTO order_detail VALUES("1797","670","38","1","1","40000","40000","0","-1");
INSERT INTO order_detail VALUES("1803","676","2","1","1","30000","30000","0","-1");
INSERT INTO order_detail VALUES("1804","676","28","1","1","32000","32000","0","-1");
INSERT INTO order_detail VALUES("1805","677","52","1","1","25000","25000","0","-1");
INSERT INTO order_detail VALUES("1806","675","35","1","1","40000","40000","0","-1");
INSERT INTO order_detail VALUES("1809","679","52","1","1","25000","25000","0","-1");
INSERT INTO order_detail VALUES("1810","674","52","1","2","25000","50000","0","-1");
INSERT INTO order_detail VALUES("1813","678","91","1","1","20000","20000","0","-1");
INSERT INTO order_detail VALUES("1815","682","52","1","4","25000","100000","0","-1");
INSERT INTO order_detail VALUES("1816","683","91","1","1","20000","20000","0","-1");
INSERT INTO order_detail VALUES("1820","687","31","0","1","32000","32000","0","-1");
INSERT INTO order_detail VALUES("1821","684","37","1","1","38000","38000","0","-1");
INSERT INTO order_detail VALUES("1822","685","53","1","1","38000","38000","0","-1");
INSERT INTO order_detail VALUES("1823","688","38","1","1","40000","40000","0","-1");
INSERT INTO order_detail VALUES("1824","689","42","1","2","38000","76000","0","-1");
INSERT INTO order_detail VALUES("1825","689","38","1","1","40000","40000","0","-1");
INSERT INTO order_detail VALUES("1826","689","91","1","1","20000","20000","0","-1");
INSERT INTO order_detail VALUES("1827","689","1","1","1","26000","26000","0","-1");
INSERT INTO order_detail VALUES("1829","686","40","1","1","38000","38000","0","-1");
INSERT INTO order_detail VALUES("1830","690","37","1","1","38000","38000","0","-1");
INSERT INTO order_detail VALUES("1839","694","31","0","1","32000","32000","0","-1");
INSERT INTO order_detail VALUES("1849","691","91","1","1","20000","20000","0","-1");
INSERT INTO order_detail VALUES("1850","692","3","1","2","30000","60000","0","-1");
INSERT INTO order_detail VALUES("1851","692","32","1","1","38000","38000","0","-1");
INSERT INTO order_detail VALUES("1882","696","45","1","1","40000","40000","0","-1");
INSERT INTO order_detail VALUES("1883","696","31","1","1","38000","38000","0","-1");
INSERT INTO order_detail VALUES("1886","693","86","1","1","35000","35000","0","-1");
INSERT INTO order_detail VALUES("1887","693","85","1","1","35000","35000","0","-1");
INSERT INTO order_detail VALUES("1888","693","46","1","1","45000","45000","0","-1");
INSERT INTO order_detail VALUES("1889","693","45","1","1","40000","40000","0","-1");
INSERT INTO order_detail VALUES("1890","693","2","1","2","30000","60000","0","-1");
INSERT INTO order_detail VALUES("1891","693","17","1","2","40000","80000","0","-1");
INSERT INTO order_detail VALUES("1892","693","47","1","1","35000","35000","0","-1");
INSERT INTO order_detail VALUES("1893","693","4","1","1","26000","26000","0","-1");
INSERT INTO order_detail VALUES("1894","695","23","1","1","32000","32000","0","-1");
INSERT INTO order_detail VALUES("1895","697","26","1","1","32000","32000","0","-1");
INSERT INTO order_detail VALUES("1896","697","86","1","1","35000","35000","0","-1");
INSERT INTO order_detail VALUES("1899","698","20","1","1","35000","35000","0","-1");
INSERT INTO order_detail VALUES("1900","698","28","1","1","32000","32000","0","-1");
INSERT INTO order_detail VALUES("1901","699","31","1","1","38000","38000","0","-1");
INSERT INTO order_detail VALUES("1902","699","1","1","1","26000","26000","0","-1");
INSERT INTO order_detail VALUES("1903","699","53","1","1","38000","38000","0","-1");
INSERT INTO order_detail VALUES("1907","700","2","1","1","30000","30000","0","-1");
INSERT INTO order_detail VALUES("1914","703","52","1","4","25000","100000","0","-1");
INSERT INTO order_detail VALUES("1915","704","52","1","4","25000","100000","0","-1");
INSERT INTO order_detail VALUES("1916","704","177","1","1","20000","20000","0","-1");
INSERT INTO order_detail VALUES("1917","704","178","1","1","7000","7000","0","-1");
INSERT INTO order_detail VALUES("1918","704","179","1","3","5000","15000","0","-1");
INSERT INTO order_detail VALUES("1919","706","47","1","1","35000","35000","0","-1");
INSERT INTO order_detail VALUES("1920","707","52","1","2","25000","50000","0","-1");
INSERT INTO order_detail VALUES("1921","702","43","1","2","35000","70000","0","-1");
INSERT INTO order_detail VALUES("1932","705","43","1","2","35000","70000","0","-1");
INSERT INTO order_detail VALUES("1933","701","43","1","1","35000","35000","0","-1");
INSERT INTO order_detail VALUES("1934","701","88","1","1","35000","35000","0","-1");
INSERT INTO order_detail VALUES("1935","701","42","1","1","38000","38000","0","-1");
INSERT INTO order_detail VALUES("1936","709","4","1","1","26000","26000","0","-1");
INSERT INTO order_detail VALUES("1937","708","52","1","1","25000","25000","0","-1");
INSERT INTO order_detail VALUES("1938","708","173","1","1","26000","26000","0","-1");
INSERT INTO order_detail VALUES("1939","708","42","0","1","32000","32000","0","-1");
INSERT INTO order_detail VALUES("1940","711","85","0","1","29000","29000","0","-1");
INSERT INTO order_detail VALUES("1941","712","91","1","1","20000","20000","0","-1");
INSERT INTO order_detail VALUES("1952","713","30","1","1","32000","32000","0","-1");
INSERT INTO order_detail VALUES("1953","713","37","1","1","38000","38000","0","-1");
INSERT INTO order_detail VALUES("1954","714","48","1","1","35000","35000","0","-1");
INSERT INTO order_detail VALUES("1955","714","3","1","1","30000","30000","0","-1");
INSERT INTO order_detail VALUES("1958","717","35","1","1","40000","40000","0","-1");
INSERT INTO order_detail VALUES("1959","715","17","1","1","40000","40000","0","-1");
INSERT INTO order_detail VALUES("1960","718","17","1","1","40000","40000","0","-1");
INSERT INTO order_detail VALUES("1961","716","13","1","2","35000","70000","0","-1");
INSERT INTO order_detail VALUES("1970","722","26","1","1","32000","32000","0","-1");
INSERT INTO order_detail VALUES("1971","722","5","1","1","30000","30000","0","-1");
INSERT INTO order_detail VALUES("1972","722","2","1","1","30000","30000","0","-1");
INSERT INTO order_detail VALUES("1973","720","8","1","1","30000","30000","0","-1");
INSERT INTO order_detail VALUES("1974","719","35","1","1","40000","40000","0","-1");
INSERT INTO order_detail VALUES("1979","723","91","1","1","20000","20000","0","-1");
INSERT INTO order_detail VALUES("1980","724","43","1","2","35000","70000","0","-1");
INSERT INTO order_detail VALUES("1981","725","52","1","1","25000","25000","0","-1");
INSERT INTO order_detail VALUES("1988","721","1","0","1","21000","21000","0","-1");
INSERT INTO order_detail VALUES("1989","721","52","1","2","25000","50000","0","-1");
INSERT INTO order_detail VALUES("1990","721","42","0","1","32000","32000","0","-1");
INSERT INTO order_detail VALUES("1991","727","29","1","1","32000","32000","0","-1");
INSERT INTO order_detail VALUES("1993","728","91","1","1","20000","20000","0","-1");
INSERT INTO order_detail VALUES("1994","726","42","0","1","32000","32000","0","-1");
INSERT INTO order_detail VALUES("1995","729","26","1","1","32000","32000","0","-1");
INSERT INTO order_detail VALUES("1996","730","35","1","1","40000","40000","0","-1");
INSERT INTO order_detail VALUES("1997","730","37","1","1","38000","38000","0","-1");
INSERT INTO order_detail VALUES("1998","730","39","1","1","42000","42000","0","-1");
INSERT INTO order_detail VALUES("1999","731","16","1","1","30000","30000","0","-1");
INSERT INTO order_detail VALUES("2000","731","37","1","1","38000","38000","0","-1");
INSERT INTO order_detail VALUES("2001","731","36","1","1","38000","38000","0","-1");
INSERT INTO order_detail VALUES("2002","732","1","1","1","26000","26000","0","-1");
INSERT INTO order_detail VALUES("2003","733","39","1","1","42000","42000","0","-1");
INSERT INTO order_detail VALUES("2004","734","2","1","1","30000","30000","0","-1");
INSERT INTO order_detail VALUES("2005","735","54","1","1","30000","30000","0","-1");
INSERT INTO order_detail VALUES("2006","736","1","1","1","26000","26000","0","-1");
INSERT INTO order_detail VALUES("2007","737","31","1","1","38000","38000","0","-1");
INSERT INTO order_detail VALUES("2008","737","6","1","1","30000","30000","0","-1");
INSERT INTO order_detail VALUES("2009","738","31","1","1","38000","38000","0","-1");
INSERT INTO order_detail VALUES("2010","739","2","1","1","30000","30000","0","-1");
INSERT INTO order_detail VALUES("2011","740","4","1","1","26000","26000","0","-1");
INSERT INTO order_detail VALUES("2012","741","88","1","1","35000","35000","0","-1");
INSERT INTO order_detail VALUES("2015","742","20","1","1","35000","35000","0","-1");
INSERT INTO order_detail VALUES("2016","742","29","1","1","32000","32000","0","-1");
INSERT INTO order_detail VALUES("2027","743","1","1","2","26000","52000","0","-1");
INSERT INTO order_detail VALUES("2028","743","35","1","1","40000","40000","0","-1");
INSERT INTO order_detail VALUES("2053","745","55","1","1","30000","30000","0","-1");
INSERT INTO order_detail VALUES("2054","745","15","1","1","35000","35000","0","-1");
INSERT INTO order_detail VALUES("2071","744","41","1","2","38000","76000","0","-1");
INSERT INTO order_detail VALUES("2072","744","16","1","1","30000","30000","0","-1");
INSERT INTO order_detail VALUES("2073","744","26","1","1","32000","32000","0","-1");
INSERT INTO order_detail VALUES("2074","744","17","1","1","40000","40000","0","-1");
INSERT INTO order_detail VALUES("2075","744","28","1","1","32000","32000","0","-1");
INSERT INTO order_detail VALUES("2076","744","7","1","1","30000","30000","0","-1");
INSERT INTO order_detail VALUES("2077","744","81","1","1","30000","30000","0","-1");
INSERT INTO order_detail VALUES("2078","744","85","1","1","35000","35000","0","-1");
INSERT INTO order_detail VALUES("2079","746","32","1","1","38000","38000","0","-1");
INSERT INTO order_detail VALUES("2080","746","86","1","1","35000","35000","0","-1");
INSERT INTO order_detail VALUES("2081","747","40","1","1","38000","38000","0","-1");
INSERT INTO order_detail VALUES("2082","748","1","1","1","26000","26000","0","-1");
INSERT INTO order_detail VALUES("2083","749","55","1","1","30000","30000","0","-1");
INSERT INTO order_detail VALUES("2088","750","1","1","1","26000","26000","0","-1");
INSERT INTO order_detail VALUES("2089","750","31","1","1","38000","38000","0","-1");
INSERT INTO order_detail VALUES("2091","752","52","1","2","25000","50000","0","-1");
INSERT INTO order_detail VALUES("2092","751","43","1","1","35000","35000","0","-1");
INSERT INTO order_detail VALUES("2093","753","52","1","2","25000","50000","0","-1");
INSERT INTO order_detail VALUES("2094","754","43","1","1","35000","35000","0","-1");
INSERT INTO order_detail VALUES("2095","755","52","1","3","25000","75000","0","-1");
INSERT INTO order_detail VALUES("2096","756","43","1","1","35000","35000","0","-1");
INSERT INTO order_detail VALUES("2097","757","26","1","1","32000","32000","0","-1");
INSERT INTO order_detail VALUES("2098","757","30","1","1","32000","32000","0","-1");
INSERT INTO order_detail VALUES("2099","758","2","1","1","30000","30000","0","-1");
INSERT INTO order_detail VALUES("2100","759","31","0","1","32000","32000","0","-1");
INSERT INTO order_detail VALUES("2101","760","3","1","1","30000","30000","0","-1");
INSERT INTO order_detail VALUES("2102","760","55","1","1","30000","30000","0","-1");
INSERT INTO order_detail VALUES("2103","761","36","0","1","32000","32000","0","-1");
INSERT INTO order_detail VALUES("2104","761","86","0","1","29000","29000","0","-1");
INSERT INTO order_detail VALUES("2111","762","23","1","1","32000","32000","0","-1");
INSERT INTO order_detail VALUES("2112","762","28","1","1","32000","32000","0","-1");
INSERT INTO order_detail VALUES("2113","764","180","1","3","10000","30000","0","-1");
INSERT INTO order_detail VALUES("2114","763","21","1","1","32000","32000","0","-1");
INSERT INTO order_detail VALUES("2115","763","5","1","1","30000","30000","0","-1");
INSERT INTO order_detail VALUES("2116","763","47","1","1","35000","35000","0","-1");
INSERT INTO order_detail VALUES("2117","765","1","1","1","26000","26000","0","-1");
INSERT INTO order_detail VALUES("2118","765","32","1","1","38000","38000","0","-1");
INSERT INTO order_detail VALUES("2119","766","47","1","1","35000","35000","0","-1");
INSERT INTO order_detail VALUES("2120","766","55","1","1","30000","30000","0","-1");
INSERT INTO order_detail VALUES("2128","770","52","1","4","25000","100000","0","-1");
INSERT INTO order_detail VALUES("2129","771","182","1","1","20000","20000","0","-1");
INSERT INTO order_detail VALUES("2130","772","183","1","1","20000","20000","0","-1");
INSERT INTO order_detail VALUES("2131","773","184","1","1","20000","20000","0","-1");
INSERT INTO order_detail VALUES("2135","769","43","1","3","35000","105000","0","-1");
INSERT INTO order_detail VALUES("2136","769","30","1","1","32000","32000","0","-1");
INSERT INTO order_detail VALUES("2137","769","31","0","2","32000","64000","0","-1");
INSERT INTO order_detail VALUES("2140","774","52","1","2","25000","50000","0","-1");
INSERT INTO order_detail VALUES("2141","768","46","1","1","45000","45000","0","-1");
INSERT INTO order_detail VALUES("2142","768","48","1","1","35000","35000","0","-1");
INSERT INTO order_detail VALUES("2143","768","43","1","2","35000","70000","0","-1");
INSERT INTO order_detail VALUES("2144","768","181","1","1","15000","15000","0","-1");
INSERT INTO order_detail VALUES("2145","768","55","0","1","24000","24000","0","-1");
INSERT INTO order_detail VALUES("2146","768","3","0","1","24000","24000","0","-1");
INSERT INTO order_detail VALUES("2147","768","1","0","1","21000","21000","0","-1");
INSERT INTO order_detail VALUES("2148","768","20","0","1","28000","28000","0","-1");
INSERT INTO order_detail VALUES("2149","768","33","0","1","32000","32000","0","-1");
INSERT INTO order_detail VALUES("2151","776","52","1","2","25000","50000","0","-1");
INSERT INTO order_detail VALUES("2154","778","52","1","2","25000","50000","0","-1");
INSERT INTO order_detail VALUES("2155","767","91","1","2","20000","40000","0","-1");
INSERT INTO order_detail VALUES("2156","767","42","1","1","38000","38000","0","-1");
INSERT INTO order_detail VALUES("2157","779","52","1","1","25000","25000","0","-1");
INSERT INTO order_detail VALUES("2162","775","88","1","1","35000","35000","0","-1");
INSERT INTO order_detail VALUES("2163","781","2","1","1","30000","30000","0","-1");
INSERT INTO order_detail VALUES("2164","781","3","1","1","30000","30000","0","-1");
INSERT INTO order_detail VALUES("2165","781","37","1","1","38000","38000","0","-1");
INSERT INTO order_detail VALUES("2166","780","2","1","1","30000","30000","0","-1");
INSERT INTO order_detail VALUES("2167","777","31","1","2","38000","76000","0","-1");
INSERT INTO order_detail VALUES("2168","777","20","1","1","35000","35000","0","-1");
INSERT INTO order_detail VALUES("2169","782","4","1","1","26000","26000","0","-1");
INSERT INTO order_detail VALUES("2170","782","47","1","1","35000","35000","0","-1");
INSERT INTO order_detail VALUES("2171","783","4","0","1","21000","21000","0","-1");
INSERT INTO order_detail VALUES("2172","784","185","1","1","500000","500000","0","-1");
INSERT INTO order_detail VALUES("2173","785","189","1","1","28000","28000","0","-1");
INSERT INTO order_detail VALUES("2175","786","4","1","1","26000","26000","0","-1");
INSERT INTO order_detail VALUES("2176","787","190","1","2","20000","40000","0","-1");
INSERT INTO order_detail VALUES("2179","789","36","0","1","38000","38000","0","-1");
INSERT INTO order_detail VALUES("2180","789","85","0","1","29000","29000","0","-1");
INSERT INTO order_detail VALUES("2191","790","6","1","1","30000","30000","0","-1");
INSERT INTO order_detail VALUES("2192","790","91","1","2","20000","40000","0","-1");
INSERT INTO order_detail VALUES("2193","790","34","1","1","38000","38000","0","-1");
INSERT INTO order_detail VALUES("2194","791","7","1","1","30000","30000","0","-1");
INSERT INTO order_detail VALUES("2195","791","23","1","1","32000","32000","0","-1");
INSERT INTO order_detail VALUES("2198","793","7","1","1","30000","30000","0","-1");
INSERT INTO order_detail VALUES("2199","793","23","1","1","32000","32000","0","-1");
INSERT INTO order_detail VALUES("2200","792","33","1","1","40000","40000","0","-1");
INSERT INTO order_detail VALUES("2201","792","83","1","1","38000","38000","0","-1");
INSERT INTO order_detail VALUES("2203","794","191","1","2","30000","60000","0","-1");
INSERT INTO order_detail VALUES("2204","795","43","1","1","35000","35000","0","-1");
INSERT INTO order_detail VALUES("2205","795","6","1","1","30000","30000","0","-1");
INSERT INTO order_detail VALUES("2206","795","47","1","1","35000","35000","0","-1");
INSERT INTO order_detail VALUES("2213","799","52","1","2","25000","50000","0","-1");
INSERT INTO order_detail VALUES("2214","800","52","1","4","25000","100000","0","-1");
INSERT INTO order_detail VALUES("2215","798","35","1","1","40000","40000","0","-1");
INSERT INTO order_detail VALUES("2216","798","43","1","3","35000","105000","0","-1");
INSERT INTO order_detail VALUES("2217","801","43","1","2","35000","70000","0","-1");
INSERT INTO order_detail VALUES("2220","802","52","1","2","25000","50000","0","-1");
INSERT INTO order_detail VALUES("2221","796","52","1","2","25000","50000","0","-1");
INSERT INTO order_detail VALUES("2225","803","35","0","1","34000","34000","0","-1");
INSERT INTO order_detail VALUES("2226","797","85","1","1","35000","35000","0","-1");
INSERT INTO order_detail VALUES("2227","797","2","1","1","30000","30000","0","-1");
INSERT INTO order_detail VALUES("2228","797","21","1","1","32000","32000","0","-1");
INSERT INTO order_detail VALUES("2229","797","128","1","1","30000","30000","0","-1");
INSERT INTO order_detail VALUES("2230","804","31","0","1","32000","32000","0","-1");
INSERT INTO order_detail VALUES("2234","806","52","1","1","25000","25000","0","-1");
INSERT INTO order_detail VALUES("2235","807","1","1","1","26000","26000","0","-1");
INSERT INTO order_detail VALUES("2236","808","37","1","1","38000","38000","0","-1");
INSERT INTO order_detail VALUES("2237","808","16","1","1","30000","30000","0","-1");
INSERT INTO order_detail VALUES("2238","809","18","1","2","30000","60000","0","-1");
INSERT INTO order_detail VALUES("2239","809","20","1","1","35000","35000","0","-1");
INSERT INTO order_detail VALUES("2240","809","5","1","1","30000","30000","0","-1");
INSERT INTO order_detail VALUES("2241","805","37","1","1","38000","38000","0","-1");
INSERT INTO order_detail VALUES("2242","805","1","1","1","26000","26000","0","-1");
INSERT INTO order_detail VALUES("2243","805","7","1","1","30000","30000","0","-1");
INSERT INTO order_detail VALUES("2244","810","18","0","1","24000","24000","0","-1");
INSERT INTO order_detail VALUES("2255","813","2","1","2","30000","60000","0","-1");
INSERT INTO order_detail VALUES("2256","813","42","1","2","38000","76000","0","-1");
INSERT INTO order_detail VALUES("2257","813","4","1","1","26000","26000","0","-1");
INSERT INTO order_detail VALUES("2258","813","173","1","1","26000","26000","0","-1");
INSERT INTO order_detail VALUES("2259","811","15","1","1","35000","35000","0","-1");
INSERT INTO order_detail VALUES("2260","811","8","1","1","30000","30000","0","-1");
INSERT INTO order_detail VALUES("2261","811","2","1","1","30000","30000","0","-1");
INSERT INTO order_detail VALUES("2262","811","31","1","1","38000","38000","0","-1");
INSERT INTO order_detail VALUES("2265","812","9","1","1","30000","30000","0","-1");
INSERT INTO order_detail VALUES("2266","812","17","1","1","40000","40000","0","-1");
INSERT INTO order_detail VALUES("2269","816","6","1","4","30000","120000","0","-1");
INSERT INTO order_detail VALUES("2270","816","8","1","1","30000","30000","0","-1");
INSERT INTO order_detail VALUES("2271","816","54","1","2","30000","60000","0","-1");
INSERT INTO order_detail VALUES("2272","816","88","1","1","35000","35000","0","-1");
INSERT INTO order_detail VALUES("2273","816","192","1","1","5000","5000","0","-1");
INSERT INTO order_detail VALUES("2279","821","52","1","2","25000","50000","0","-1");
INSERT INTO order_detail VALUES("2281","822","31","1","1","38000","38000","0","-1");
INSERT INTO order_detail VALUES("2282","817","35","1","1","40000","40000","0","-1");
INSERT INTO order_detail VALUES("2283","817","8","1","1","30000","30000","0","-1");
INSERT INTO order_detail VALUES("2284","819","43","1","2","35000","70000","0","-1");
INSERT INTO order_detail VALUES("2285","823","52","1","1","25000","25000","0","-1");
INSERT INTO order_detail VALUES("2286","824","52","1","2","25000","50000","0","-1");
INSERT INTO order_detail VALUES("2289","826","193","1","1","5000","5000","0","-1");
INSERT INTO order_detail VALUES("2290","827","52","1","1","25000","25000","0","-1");
INSERT INTO order_detail VALUES("2291","818","1","1","2","26000","52000","0","-1");
INSERT INTO order_detail VALUES("2292","820","43","1","2","35000","70000","0","-1");
INSERT INTO order_detail VALUES("2293","828","85","0","1","29000","29000","0","-1");
INSERT INTO order_detail VALUES("2294","828","36","0","1","32000","32000","0","-1");
INSERT INTO order_detail VALUES("2299","829","31","1","2","38000","76000","0","-1");
INSERT INTO order_detail VALUES("2300","829","12","1","1","35000","35000","0","-1");
INSERT INTO order_detail VALUES("2301","825","10","1","1","30000","30000","0","-1");
INSERT INTO order_detail VALUES("2302","825","16","1","1","30000","30000","0","-1");
INSERT INTO order_detail VALUES("2303","830","186","1","2","20000","40000","0","-1");
INSERT INTO order_detail VALUES("2306","832","186","1","2","20000","40000","0","-1");
INSERT INTO order_detail VALUES("2307","831","1","1","1","26000","26000","0","-1");
INSERT INTO order_detail VALUES("2308","831","17","1","1","40000","40000","0","-1");
INSERT INTO order_detail VALUES("2314","834","1","1","1","26000","26000","0","-1");
INSERT INTO order_detail VALUES("2315","833","24","1","1","32000","32000","0","-1");
INSERT INTO order_detail VALUES("2316","833","85","1","1","35000","35000","0","-1");
INSERT INTO order_detail VALUES("2317","833","41","1","1","38000","38000","0","-1");
INSERT INTO order_detail VALUES("2318","833","31","1","1","38000","38000","0","-1");
INSERT INTO order_detail VALUES("2327","835","1","1","1","26000","26000","0","-1");
INSERT INTO order_detail VALUES("2328","835","31","1","1","38000","38000","0","-1");
INSERT INTO order_detail VALUES("2329","835","186","1","3","20000","60000","0","-1");
INSERT INTO order_detail VALUES("2330","835","22","1","1","32000","32000","0","-1");
INSERT INTO order_detail VALUES("2333","837","31","1","1","38000","38000","0","-1");
INSERT INTO order_detail VALUES("2334","836","41","1","1","38000","38000","0","-1");
INSERT INTO order_detail VALUES("2335","838","47","1","1","35000","35000","0","-1");
INSERT INTO order_detail VALUES("2340","841","31","1","1","38000","38000","0","-1");
INSERT INTO order_detail VALUES("2341","840","1","1","1","26000","26000","0","-1");
INSERT INTO order_detail VALUES("2342","840","42","1","1","38000","38000","0","-1");
INSERT INTO order_detail VALUES("2343","842","52","1","4","25000","100000","0","-1");
INSERT INTO order_detail VALUES("2348","846","52","1","2","25000","50000","0","-1");
INSERT INTO order_detail VALUES("2355","839","2","1","1","30000","30000","0","-1");
INSERT INTO order_detail VALUES("2356","847","52","1","1","25000","25000","0","-1");
INSERT INTO order_detail VALUES("2357","843","52","1","2","25000","50000","0","-1");
INSERT INTO order_detail VALUES("2358","843","6","0","1","24000","24000","0","-1");
INSERT INTO order_detail VALUES("2359","848","43","1","1","35000","35000","0","-1");
INSERT INTO order_detail VALUES("2360","848","52","1","1","25000","25000","0","-1");
INSERT INTO order_detail VALUES("2363","850","1","0","1","21000","21000","0","-1");
INSERT INTO order_detail VALUES("2364","845","3","1","1","30000","30000","0","-1");
INSERT INTO order_detail VALUES("2365","845","52","1","1","25000","25000","0","-1");
INSERT INTO order_detail VALUES("2366","844","20","1","1","35000","35000","0","-1");
INSERT INTO order_detail VALUES("2367","844","20","0","1","28000","28000","0","-1");
INSERT INTO order_detail VALUES("2368","844","36","0","1","32000","32000","0","-1");
INSERT INTO order_detail VALUES("2369","849","39","1","1","42000","42000","0","-1");
INSERT INTO order_detail VALUES("2370","849","38","1","1","40000","40000","0","-1");
INSERT INTO order_detail VALUES("2375","851","36","1","1","38000","38000","0","-1");
INSERT INTO order_detail VALUES("2376","851","37","1","1","38000","38000","0","-1");
INSERT INTO order_detail VALUES("2398","852","35","1","2","40000","80000","0","-1");
INSERT INTO order_detail VALUES("2399","852","38","1","1","40000","40000","0","-1");
INSERT INTO order_detail VALUES("2400","852","48","1","3","35000","105000","0","-1");
INSERT INTO order_detail VALUES("2401","852","44","1","1","45000","45000","0","-1");
INSERT INTO order_detail VALUES("2402","852","26","1","1","32000","32000","0","-1");
INSERT INTO order_detail VALUES("2403","852","86","1","1","35000","35000","0","-1");
INSERT INTO order_detail VALUES("2404","852","45","1","1","40000","40000","0","-1");
INSERT INTO order_detail VALUES("2424","856","1","1","1","26000","26000","0","-1");
INSERT INTO order_detail VALUES("2425","853","35","1","2","40000","80000","0","-1");
INSERT INTO order_detail VALUES("2426","853","86","1","1","35000","35000","0","-1");
INSERT INTO order_detail VALUES("2427","853","26","1","1","32000","32000","0","-1");
INSERT INTO order_detail VALUES("2428","853","38","1","1","40000","40000","0","-1");
INSERT INTO order_detail VALUES("2429","853","48","1","3","35000","105000","0","-1");
INSERT INTO order_detail VALUES("2430","853","44","1","1","45000","45000","0","-1");
INSERT INTO order_detail VALUES("2431","853","45","1","1","40000","40000","0","-1");
INSERT INTO order_detail VALUES("2432","855","1","1","1","26000","26000","0","-1");
INSERT INTO order_detail VALUES("2433","855","5","1","1","30000","30000","0","-1");
INSERT INTO order_detail VALUES("2434","855","55","1","1","30000","30000","0","-1");
INSERT INTO order_detail VALUES("2435","855","11","1","2","35000","70000","0","-1");
INSERT INTO order_detail VALUES("2436","855","34","1","1","38000","38000","0","-1");
INSERT INTO order_detail VALUES("2437","854","26","1","1","32000","32000","0","-1");
INSERT INTO order_detail VALUES("2438","854","34","1","1","38000","38000","0","-1");
INSERT INTO order_detail VALUES("2439","854","45","1","1","40000","40000","0","-1");
INSERT INTO order_detail VALUES("2440","854","47","1","1","35000","35000","0","-1");
INSERT INTO order_detail VALUES("2441","857","88","1","1","35000","35000","0","-1");
INSERT INTO order_detail VALUES("2442","857","194","1","1","7000","7000","0","-1");
INSERT INTO order_detail VALUES("2445","860","196","1","1","40000","40000","0","-1");
INSERT INTO order_detail VALUES("2446","861","88","1","1","35000","35000","0","-1");
INSERT INTO order_detail VALUES("2447","861","197","1","1","7000","7000","0","-1");
INSERT INTO order_detail VALUES("2452","862","55","1","1","30000","30000","0","-1");
INSERT INTO order_detail VALUES("2453","862","7","1","1","30000","30000","0","-1");
INSERT INTO order_detail VALUES("2454","862","198","1","2","10000","20000","0","-1");
INSERT INTO order_detail VALUES("2455","864","32","1","1","38000","38000","0","-1");
INSERT INTO order_detail VALUES("2456","865","31","0","2","32000","64000","0","-1");
INSERT INTO order_detail VALUES("2457","863","45","1","1","40000","40000","0","-1");
INSERT INTO order_detail VALUES("2458","863","1","1","1","26000","26000","0","-1");
INSERT INTO order_detail VALUES("2459","866","35","1","1","40000","40000","0","-1");
INSERT INTO order_detail VALUES("2460","867","35","1","1","40000","40000","0","-1");
INSERT INTO order_detail VALUES("2462","869","52","1","1","25000","25000","0","-1");
INSERT INTO order_detail VALUES("2463","868","52","1","1","25000","25000","0","-1");
INSERT INTO order_detail VALUES("2464","870","52","1","2","25000","50000","0","-1");
INSERT INTO order_detail VALUES("2475","873","52","1","2","25000","50000","0","-1");
INSERT INTO order_detail VALUES("2479","871","41","1","1","38000","38000","0","-1");
INSERT INTO order_detail VALUES("2480","871","6","1","1","30000","30000","0","-1");
INSERT INTO order_detail VALUES("2481","871","6","1","1","30000","30000","0","-1");
INSERT INTO order_detail VALUES("2486","874","1","1","1","26000","26000","0","-1");
INSERT INTO order_detail VALUES("2487","874","2","1","1","30000","30000","0","-1");
INSERT INTO order_detail VALUES("2488","874","3","1","1","30000","30000","0","-1");
INSERT INTO order_detail VALUES("2489","874","18","1","1","30000","30000","0","-1");
INSERT INTO order_detail VALUES("2490","872","31","1","2","38000","76000","0","-1");
INSERT INTO order_detail VALUES("2491","872","17","1","2","40000","80000","0","-1");
INSERT INTO order_detail VALUES("2492","872","1","1","1","26000","26000","0","-1");
INSERT INTO order_detail VALUES("2493","872","43","1","1","35000","35000","0","-1");
INSERT INTO order_detail VALUES("2494","875","8","1","1","30000","30000","0","-1");
INSERT INTO order_detail VALUES("2495","876","31","0","1","32000","32000","0","-1");
INSERT INTO order_detail VALUES("2496","877","34","1","1","38000","38000","0","-1");
INSERT INTO order_detail VALUES("2497","877","36","1","1","38000","38000","0","-1");
INSERT INTO order_detail VALUES("2501","878","83","1","1","38000","38000","0","-1");
INSERT INTO order_detail VALUES("2502","878","31","1","2","38000","76000","0","-1");
INSERT INTO order_detail VALUES("2503","878","32","1","1","38000","38000","0","-1");
INSERT INTO order_detail VALUES("2505","879","1","1","1","26000","26000","0","-1");
INSERT INTO order_detail VALUES("2511","882","20","1","1","35000","35000","0","-1");
INSERT INTO order_detail VALUES("2512","882","34","1","1","38000","38000","0","-1");
INSERT INTO order_detail VALUES("2513","883","47","1","1","35000","35000","0","-1");
INSERT INTO order_detail VALUES("2514","883","34","1","1","38000","38000","0","-1");
INSERT INTO order_detail VALUES("2516","885","47","1","1","35000","35000","0","-1");
INSERT INTO order_detail VALUES("2517","885","31","1","1","38000","38000","0","-1");
INSERT INTO order_detail VALUES("2518","885","199","1","4","40000","160000","0","-1");
INSERT INTO order_detail VALUES("2519","880","35","1","1","40000","40000","0","-1");
INSERT INTO order_detail VALUES("2520","880","34","1","1","38000","38000","0","-1");
INSERT INTO order_detail VALUES("2521","880","26","1","1","32000","32000","0","-1");
INSERT INTO order_detail VALUES("2522","886","3","1","1","30000","30000","0","-1");
INSERT INTO order_detail VALUES("2523","887","6","1","1","30000","30000","0","-1");
INSERT INTO order_detail VALUES("2524","887","200","1","1","10000","10000","0","-1");
INSERT INTO order_detail VALUES("2525","888","6","1","1","30000","30000","0","-1");
INSERT INTO order_detail VALUES("2529","889","186","1","1","20000","20000","0","-1");
INSERT INTO order_detail VALUES("2530","889","54","1","1","30000","30000","0","-1");
INSERT INTO order_detail VALUES("2531","889","201","1","1","10000","10000","0","-1");
INSERT INTO order_detail VALUES("2532","889","202","1","1","29000","29000","0","-1");
INSERT INTO order_detail VALUES("2536","890","1","1","1","26000","26000","0","-1");
INSERT INTO order_detail VALUES("2537","892","203","1","1","20000","20000","0","-1");
INSERT INTO order_detail VALUES("2538","891","2","1","3","30000","90000","0","-1");
INSERT INTO order_detail VALUES("2539","891","5","1","1","30000","30000","0","-1");
INSERT INTO order_detail VALUES("2540","891","22","1","1","32000","32000","0","-1");
INSERT INTO order_detail VALUES("2546","895","35","1","1","40000","40000","0","-1");
INSERT INTO order_detail VALUES("2547","895","33","1","1","40000","40000","0","-1");
INSERT INTO order_detail VALUES("2548","895","37","1","1","38000","38000","0","-1");
INSERT INTO order_detail VALUES("2561","893","31","1","1","38000","38000","0","-1");
INSERT INTO order_detail VALUES("2562","893","88","1","1","35000","35000","0","-1");
INSERT INTO order_detail VALUES("2563","893","206","1","1","12000","12000","0","-1");
INSERT INTO order_detail VALUES("2594","894","204","1","1","18000","18000","0","-1");
INSERT INTO order_detail VALUES("2595","894","6","1","1","30000","30000","0","-1");
INSERT INTO order_detail VALUES("2596","894","53","1","1","38000","38000","0","-1");
INSERT INTO order_detail VALUES("2597","894","120","1","1","28000","28000","0","-1");
INSERT INTO order_detail VALUES("2598","894","47","1","2","35000","70000","0","-1");
INSERT INTO order_detail VALUES("2599","894","45","1","1","40000","40000","0","-1");
INSERT INTO order_detail VALUES("2600","894","205","1","1","30000","30000","0","-1");
INSERT INTO order_detail VALUES("2601","894","208","1","2","15000","30000","0","-1");
INSERT INTO order_detail VALUES("2602","894","1","1","1","26000","26000","0","-1");
INSERT INTO order_detail VALUES("2603","897","149","1","1","85000","85000","0","-1");
INSERT INTO order_detail VALUES("2609","898","155","1","2","10000","20000","0","-1");
INSERT INTO order_detail VALUES("2621","896","12","1","1","35000","35000","0","-1");
INSERT INTO order_detail VALUES("2622","896","45","1","1","40000","40000","0","-1");
INSERT INTO order_detail VALUES("2623","896","209","1","1","10000","10000","0","-1");
INSERT INTO order_detail VALUES("2624","896","31","1","1","38000","38000","0","-1");
INSERT INTO order_detail VALUES("2625","896","212","1","1","15000","15000","0","-1");
INSERT INTO order_detail VALUES("2626","899","31","1","1","38000","38000","0","-1");
INSERT INTO order_detail VALUES("2627","899","12","1","1","35000","35000","0","-1");
INSERT INTO order_detail VALUES("2628","899","45","1","1","40000","40000","0","-1");
INSERT INTO order_detail VALUES("2629","899","213","1","1","35000","35000","0","-1");
INSERT INTO order_detail VALUES("2630","899","214","1","1","12000","12000","0","-1");
INSERT INTO order_detail VALUES("2631","899","215","1","1","15000","15000","0","-1");
INSERT INTO order_detail VALUES("2644","900","47","1","2","35000","70000","0","-1");
INSERT INTO order_detail VALUES("2658","902","22","1","1","32000","32000","0","-1");
INSERT INTO order_detail VALUES("2659","902","30","1","1","32000","32000","0","-1");
INSERT INTO order_detail VALUES("2660","902","44","1","1","45000","45000","0","-1");
INSERT INTO order_detail VALUES("2661","901","30","1","2","32000","64000","0","-1");
INSERT INTO order_detail VALUES("2662","901","31","1","1","38000","38000","0","-1");
INSERT INTO order_detail VALUES("2663","901","12","1","1","35000","35000","0","-1");
INSERT INTO order_detail VALUES("2664","901","216","1","1","26000","26000","0","-1");
INSERT INTO order_detail VALUES("2665","903","37","1","1","38000","38000","0","-1");
INSERT INTO order_detail VALUES("2666","903","3","1","1","30000","30000","0","-1");
INSERT INTO order_detail VALUES("2667","904","34","1","2","38000","76000","0","-1");
INSERT INTO order_detail VALUES("2668","904","2","1","1","30000","30000","0","-1");
INSERT INTO order_detail VALUES("2669","904","40","1","1","38000","38000","0","-1");
INSERT INTO order_detail VALUES("2670","905","54","1","1","30000","30000","0","-1");
INSERT INTO order_detail VALUES("2673","906","31","1","1","38000","38000","0","-1");
INSERT INTO order_detail VALUES("2678","908","11","1","1","35000","35000","0","-1");
INSERT INTO order_detail VALUES("2679","908","13","1","1","35000","35000","0","-1");
INSERT INTO order_detail VALUES("2680","908","12","1","1","35000","35000","0","-1");
INSERT INTO order_detail VALUES("2681","910","52","1","2","25000","50000","0","-1");
INSERT INTO order_detail VALUES("2682","911","37","1","1","38000","38000","0","-1");
INSERT INTO order_detail VALUES("2688","912","52","1","2","25000","50000","0","-1");
INSERT INTO order_detail VALUES("2690","914","52","1","2","25000","50000","0","-1");
INSERT INTO order_detail VALUES("2691","914","217","1","1","5000","5000","0","-1");
INSERT INTO order_detail VALUES("2692","907","2","1","1","30000","30000","0","-1");
INSERT INTO order_detail VALUES("2693","907","52","1","2","25000","50000","0","-1");
INSERT INTO order_detail VALUES("2694","913","52","1","2","25000","50000","0","-1");
INSERT INTO order_detail VALUES("2695","909","37","1","1","38000","38000","0","-1");
INSERT INTO order_detail VALUES("2696","909","43","1","2","35000","70000","0","-1");
INSERT INTO order_detail VALUES("2697","909","1","1","1","26000","26000","0","-1");
INSERT INTO order_detail VALUES("2699","915","17","1","1","40000","40000","0","-1");
INSERT INTO order_detail VALUES("2700","915","31","1","1","38000","38000","0","-1");
INSERT INTO order_detail VALUES("2701","915","43","1","1","35000","35000","0","-1");
INSERT INTO order_detail VALUES("2702","915","218","1","1","32000","32000","0","-1");
INSERT INTO order_detail VALUES("2707","917","1","1","1","26000","26000","0","-1");



DROP TABLE orders;

CREATE TABLE `orders` (
  `id` int(11) NOT NULL AUTO_INCREMENT,
  `table_id` int(11) NOT NULL,
  `create_date` bigint(20) NOT NULL,
  `total_cost` double NOT NULL,
  `total_real_cost` double NOT NULL,
  `isdelete` int(11) NOT NULL,
  `coupon_id` int(11) DEFAULT NULL,
  `user_id` int(11) NOT NULL,
  `surtax_id` int(5) NOT NULL,
  `status` varchar(100) COLLATE utf8_unicode_ci NOT NULL,
  PRIMARY KEY (`id`)
) ENGINE=InnoDB AUTO_INCREMENT=918 DEFAULT CHARSET=utf8 COLLATE=utf8_unicode_ci;

INSERT INTO orders VALUES("1","1","1413256509","26000","26000","1","-1","1","0","");
INSERT INTO orders VALUES("2","1","1413257006","56000","56000","1","-1","1","0","");
INSERT INTO orders VALUES("3","1","1413257457","26000","26000","1","-1","1","0","");
INSERT INTO orders VALUES("4","4","1413261775","128000","128000","0","-1","3","0","");
INSERT INTO orders VALUES("5","1","1413262961","128000","128000","0","-1","3","0","");
INSERT INTO orders VALUES("6","1","1413264923","26000","26000","0","-1","3","0","");
INSERT INTO orders VALUES("7","1","1413269590","245000","175000","0","1","3","0","");
INSERT INTO orders VALUES("8","1","1413275174","122000","85400","0","2","3","0","");
INSERT INTO orders VALUES("9","1","1413275791","87000","87000","0","-1","3","0","");
INSERT INTO orders VALUES("10","1","1413276210","162000","177000","1","3","1","1","");
INSERT INTO orders VALUES("11","1","1413280226","87000","60900","0","4","3","0","");
INSERT INTO orders VALUES("12","1","1413289613","40000","28000","0","5","3","0","");
INSERT INTO orders VALUES("13","1","1413293109","60000","48000","0","6","3","0","");
INSERT INTO orders VALUES("14","1","1413296042","142000","113600","0","7","3","0","");
INSERT INTO orders VALUES("15","1","1413296734","174000","139200","0","8","3","0","");
INSERT INTO orders VALUES("16","1","1413338123","228000","182000","1","18","1","0","");
INSERT INTO orders VALUES("17","1","1413338151","26000","26000","0","-1","3","0","");
INSERT INTO orders VALUES("18","1","1413338948","90000","72000","1","22","1","0","");
INSERT INTO orders VALUES("19","1","1413338958","30000","24000","1","15","1","0","");
INSERT INTO orders VALUES("20","1","1413338972","30000","24000","1","16","1","0","");
INSERT INTO orders VALUES("21","1","1413338984","30000","30000","1","24","1","0","");
INSERT INTO orders VALUES("22","1","1413339747","21000","21000","0","-1","3","0","");
INSERT INTO orders VALUES("23","1","1413342141","61000","49000","0","9","3","0","");
INSERT INTO orders VALUES("24","1","1413346936","224000","179000","1","22","4","0","");
INSERT INTO orders VALUES("25","1","1413347443","90000","90000","1","25","4","0","");
INSERT INTO orders VALUES("26","1","1413347531","210000","105000","1","25","4","0","");
INSERT INTO orders VALUES("27","1","1413347616","602000","301000","1","25","4","0","");
INSERT INTO orders VALUES("28","1","1413352100","280000","200000","0","26","3","0","");
INSERT INTO orders VALUES("29","1","1413356531","24000","24000","0","-1","3","0","");
INSERT INTO orders VALUES("30","1","1413369451","125000","100000","0","10","3","0","");
INSERT INTO orders VALUES("31","1","1413425966","21000","21000","0","-1","3","0","");
INSERT INTO orders VALUES("32","1","1413437850","70000","56000","0","22","3","0","");
INSERT INTO orders VALUES("33","1","1413438827","25000","25000","0","-1","3","0","");
INSERT INTO orders VALUES("34","1","1413438883","25000","25000","0","-1","3","0","");
INSERT INTO orders VALUES("35","1","1413438968","50000","50000","0","-1","3","0","");
INSERT INTO orders VALUES("36","1","1413440909","25000","25000","0","-1","3","0","");
INSERT INTO orders VALUES("37","1","1413452605","26000","26000","0","-1","3","0","");
INSERT INTO orders VALUES("38","1","1413459339","24000","24000","0","-1","3","0","");
INSERT INTO orders VALUES("39","1","1413459432","72000","72000","0","-1","3","0","");
INSERT INTO orders VALUES("40","1","1413523589","25000","25000","0","-1","3","0","");
INSERT INTO orders VALUES("41","1","1413523635","25000","25000","0","-1","3","0","");
INSERT INTO orders VALUES("42","1","1413524297","50000","50000","0","-1","3","0","");
INSERT INTO orders VALUES("43","1","1413528209","100000","100000","0","-1","3","0","");
INSERT INTO orders VALUES("44","1","1413528260","25000","25000","0","-1","3","0","");
INSERT INTO orders VALUES("45","1","1413533867","135000","108000","0","22","3","0","");
INSERT INTO orders VALUES("46","1","1413549561","87000","87000","1","-1","3","0","");
INSERT INTO orders VALUES("47","1","1413549947","96000","96000","0","-1","3","0","");
INSERT INTO orders VALUES("48","1","1413604345","91000","91000","1","-1","3","0","");
INSERT INTO orders VALUES("49","1","1413604385","91000","73000","0","22","3","0","");
INSERT INTO orders VALUES("50","1","1413604471","26000","21000","0","22","3","0","");
INSERT INTO orders VALUES("52","1","1413604648","24000","24000","1","-1","3","0","");
INSERT INTO orders VALUES("53","1","1413604777","30000","24000","0","22","3","0","");
INSERT INTO orders VALUES("54","1","1413606387","86000","69000","1","22","3","0","");
INSERT INTO orders VALUES("55","1","1413607208","60000","48000","0","22","3","0","");
INSERT INTO orders VALUES("56","1","1413607246","26000","21000","0","22","3","0","");
INSERT INTO orders VALUES("57","1","1413607803","35000","28000","0","22","3","0","");
INSERT INTO orders VALUES("58","1","1413607864","88000","70000","0","22","3","0","");
INSERT INTO orders VALUES("59","1","1413608037","56000","45000","0","22","3","0","");
INSERT INTO orders VALUES("60","1","1413609726","25000","25000","0","-1","3","0","");
INSERT INTO orders VALUES("61","1","1413609799","80000","64000","0","22","3","0","");
INSERT INTO orders VALUES("62","1","1413610018","120000","96000","0","22","3","0","");
INSERT INTO orders VALUES("63","1","1413610102","35000","28000","0","22","3","0","");
INSERT INTO orders VALUES("64","1","1413610489","38000","30000","0","22","3","0","");
INSERT INTO orders VALUES("65","1","1413610550","56000","45000","0","22","3","0","");
INSERT INTO orders VALUES("66","1","1413612361","45000","36000","0","22","3","0","");
INSERT INTO orders VALUES("67","1","1413612472","26000","21000","0","22","3","0","");
INSERT INTO orders VALUES("68","1","1413614141","140000","112000","0","22","3","0","");
INSERT INTO orders VALUES("69","1","1413614359","245000","196000","0","22","3","0","");
INSERT INTO orders VALUES("70","1","1413616742","38000","30000","0","22","3","0","");
INSERT INTO orders VALUES("71","1","1413617224","70000","56000","0","22","3","0","");
INSERT INTO orders VALUES("72","1","1413617277","25000","25000","0","-1","3","0","");
INSERT INTO orders VALUES("73","1","1413619111","70000","56000","0","22","1","0","");
INSERT INTO orders VALUES("74","1","1413620185","35000","28000","0","22","1","0","");
INSERT INTO orders VALUES("75","1","1413620308","35000","28000","0","22","3","0","");
INSERT INTO orders VALUES("76","1","1413620582","35000","28000","0","22","3","0","");
INSERT INTO orders VALUES("77","1","1413621919","32000","26000","0","22","3","0","");
INSERT INTO orders VALUES("78","1","1413628407","32000","26000","0","22","3","0","");
INSERT INTO orders VALUES("79","1","1413632798","40000","32000","0","22","3","0","");
INSERT INTO orders VALUES("80","1","1413636953","110000","88000","0","22","3","0","");
INSERT INTO orders VALUES("81","1","1413637281","161000","161000","0","-1","3","0","");
INSERT INTO orders VALUES("82","1","1413637342","90000","72000","0","22","3","0","");
INSERT INTO orders VALUES("83","1","1413637415","67000","54000","0","22","3","0","");
INSERT INTO orders VALUES("84","1","1413637897","64000","51000","0","22","3","0","");
INSERT INTO orders VALUES("85","1","1413640542","72000","58000","0","22","3","0","");
INSERT INTO orders VALUES("86","1","1413640624","61000","49000","0","22","3","0","");
INSERT INTO orders VALUES("87","1","1413640700","96000","77000","0","22","3","0","");
INSERT INTO orders VALUES("89","1","1413640932","158000","126000","0","22","3","0","");
INSERT INTO orders VALUES("90","1","1413642731","38000","30000","0","22","3","0","");
INSERT INTO orders VALUES("91","1","1413644817","70000","56000","0","22","3","0","");
INSERT INTO orders VALUES("92","1","1413644941","30000","24000","0","22","3","0","");
INSERT INTO orders VALUES("93","1","1413645007","45000","36000","0","22","3","0","");
INSERT INTO orders VALUES("94","1","1413645421","35000","35000","0","-1","3","0","");
INSERT INTO orders VALUES("95","1","1413645471","137000","110000","0","22","3","0","");
INSERT INTO orders VALUES("96","1","1413646989","32000","26000","0","22","3","0","");
INSERT INTO orders VALUES("97","1","1413693280","60000","48000","0","22","3","0","");
INSERT INTO orders VALUES("98","1","1413695770","207000","207000","1","-1","5","0","");
INSERT INTO orders VALUES("99","1","1413695821","207000","166000","0","22","5","0","");
INSERT INTO orders VALUES("100","1","1413701815","101000","81000","0","22","5","0","");
INSERT INTO orders VALUES("101","1","1413714636","35000","28000","0","22","5","0","");
INSERT INTO orders VALUES("102","1","1413721208","126000","101000","0","22","5","0","");
INSERT INTO orders VALUES("103","1","1413726880","100000","80000","0","22","5","0","");
INSERT INTO orders VALUES("104","1","1413727261","26000","21000","0","22","5","0","");
INSERT INTO orders VALUES("105","1","1413774818","56000","56000","0","-1","5","0","");
INSERT INTO orders VALUES("106","1","1413779046","52000","52000","0","-1","5","0","");
INSERT INTO orders VALUES("107","1","1413783883","105000","105000","1","-1","5","0","");
INSERT INTO orders VALUES("108","1","1413783981","75000","75000","0","-1","5","0","");
INSERT INTO orders VALUES("109","1","1413785595","25000","25000","0","-1","5","0","");
INSERT INTO orders VALUES("110","1","1413787231","70000","56000","0","22","5","0","");
INSERT INTO orders VALUES("111","1","1413787299","25000","25000","0","-1","5","0","");
INSERT INTO orders VALUES("112","1","1413787712","255000","255000","0","-1","5","0","");
INSERT INTO orders VALUES("113","1","1413789951","87000","70000","0","22","5","0","");
INSERT INTO orders VALUES("114","1","1413793885","58000","58000","0","-1","5","0","");
INSERT INTO orders VALUES("115","1","1413794559","35000","28000","0","22","5","0","");
INSERT INTO orders VALUES("116","1","1413796665","26000","26000","0","-1","5","0","");
INSERT INTO orders VALUES("117","1","1413799453","67000","54000","0","22","5","0","");
INSERT INTO orders VALUES("118","1","1413801647","30000","24000","0","22","5","0","");
INSERT INTO orders VALUES("119","1","1413805278","26000","26000","0","-1","3","0","");
INSERT INTO orders VALUES("120","1","1413808029","35000","28000","0","22","3","0","");
INSERT INTO orders VALUES("121","1","1413808110","90000","72000","0","22","3","0","");
INSERT INTO orders VALUES("122","1","1413815524","70000","56000","0","22","3","0","");
INSERT INTO orders VALUES("123","1","1413815670","111000","111000","0","-1","3","0","");
INSERT INTO orders VALUES("124","1","1413859371","26000","26000","0","-1","5","0","");
INSERT INTO orders VALUES("125","1","1413863128","97000","97000","0","-1","5","0","");
INSERT INTO orders VALUES("126","1","1413868675","104000","104000","1","-1","1","0","");
INSERT INTO orders VALUES("127","1","1413868768","156000","156000","1","-1","1","0","");
INSERT INTO orders VALUES("128","1","1413870060","50000","50000","0","-1","5","0","");
INSERT INTO orders VALUES("129","1","1413870465","125000","125000","0","-1","5","0","");
INSERT INTO orders VALUES("130","1","1413870561","70000","70000","0","-1","5","0","");
INSERT INTO orders VALUES("131","1","1413871373","135000","135000","0","-1","5","0","");
INSERT INTO orders VALUES("132","1","1413871523","96000","96000","0","-1","5","0","");
INSERT INTO orders VALUES("133","1","1413872060","25000","25000","0","-1","5","0","");
INSERT INTO orders VALUES("134","1","1413872176","50000","50000","0","-1","5","0","");
INSERT INTO orders VALUES("135","1","1413878721","60000","60000","1","-1","4","0","");
INSERT INTO orders VALUES("136","1","1413878876","120000","120000","1","-1","4","0","");
INSERT INTO orders VALUES("137","1","1413878916","77000","77000","1","-1","4","0","");
INSERT INTO orders VALUES("138","1","1413882474","40000","32000","0","22","5","0","");
INSERT INTO orders VALUES("139","1","1413885585","60000","60000","0","-1","5","0","");
INSERT INTO orders VALUES("140","1","1413886467","20000","20000","0","-1","5","0","");
INSERT INTO orders VALUES("141","1","1413894330","62000","50000","1","22","3","0","");
INSERT INTO orders VALUES("142","1","1413894361","0","0","0","-1","3","0","");
INSERT INTO orders VALUES("143","1","1413894361","0","0","0","-1","3","0","");
INSERT INTO orders VALUES("144","1","1413894401","62000","62000","0","-1","3","0","");
INSERT INTO orders VALUES("145","1","1413904154","60000","60000","0","-1","3","0","");
INSERT INTO orders VALUES("146","1","1413945943","60000","60000","0","-1","5","0","");
INSERT INTO orders VALUES("147","1","1413952707","126000","101000","0","22","5","0","");
INSERT INTO orders VALUES("148","1","1413952740","75000","75000","0","-1","5","0","");
INSERT INTO orders VALUES("149","1","1413955488","100000","100000","0","-1","5","0","");
INSERT INTO orders VALUES("150","1","1413956199","70000","70000","0","-1","5","0","");
INSERT INTO orders VALUES("151","1","1413956387","86000","86000","0","-1","5","0","");
INSERT INTO orders VALUES("152","1","1413961782","55000","44000","0","22","5","0","");
INSERT INTO orders VALUES("153","1","1413970517","35000","28000","0","22","5","0","");
INSERT INTO orders VALUES("154","1","1413985486","145000","145000","0","-1","3","0","");
INSERT INTO orders VALUES("155","1","1413985742","50000","50000","0","-1","3","0","");
INSERT INTO orders VALUES("156","1","1413985884","173000","173000","0","-1","3","0","");
INSERT INTO orders VALUES("157","1","1414040108","64000","64000","0","-1","5","0","");
INSERT INTO orders VALUES("158","1","1414041322","172000","172000","0","-1","5","0","");
INSERT INTO orders VALUES("159","1","1414042812","140000","140000","0","-1","5","0","");
INSERT INTO orders VALUES("160","1","1414042996","70000","70000","0","-1","5","0","");
INSERT INTO orders VALUES("161","1","1414043024","50000","50000","0","-1","5","0","");
INSERT INTO orders VALUES("162","1","1414044963","26000","26000","0","-1","5","0","");
INSERT INTO orders VALUES("163","1","1414045153","61000","61000","0","-1","5","0","");
INSERT INTO orders VALUES("164","1","1414045967","50000","50000","0","-1","5","0","");
INSERT INTO orders VALUES("165","1","1414050338","70000","70000","0","-1","5","0","");
INSERT INTO orders VALUES("166","1","1414051630","55000","44000","0","22","5","0","");
INSERT INTO orders VALUES("167","1","1414052247","180000","180000","0","-1","5","0","");
INSERT INTO orders VALUES("168","1","1414052421","180000","180000","1","-1","5","0","");
INSERT INTO orders VALUES("169","1","1414055882","64000","64000","0","-1","5","0","");
INSERT INTO orders VALUES("170","1","1414059852","86000","86000","1","-1","4","0","");
INSERT INTO orders VALUES("171","1","1414059961","86000","86000","1","-1","4","0","");
INSERT INTO orders VALUES("172","1","1414059970","50000","50000","1","-1","1","0","");
INSERT INTO orders VALUES("173","1","1414060105","45000","45000","1","-1","1","0","");
INSERT INTO orders VALUES("174","1","1414060432","62000","62000","1","-1","4","0","");
INSERT INTO orders VALUES("175","1","1414060563","92000","92000","1","-1","4","0","");
INSERT INTO orders VALUES("176","1","1414060700","146000","146000","1","-1","4","0","");
INSERT INTO orders VALUES("177","1","1414061411","110000","88000","0","22","3","0","");
INSERT INTO orders VALUES("178","1","1414074002","35000","35000","0","-1","3","0","");
INSERT INTO orders VALUES("179","1","1414089998","75000","75000","0","-1","5","0","");
INSERT INTO orders VALUES("180","1","1414090166","25000","25000","0","-1","5","0","");
INSERT INTO orders VALUES("181","1","1414090568","70000","70000","0","-1","5","0","");
INSERT INTO orders VALUES("182","1","1414090691","50000","50000","0","-1","5","0","");
INSERT INTO orders VALUES("183","1","1414092721","105000","105000","0","-1","5","0","");
INSERT INTO orders VALUES("184","1","1414102272","30000","30000","0","-1","5","0","");
INSERT INTO orders VALUES("185","1","1414120639","26000","26000","0","-1","3","0","");
INSERT INTO orders VALUES("186","1","1414203758","95000","95000","0","-1","5","0","");
INSERT INTO orders VALUES("187","1","1414209247","27000","27000","0","-1","5","0","");
INSERT INTO orders VALUES("188","1","1414211484","35000","28000","0","22","5","0","");
INSERT INTO orders VALUES("189","1","1414212663","20000","20000","0","-1","5","0","");
INSERT INTO orders VALUES("190","1","1414213187","30000","30000","0","-1","5","0","");
INSERT INTO orders VALUES("191","1","1414213250","30000","30000","0","-1","5","0","");
INSERT INTO orders VALUES("192","1","1414216551","60000","60000","0","-1","5","0","");
INSERT INTO orders VALUES("193","1","1414223244","25000","25000","0","-1","5","0","");
INSERT INTO orders VALUES("194","1","1414223398","145000","116000","0","22","5","0","");
INSERT INTO orders VALUES("195","1","1414223632","35000","28000","0","22","5","0","");
INSERT INTO orders VALUES("196","1","1414224851","40000","40000","1","-1","5","0","");
INSERT INTO orders VALUES("197","1","1414224874","40000","32000","0","22","5","0","");
INSERT INTO orders VALUES("198","1","1414233644","32000","32000","0","-1","3","0","");
INSERT INTO orders VALUES("199","1","1414235169","93000","93000","0","-1","3","0","");
INSERT INTO orders VALUES("200","1","1414247731","77000","62000","0","22","3","0","");
INSERT INTO orders VALUES("201","1","1414295577","60000","60000","0","-1","5","0","");
INSERT INTO orders VALUES("202","1","1414296052","70000","70000","0","-1","5","0","");
INSERT INTO orders VALUES("203","1","1414296106","30000","30000","0","-1","5","0","");
INSERT INTO orders VALUES("204","1","1414297313","65000","65000","0","-1","5","0","");
INSERT INTO orders VALUES("205","1","1414310446","60000","60000","0","-1","5","0","");
INSERT INTO orders VALUES("206","1","1414310799","91000","73000","0","22","5","0","");
INSERT INTO orders VALUES("207","1","1414317802","145000","145000","1","-1","5","0","");
INSERT INTO orders VALUES("208","1","1414319862","70000","70000","1","-1","3","0","");
INSERT INTO orders VALUES("209","1","1414323392","70000","56000","0","22","3","0","");
INSERT INTO orders VALUES("210","1","1414323497","145000","145000","1","-1","3","0","");
INSERT INTO orders VALUES("211","1","1414329244","215000","215000","0","-1","3","0","");
INSERT INTO orders VALUES("212","1","1414332070","64000","64000","0","-1","3","0","");
INSERT INTO orders VALUES("213","1","1414332250","105000","105000","0","-1","3","0","");
INSERT INTO orders VALUES("214","1","1414387155","50000","50000","0","-1","5","0","");
INSERT INTO orders VALUES("215","1","1414388630","191000","191000","0","-1","5","0","");
INSERT INTO orders VALUES("216","1","1414388661","50000","50000","0","-1","5","0","");
INSERT INTO orders VALUES("217","1","1414388714","50000","50000","0","-1","5","0","");
INSERT INTO orders VALUES("218","1","1414388767","38000","27000","0","23","5","0","");
INSERT INTO orders VALUES("219","1","1414388834","25000","25000","0","-1","5","0","");
INSERT INTO orders VALUES("220","1","1414396180","65000","52000","0","22","5","0","");
INSERT INTO orders VALUES("221","1","1414397231","30000","24000","0","22","5","0","");
INSERT INTO orders VALUES("222","1","1414397701","26000","26000","0","-1","5","0","");
INSERT INTO orders VALUES("223","1","1414400170","30000","24000","0","22","5","0","");
INSERT INTO orders VALUES("224","1","1414412794","134000","134000","1","-1","3","0","");
INSERT INTO orders VALUES("225","1","1414413126","169000","169000","0","-1","3","0","");
INSERT INTO orders VALUES("226","1","1414419174","68000","68000","0","-1","3","0","");
INSERT INTO orders VALUES("227","1","1414421883","30000","30000","0","-1","3","0","");
INSERT INTO orders VALUES("228","1","1414470770","26000","26000","0","-1","5","0","");
INSERT INTO orders VALUES("229","1","1414474079","75000","75000","0","-1","5","0","");
INSERT INTO orders VALUES("230","1","1414474119","25000","25000","0","-1","5","0","");
INSERT INTO orders VALUES("231","1","1414476427","46000","46000","0","-1","5","0","");
INSERT INTO orders VALUES("232","1","1414476991","25000","25000","0","-1","5","0","");
INSERT INTO orders VALUES("233","1","1414477048","61000","61000","0","-1","5","0","");
INSERT INTO orders VALUES("234","1","1414490991","32000","32000","0","-1","5","0","");
INSERT INTO orders VALUES("235","1","1414506793","76000","76000","0","-1","3","0","");
INSERT INTO orders VALUES("236","1","1414554469","30000","30000","0","-1","5","0","");
INSERT INTO orders VALUES("237","1","1414554492","30000","30000","0","-1","5","0","");
INSERT INTO orders VALUES("238","1","1414557854","145000","116000","0","22","5","0","");
INSERT INTO orders VALUES("239","1","1414561292","50000","50000","0","-1","5","0","");
INSERT INTO orders VALUES("240","1","1414562079","83000","83000","0","-1","5","0","");
INSERT INTO orders VALUES("241","1","1414562288","105000","105000","0","-1","5","0","");
INSERT INTO orders VALUES("242","1","1414562467","50000","50000","0","-1","5","0","");
INSERT INTO orders VALUES("243","1","1414563020","70000","70000","0","-1","5","0","");
INSERT INTO orders VALUES("244","1","1414564764","25000","25000","0","-1","5","0","");
INSERT INTO orders VALUES("245","1","1414568764","38000","31000","0","22","5","0","");
INSERT INTO orders VALUES("246","1","1414572434","30000","24000","0","22","5","0","");
INSERT INTO orders VALUES("247","1","1414591727","64000","64000","0","-1","3","0","");
INSERT INTO orders VALUES("248","1","1414592457","100000","100000","0","-1","3","0","");
INSERT INTO orders VALUES("249","1","1414594110","65000","65000","0","-1","3","0","");
INSERT INTO orders VALUES("250","1","1414638730","40000","32000","0","22","5","0","");
INSERT INTO orders VALUES("251","1","1414638854","60000","48000","0","22","5","0","");
INSERT INTO orders VALUES("252","1","1414638973","131000","131000","0","-1","5","0","");
INSERT INTO orders VALUES("253","1","1414646774","168000","168000","0","-1","5","0","");
INSERT INTO orders VALUES("254","1","1414646993","75000","75000","0","-1","5","0","");
INSERT INTO orders VALUES("255","1","1414647933","215000","215000","0","-1","5","0","");
INSERT INTO orders VALUES("256","1","1414648317","108000","108000","0","-1","5","0","");
INSERT INTO orders VALUES("257","1","1414649254","50000","50000","0","-1","5","0","");
INSERT INTO orders VALUES("258","1","1414652537","171000","171000","0","-1","5","0","");
INSERT INTO orders VALUES("259","1","1414652953","25000","25000","0","-1","5","0","");
INSERT INTO orders VALUES("260","1","1414654473","25000","25000","0","-1","5","0","");
INSERT INTO orders VALUES("261","1","1414655548","167000","167000","0","-1","5","0","");
INSERT INTO orders VALUES("262","1","1414661227","82000","82000","1","-1","1","0","finish");
INSERT INTO orders VALUES("263","1","1414661550","82000","82000","1","-1","1","0","finish");
INSERT INTO orders VALUES("266","2","1414662414","52000","52000","0","-1","5","0","finish");
INSERT INTO orders VALUES("270","2","1414667574","56000","56000","0","-1","3","0","finish");
INSERT INTO orders VALUES("271","1","1414667627","38000","38000","1","-1","3","0","finish");
INSERT INTO orders VALUES("272","1","1414667708","38000","38000","0","-1","3","0","finish");
INSERT INTO orders VALUES("273","2","1414667767","38000","38000","1","-1","3","0","finish");
INSERT INTO orders VALUES("274","1","1414676081","72000","72000","0","-1","3","0","finish");
INSERT INTO orders VALUES("275","1","1414676070","0","0","1","-1","3","0","finish");
INSERT INTO orders VALUES("280","2","1414723441","56000","56000","1","-1","4","0","finish");
INSERT INTO orders VALUES("281","2","1414723386","0","0","1","-1","3","0","finish");
INSERT INTO orders VALUES("283","2","1414723406","0","0","1","-1","4","0","finish");
INSERT INTO orders VALUES("284","5","1414723827","116000","116000","1","-1","4","0","finish");
INSERT INTO orders VALUES("285","1","1414732569","61000","61000","0","-1","5","0","finish");
INSERT INTO orders VALUES("286","1","1414730516","38000","38000","1","-1","5","0","finish");
INSERT INTO orders VALUES("288","1","1414734542","105000","105000","0","-1","5","0","finish");
INSERT INTO orders VALUES("289","3","1414733408","25000","25000","0","-1","5","0","finish");
INSERT INTO orders VALUES("290","1","1414733459","70000","70000000","1","-1","5","0","finish");
INSERT INTO orders VALUES("291","1","1414734513","50000","50000","0","-1","5","0","finish");
INSERT INTO orders VALUES("292","1","1414734639","70000","70000","0","-1","5","0","finish");
INSERT INTO orders VALUES("294","3","1414735300","75000","75000","0","-1","5","0","finish");
INSERT INTO orders VALUES("295","2","1414736684","25000","25000","0","-1","5","0","finish");
INSERT INTO orders VALUES("297","1","1414737900","50000","50000","0","-1","5","0","finish");
INSERT INTO orders VALUES("298","1","1414737955","30000","24000","0","22","5","0","finish");
INSERT INTO orders VALUES("299","1","1414741609","38000","31000","0","22","5","0","finish");
INSERT INTO orders VALUES("300","1","1414748685","24000","24000","0","-1","5","0","finish");
INSERT INTO orders VALUES("301","1","1414759809","38000","38000","0","-1","3","0","finish");
INSERT INTO orders VALUES("303","1","1414761699","76000","76000","0","-1","3","0","finish");
INSERT INTO orders VALUES("304","3","1414767060","70000","70000","0","-1","3","0","finish");
INSERT INTO orders VALUES("305","2","1414768341","108000","108000","0","-1","3","0","finish");
INSERT INTO orders VALUES("306","1","1414808649","105000","105000","0","-1","5","0","finish");
INSERT INTO orders VALUES("308","1","1414817646","30000","30000","1","-1","3","0","finish");
INSERT INTO orders VALUES("309","2","1414825107","100000","100000","0","-1","5","0","finish");
INSERT INTO orders VALUES("310","2","1414820423","25000","25000","0","-1","5","0","finish");
INSERT INTO orders VALUES("311","4","1414821854","105000","105000","0","-1","5","0","finish");
INSERT INTO orders VALUES("312","2","1414824782","61000","61000","0","-1","5","0","finish");
INSERT INTO orders VALUES("313","3","1414824749","80000","64000","0","22","5","0","finish");
INSERT INTO orders VALUES("314","1","1414827031","113000","91000","0","22","5","0","finish");
INSERT INTO orders VALUES("315","2","1414828743","82000","82000","0","-1","5","0","finish");
INSERT INTO orders VALUES("316","3","1414836123","68000","68000","0","-1","5","0","finish");
INSERT INTO orders VALUES("317","1","1414836367","68000","68000","0","-1","5","0","finish");
INSERT INTO orders VALUES("318","1","1414839568","32000","32000","0","-1","3","0","finish");
INSERT INTO orders VALUES("319","1","1414839674","30000","30000","0","-1","3","0","finish");
INSERT INTO orders VALUES("320","1","1414855506","76000","61000","0","22","3","0","finish");
INSERT INTO orders VALUES("321","3","1414848877","90000","72000","0","22","3","0","finish");
INSERT INTO orders VALUES("322","1","1414851051","112000","112000","0","-1","3","0","finish");
INSERT INTO orders VALUES("323","4","1414853930","78000","78000","0","-1","3","0","finish");
INSERT INTO orders VALUES("324","2","1414853478","643000","643000","0","-1","3","0","finish");
INSERT INTO orders VALUES("325","1","1414897778","56000","56000","0","-1","5","0","finish");
INSERT INTO orders VALUES("326","3","1414907526","70000","70000","0","-1","5","0","finish");
INSERT INTO orders VALUES("327","1","1414907565","110000","110000","0","-1","5","0","finish");
INSERT INTO orders VALUES("328","3","1414902772","68000","68000","0","-1","5","0","finish");
INSERT INTO orders VALUES("329","3","1414902890","40000","32000","0","22","5","0","finish");
INSERT INTO orders VALUES("330","1","1414912711","94000","94000","0","-1","5","0","finish");
INSERT INTO orders VALUES("331","1","1414912851","144000","144000","0","-1","5","0","finish");
INSERT INTO orders VALUES("332","1","1414913841","35000","28000","0","22","5","0","finish");
INSERT INTO orders VALUES("333","1","1414940618","67000","54000","0","22","3","0","finish");
INSERT INTO orders VALUES("334","2","1414937115","149000","149000","0","-1","3","0","finish");
INSERT INTO orders VALUES("335","1","1414939735","68000","68000","0","-1","3","0","finish");
INSERT INTO orders VALUES("336","2","1414941041","77000","62000","0","22","3","0","finish");
INSERT INTO orders VALUES("337","1","1414986690","40000","40000","0","-1","5","0","finish");
INSERT INTO orders VALUES("338","2","1414993411","105000","105000","0","-1","5","0","finish");
INSERT INTO orders VALUES("339","3","1414991816","50000","50000","0","-1","5","0","finish");
INSERT INTO orders VALUES("340","2","1414992593","50000","50000","0","-1","5","0","finish");
INSERT INTO orders VALUES("341","1","1414993539","25000","25000","0","-1","5","0","finish");
INSERT INTO orders VALUES("342","1","1414993593","73000","73000","0","-1","5","0","finish");
INSERT INTO orders VALUES("343","1","1414994127","25000","25000","0","-1","5","0","finish");
INSERT INTO orders VALUES("344","1","1414994509","135000","135000","0","-1","5","0","finish");
INSERT INTO orders VALUES("345","1","1414995803","50000","50000","0","-1","5","0","finish");
INSERT INTO orders VALUES("346","1","1414995905","42000","34000","0","22","5","0","finish");
INSERT INTO orders VALUES("347","1","1414996357","35000","28000","0","22","5","0","finish");
INSERT INTO orders VALUES("348","1","1415006910","26000","21000","0","22","5","0","finish");
INSERT INTO orders VALUES("349","1","1415008154","235000","235000","0","-1","5","0","finish");
INSERT INTO orders VALUES("350","1","1415009256","24000","24000","0","-1","5","0","finish");
INSERT INTO orders VALUES("351","2","1415020019","70000","70000","0","-1","3","0","finish");
INSERT INTO orders VALUES("352","1","1415025815","76000","76000","0","-1","3","0","finish");
INSERT INTO orders VALUES("354","1","1415077671","114000","92000","0","22","5","0","finish");
INSERT INTO orders VALUES("355","3","1415083420","50000","50000","0","-1","5","0","finish");
INSERT INTO orders VALUES("356","4","1415081719","105000","105000","0","-1","5","0","finish");
INSERT INTO orders VALUES("357","4","1415087478","105000","105000","0","-1","5","0","finish");
INSERT INTO orders VALUES("358","4","1415078941","25000","25000","0","-1","5","0","finish");
INSERT INTO orders VALUES("359","4","1415078992","25000","25000","0","-1","5","0","finish");
INSERT INTO orders VALUES("360","4","1415079063","25000","25000","0","-1","5","0","finish");
INSERT INTO orders VALUES("361","2","1415081834","70000","70000","0","-1","5","0","finish");
INSERT INTO orders VALUES("362","3","1415083313","50000","50000","0","-1","5","0","finish");
INSERT INTO orders VALUES("363","3","1415083367","25000","25000","0","-1","5","0","finish");
INSERT INTO orders VALUES("364","2","1415089037","146000","146000","0","-1","5","0","finish");
INSERT INTO orders VALUES("365","3","1415088650","120000","120000","0","-1","5","0","finish");
INSERT INTO orders VALUES("366","3","1415093644","67000","67000","0","-1","5","0","finish");
INSERT INTO orders VALUES("367","1","1415093666","30000","24000","0","22","5","0","finish");
INSERT INTO orders VALUES("368","3","1415107597","40000","40000","0","-1","3","0","finish");
INSERT INTO orders VALUES("369","1","1415112530","75000","75000","0","-1","3","0","finish");
INSERT INTO orders VALUES("370","1","1415112551","68000","68000","0","-1","3","0","finish");
INSERT INTO orders VALUES("371","3","1415109308","72000","72000","0","-1","3","0","finish");
INSERT INTO orders VALUES("372","1","1415112622","38000","31000","0","22","3","0","finish");
INSERT INTO orders VALUES("373","4","1415167286","65000","65000","0","-1","5","0","finish");
INSERT INTO orders VALUES("374","1","1415168309","80000","80000","0","-1","5","0","finish");
INSERT INTO orders VALUES("375","2","1415168340","70000","70000","0","-1","5","0","finish");
INSERT INTO orders VALUES("376","4","1415164075","100000","100000","0","-1","5","0","finish");
INSERT INTO orders VALUES("377","1","1415165159","50000","50000","0","-1","5","0","finish");
INSERT INTO orders VALUES("378","3","1415168276","61000","61000","0","-1","5","0","finish");
INSERT INTO orders VALUES("379","1","1415168366","25000","25000","0","-1","5","0","finish");
INSERT INTO orders VALUES("380","1","1415170174","25000","25000","0","-1","5","0","finish");
INSERT INTO orders VALUES("381","3","1415182657","110000","110000","0","-1","5","0","finish");
INSERT INTO orders VALUES("382","1","1415182682","26000","26000","0","-1","5","0","finish");
INSERT INTO orders VALUES("383","1","1415197297","252000","202000","0","22","3","0","finish");
INSERT INTO orders VALUES("384","1","1415197258","68000","68000","0","-1","3","0","finish");
INSERT INTO orders VALUES("385","1","1415246705","56000","56000","1","-1","5","0","finish");
INSERT INTO orders VALUES("386","2","1415247195","56000","56000","0","-1","5","0","finish");
INSERT INTO orders VALUES("387","7","1415251141","68000","68000","0","-1","5","0","finish");
INSERT INTO orders VALUES("388","3","1415253375","75000","75000","0","-1","5","0","finish");
INSERT INTO orders VALUES("389","1","1415247681","210000","210000","1","-1","4","0","finish");
INSERT INTO orders VALUES("390","1","1415247769","165000","165000","1","-1","4","0","finish");
INSERT INTO orders VALUES("391","1","1415247856","82500","83000","1","-1","4","0","finish");
INSERT INTO orders VALUES("393","3","1415259513","96000","96000","0","-1","5","0","finish");
INSERT INTO orders VALUES("394","1","1415251868","50000","50000","0","-1","5","0","finish");
INSERT INTO orders VALUES("395","1","1415266061","110000","110000","0","-1","5","0","finish");
INSERT INTO orders VALUES("396","1","1415252487","25000","25000","0","-1","5","0","finish");
INSERT INTO orders VALUES("397","1","1415252153","15000","15000","1","-1","5","0","finish");
INSERT INTO orders VALUES("398","1","1415252373","15000","15000","1","-1","5","0","finish");
INSERT INTO orders VALUES("399","4","1415255290","75000","75000","0","-1","5","0","finish");
INSERT INTO orders VALUES("400","1","1415280646","56000","56000","0","-1","3","0","finish");
INSERT INTO orders VALUES("401","2","1415279479","65000","65000","0","-1","3","0","finish");
INSERT INTO orders VALUES("402","1","1415283850","138000","138000","0","-1","3","0","finish");
INSERT INTO orders VALUES("403","1","1415285733","80000","80000","0","-1","3","0","finish");
INSERT INTO orders VALUES("409","4","1415326530","1000","1000","1","-1","4","0","finish");
INSERT INTO orders VALUES("410","1","1415326545","520000","520000","1","-1","4","0","finish");
INSERT INTO orders VALUES("411","1","1415326561","76000","76000","1","-1","4","0","finish");
INSERT INTO orders VALUES("412","2","1415327542","214000","214000","1","-1","4","0","finish");
INSERT INTO orders VALUES("413","4","1415333208","26000","26000","0","-1","5","0","finish");
INSERT INTO orders VALUES("414","1","1415338537","63000","63000","0","-1","5","0","finish");
INSERT INTO orders VALUES("415","1","1415333303","26000","26000","0","-1","5","0","finish");
INSERT INTO orders VALUES("416","4","1415338473","65000","65000","0","-1","5","0","finish");
INSERT INTO orders VALUES("417","4","1415337497","25000","25000","0","-1","5","0","finish");
INSERT INTO orders VALUES("418","4","1415336484","75000","75000","0","-1","5","0","finish");
INSERT INTO orders VALUES("419","4","1415337412","50000","50000","0","-1","5","0","finish");
INSERT INTO orders VALUES("420","4","1415338408","12000","12000","0","-1","5","0","finish");
INSERT INTO orders VALUES("421","1","1415338508","60000","60000","0","-1","5","0","finish");
INSERT INTO orders VALUES("422","3","1415343189","35000","35000","0","-1","5","0","finish");
INSERT INTO orders VALUES("423","2","1415347469","231000","231000","0","-1","5","0","finish");
INSERT INTO orders VALUES("424","1","1415343427","38000","38000","1","-1","5","0","finish");
INSERT INTO orders VALUES("425","1","1415344450","0","0","1","-1","5","0","finish");
INSERT INTO orders VALUES("426","1","1415344502","38000","31000","0","22","5","0","finish");
INSERT INTO orders VALUES("427","1","1415344979","25000","25000","0","-1","5","0","finish");
INSERT INTO orders VALUES("428","1","1415347026","38000","31000","0","22","5","0","finish");
INSERT INTO orders VALUES("429","1","1415347662","0","0","1","-1","5","0","finish");
INSERT INTO orders VALUES("430","1","1415347785","25000","25000","0","-1","5","0","finish");
INSERT INTO orders VALUES("431","1","1415347813","30000","24000","0","22","5","0","finish");
INSERT INTO orders VALUES("432","2","1415348829","32000","32000","1","-1","5","0","finish");
INSERT INTO orders VALUES("433","2","1415348863","24000","24000","1","-1","5","0","finish");
INSERT INTO orders VALUES("434","1","1415358481","38000","38000","0","-1","3","0","finish");
INSERT INTO orders VALUES("435","1","1415368243","100000","100000","0","-1","3","0","finish");
INSERT INTO orders VALUES("436","1","1415411915","30000","30000","0","-1","5","0","finish");
INSERT INTO orders VALUES("439","1","1415417001","32000","32000","0","-1","5","0","finish");
INSERT INTO orders VALUES("440","1","1415417883","160000","144000","0","29","5","0","finish");
INSERT INTO orders VALUES("441","2","1415422865","171000","171000","0","-1","5","0","finish");
INSERT INTO orders VALUES("442","2","1415422839","40000","32000","0","22","5","0","finish");
INSERT INTO orders VALUES("443","1","1415422991","38000","31000","0","22","5","0","finish");
INSERT INTO orders VALUES("444","1","1415423095","35000","35000","0","-1","5","0","finish");
INSERT INTO orders VALUES("445","1","1415425637","135000","135000","0","-1","5","0","finish");
INSERT INTO orders VALUES("446","1","1415425078","25000","25000","0","-1","5","0","finish");
INSERT INTO orders VALUES("447","1","1415425153","25000","25000","0","-1","5","0","finish");
INSERT INTO orders VALUES("448","1","1415426282","25000","25000","0","-1","5","0","finish");
INSERT INTO orders VALUES("449","1","1415428776","25000","25000","0","-1","5","0","finish");
INSERT INTO orders VALUES("450","2","1415433557","78000","78000","0","-1","5","0","finish");
INSERT INTO orders VALUES("452","2","1415456458","187000","187000","0","-1","3","0","finish");
INSERT INTO orders VALUES("453","1","1415453461","35000","35000","0","-1","3","0","finish");
INSERT INTO orders VALUES("454","2","1415454732","75000","60000","0","22","3","0","finish");
INSERT INTO orders VALUES("455","1","1415458080","201000","201000","0","-1","3","0","finish");
INSERT INTO orders VALUES("456","1","1415512537","125000","125000","0","-1","5","0","finish");
INSERT INTO orders VALUES("457","1","1415512567","70000","70000","0","-1","5","0","finish");
INSERT INTO orders VALUES("458","1","1415523638","76000","76000","0","-1","5","0","finish");
INSERT INTO orders VALUES("459","3","1415540299","26000","26000","0","-1","5","0","finish");
INSERT INTO orders VALUES("460","1","1415529669","64000","64000","0","-1","5","0","finish");
INSERT INTO orders VALUES("461","1","1415535705","70000","63000","0","29","5","0","finish");
INSERT INTO orders VALUES("462","1","1415537381","60000","60000","0","-1","5","0","finish");
INSERT INTO orders VALUES("463","1","1415539017","78000","78000","0","-1","5","0","finish");
INSERT INTO orders VALUES("464","1","1415539060","68000","68000","0","-1","5","0","finish");
INSERT INTO orders VALUES("465","2","1415541480","99000","80000","0","22","5","0","finish");
INSERT INTO orders VALUES("466","1","1415587160","52000","52000","0","-1","5","0","finish");
INSERT INTO orders VALUES("467","1","1415589418","38000","31000","0","22","5","0","finish");
INSERT INTO orders VALUES("468","1","1415597895","25000","25000","0","-1","5","0","finish");
INSERT INTO orders VALUES("469","2","1415599457","60000","60000","0","-1","5","0","finish");
INSERT INTO orders VALUES("470","3","1415598890","70000","70000","0","-1","5","0","finish");
INSERT INTO orders VALUES("471","4","1415598790","282000","282000","0","-1","5","0","finish");
INSERT INTO orders VALUES("472","1","1415599529","125000","125000","0","-1","5","0","finish");
INSERT INTO orders VALUES("473","1","1415605804","251000","251000","0","-1","5","0","finish");
INSERT INTO orders VALUES("474","1","1415607056","20000","16000","0","22","5","0","finish");
INSERT INTO orders VALUES("475","1","1415611004","70000","70000","0","-1","5","0","finish");
INSERT INTO orders VALUES("476","1","1415611476","32000","32000","0","-1","5","0","finish");
INSERT INTO orders VALUES("477","1","1415621515","50000","50000","0","-1","3","0","finish");
INSERT INTO orders VALUES("478","1","1415624358","60000","60000","0","-1","3","0","finish");
INSERT INTO orders VALUES("479","2","1415627561","26000","26000","0","-1","3","0","finish");
INSERT INTO orders VALUES("480","1","1415674396","38000","31000","0","22","5","0","finish");
INSERT INTO orders VALUES("481","1","1415675984","52000","52000","0","-1","5","0","finish");
INSERT INTO orders VALUES("482","1","1415682924","50000","50000","0","-1","5","0","finish");
INSERT INTO orders VALUES("483","2","1415682975","110000","110000","0","-1","5","0","finish");
INSERT INTO orders VALUES("484","1","1415683303","50000","50000","0","-1","5","0","finish");
INSERT INTO orders VALUES("485","2","1415685718","73000","73000","0","-1","5","0","finish");
INSERT INTO orders VALUES("486","3","1415685456","25000","25000","0","-1","5","0","finish");
INSERT INTO orders VALUES("487","2","1415685697","70000","70000","0","-1","5","0","finish");
INSERT INTO orders VALUES("488","1","1415686823","35000","35000","0","-1","5","0","finish");
INSERT INTO orders VALUES("490","2","1415688173","38000","38000","0","-1","5","0","finish");
INSERT INTO orders VALUES("491","2","1415691138","25000","25000","0","-1","5","0","finish");
INSERT INTO orders VALUES("492","2","1415694285","151000","151000","0","-1","5","0","finish");
INSERT INTO orders VALUES("493","2","1415691352","25000","25000","0","-1","5","0","finish");
INSERT INTO orders VALUES("494","1","1415694360","20000","20000","0","-1","5","0","finish");
INSERT INTO orders VALUES("495","1","1415695978","40000","40000","0","-1","5","0","finish");
INSERT INTO orders VALUES("496","1","1415696010","38000","38000","0","-1","5","0","finish");
INSERT INTO orders VALUES("497","1","1415697503","35000","35000","0","-1","5","0","finish");
INSERT INTO orders VALUES("498","1","1415699984","30000","30000","0","-1","5","0","finish");
INSERT INTO orders VALUES("500","1","1415710268","60000","60000","0","-1","3","0","finish");
INSERT INTO orders VALUES("501","1","1415712801","68000","68000","0","-1","3","0","finish");
INSERT INTO orders VALUES("502","1","1415709445","35000","35000","0","-1","3","0","finish");
INSERT INTO orders VALUES("503","1","1415715973","60000","60000","0","-1","3","0","finish");
INSERT INTO orders VALUES("504","1","1415762246","56000","56000","0","-1","5","0","finish");
INSERT INTO orders VALUES("505","3","1415771019","25000","25000","0","-1","5","0","finish");
INSERT INTO orders VALUES("506","2","1415767499","100000","100000","0","-1","5","0","finish");
INSERT INTO orders VALUES("507","2","1415769187","68000","68000","0","-1","5","0","finish");
INSERT INTO orders VALUES("508","3","1415771996","182000","182000","0","-1","5","0","finish");
INSERT INTO orders VALUES("509","3","1415769964","35000","35000","0","-1","5","0","finish");
INSERT INTO orders VALUES("510","3","1415769997","50000","50000","0","-1","5","0","finish");
INSERT INTO orders VALUES("511","1","1415771046","25000","25000","0","-1","5","0","finish");
INSERT INTO orders VALUES("512","3","1415782358","58000","58000","0","-1","5","0","finish");
INSERT INTO orders VALUES("513","4","1415773427","29000","29000","0","-1","5","0","finish");
INSERT INTO orders VALUES("514","3","1415771973","70000","70000","0","-1","5","0","finish");
INSERT INTO orders VALUES("515","2","1415774110","225000","225000","0","-1","5","0","finish");
INSERT INTO orders VALUES("516","5","1415773022","35000","35000","0","-1","5","0","finish");
INSERT INTO orders VALUES("517","4","1415777932","74000","74000","0","-1","5","0","finish");
INSERT INTO orders VALUES("518","1","1415782839","50000","50000","0","-1","5","0","finish");
INSERT INTO orders VALUES("519","3","1415780621","80000","80000","0","-1","5","0","finish");
INSERT INTO orders VALUES("520","2","1415797468","106000","106000","0","-1","3","0","finish");
INSERT INTO orders VALUES("521","2","1415796318","30000","30000","0","-1","3","0","finish");
INSERT INTO orders VALUES("522","1","1415798949","108000","108000","0","-1","3","0","finish");
INSERT INTO orders VALUES("523","2","1415854484","28000","28000","0","-1","5","0","finish");
INSERT INTO orders VALUES("524","1","1415855181","35000","35000","0","-1","5","0","finish");
INSERT INTO orders VALUES("525","1","1415856304","25000","25000","0","-1","5","0","finish");
INSERT INTO orders VALUES("526","1","1415856342","50000","50000","0","-1","5","0","finish");
INSERT INTO orders VALUES("527","1","1415857570","105000","105000","0","-1","5","0","finish");
INSERT INTO orders VALUES("528","1","1415858324","245000","245000","0","-1","5","0","finish");
INSERT INTO orders VALUES("529","2","1415857671","25000","25000","0","-1","5","0","finish");
INSERT INTO orders VALUES("530","1","1415858349","110000","110000","0","-1","5","0","finish");
INSERT INTO orders VALUES("531","1","1415862781","25000","25000","0","-1","5","0","finish");
INSERT INTO orders VALUES("532","5","1415860874","99000","99000","0","-1","5","0","finish");
INSERT INTO orders VALUES("533","2","1415859004","50000","50000","0","-1","5","0","finish");
INSERT INTO orders VALUES("534","2","1415859245","56000","56000","1","-1","5","0","finish");
INSERT INTO orders VALUES("535","1","1415862840","56000","45000","0","22","5","0","finish");
INSERT INTO orders VALUES("536","4","1415860192","60000","60000","0","-1","5","0","finish");
INSERT INTO orders VALUES("537","1","1415862865","40000","40000","0","-1","5","0","finish");
INSERT INTO orders VALUES("538","1","1415864421","25000","25000","0","-1","5","0","finish");
INSERT INTO orders VALUES("539","1","1415868518","35000","28000","0","22","5","0","finish");
INSERT INTO orders VALUES("540","1","1415868574","35000","35000","0","-1","5","0","finish");
INSERT INTO orders VALUES("541","1","1415870179","35000","35000","0","-1","5","0","finish");
INSERT INTO orders VALUES("542","1","1415870435","38000","38000","0","-1","5","0","finish");
INSERT INTO orders VALUES("543","1","1415870467","40000","40000","0","-1","5","0","finish");
INSERT INTO orders VALUES("544","2","1415886708","38000","38000","0","-1","3","0","finish");
INSERT INTO orders VALUES("545","2","1415886582","62000","62000","0","-1","3","0","finish");
INSERT INTO orders VALUES("546","3","1415882212","99000","99000","0","-1","3","0","finish");
INSERT INTO orders VALUES("547","2","1415882363","40000","40000","0","-1","3","0","finish");
INSERT INTO orders VALUES("548","1","1415886727","35000","35000","0","-1","3","0","finish");
INSERT INTO orders VALUES("549","3","1415886654","38000","38000","0","-1","3","0","finish");
INSERT INTO orders VALUES("550","1","1415943139","80000","80000","0","-1","5","0","finish");
INSERT INTO orders VALUES("551","1","1415943210","75000","75000","0","-1","5","0","finish");
INSERT INTO orders VALUES("552","2","1415950551","115000","115000","0","-1","5","0","finish");
INSERT INTO orders VALUES("553","6","1415949618","68000","55000","0","22","5","0","finish");
INSERT INTO orders VALUES("554","5","1415945993","105000","105000","0","-1","5","0","finish");
INSERT INTO orders VALUES("555","1","1415950603","132000","132000","0","-1","5","0","finish");
INSERT INTO orders VALUES("556","7","1415944852","25000","25000","0","-1","5","0","finish");
INSERT INTO orders VALUES("557","5","1415945356","185000","185000","0","-1","5","0","finish");
INSERT INTO orders VALUES("558","1","1415950574","38000","38000","0","-1","5","0","finish");
INSERT INTO orders VALUES("559","1","1415950625","25000","25000","0","-1","5","0","finish");
INSERT INTO orders VALUES("560","6","1415946859","25000","25000","0","-1","5","0","finish");
INSERT INTO orders VALUES("561","1","1415951256","38000","31000","0","22","5","0","finish");
INSERT INTO orders VALUES("562","1","1415952206","76000","76000","0","-1","5","0","finish");
INSERT INTO orders VALUES("563","1","1415952447","25000","25000","0","-1","5","0","finish");
INSERT INTO orders VALUES("564","1","1415957020","38000","31000","0","22","5","0","finish");
INSERT INTO orders VALUES("565","2","1415959594","35000","35000","0","-1","3","0","finish");
INSERT INTO orders VALUES("566","1","1415965365","70000","70000","0","-1","3","0","finish");
INSERT INTO orders VALUES("567","2","1415973970","70000","70000","0","-1","3","0","finish");
INSERT INTO orders VALUES("568","1","1416017403","30000","30000","0","-1","5","0","finish");
INSERT INTO orders VALUES("569","1","1416020745","30000","30000","0","-1","5","0","finish");
INSERT INTO orders VALUES("570","1","1416023671","30000","30000","0","-1","5","0","finish");
INSERT INTO orders VALUES("571","1","1416024594","30000","30000","0","-1","5","0","finish");
INSERT INTO orders VALUES("572","1","1416025254","170000","170000","0","-1","5","0","finish");
INSERT INTO orders VALUES("573","1","1416027512","52000","52000","0","-1","5","0","finish");
INSERT INTO orders VALUES("574","1","1416027589","40000","40000","0","-1","5","0","finish");
INSERT INTO orders VALUES("575","1","1416029500","104000","104000","0","-1","5","0","finish");
INSERT INTO orders VALUES("576","3","1416037693","97000","97000","0","-1","5","0","finish");
INSERT INTO orders VALUES("577","1","1416029559","65000","65000","0","-1","5","0","finish");
INSERT INTO orders VALUES("578","6","1416036242","180000","180000","0","-1","5","0","finish");
INSERT INTO orders VALUES("579","3","1416031508","25000","25000","0","-1","5","0","finish");
INSERT INTO orders VALUES("580","3","1416031432","45000","45000","0","-1","5","0","finish");
INSERT INTO orders VALUES("581","2","1416033805","80000","80000","0","-1","5","0","finish");
INSERT INTO orders VALUES("582","5","1416036278","30000","30000","0","-1","5","0","finish");
INSERT INTO orders VALUES("583","3","1416036375","38000","38000","0","-1","5","0","finish");
INSERT INTO orders VALUES("584","2","1416037732","40000","40000","0","-1","5","0","finish");
INSERT INTO orders VALUES("585","1","1416037755","30000","30000","0","-1","5","0","finish");
INSERT INTO orders VALUES("586","1","1416037848","65000","65000","0","-1","5","0","finish");
INSERT INTO orders VALUES("587","2","1416044040","80000","80000","1","-1","5","0","finish");
INSERT INTO orders VALUES("588","1","1416044195","70000","70000","0","-1","5","0","finish");
INSERT INTO orders VALUES("589","1","1416046427","142000","142000","0","-1","5","0","finish");
INSERT INTO orders VALUES("590","1","1416053891","70000","70000","1","-1","0","0","finish");
INSERT INTO orders VALUES("591","1","1416053933","70000","70000","0","-1","3","0","finish");
INSERT INTO orders VALUES("592","1","1416062916","248000","248000","0","-1","3","0","finish");
INSERT INTO orders VALUES("593","3","1416113977","30000","30000","0","-1","3","0","finish");
INSERT INTO orders VALUES("594","1","1416124870","52000","52000","0","-1","3","0","finish");
INSERT INTO orders VALUES("596","3","1416110145","30000","30000","0","-1","3","0","finish");
INSERT INTO orders VALUES("597","1","1416123662","292000","292000","0","-1","3","0","finish");
INSERT INTO orders VALUES("598","1","1416120823","40000","40000","0","-1","3","0","finish");
INSERT INTO orders VALUES("599","3","1416123719","40000","40000","0","-1","3","0","finish");
INSERT INTO orders VALUES("600","2","1416130102","76000","76000","0","-1","3","0","finish");
INSERT INTO orders VALUES("601","2","1416130365","94000","76000","0","22","3","0","finish");
INSERT INTO orders VALUES("602","3","1416129963","110000","110000","0","-1","3","0","finish");
INSERT INTO orders VALUES("603","2","1416134169","84000","84000","0","-1","5","0","finish");
INSERT INTO orders VALUES("604","1","1416144721","30000","30000","0","-1","5","0","finish");
INSERT INTO orders VALUES("605","1","1416146486","70000","70000","0","-1","5","0","finish");
INSERT INTO orders VALUES("606","1","1416146556","70000","70000","0","-1","5","0","finish");
INSERT INTO orders VALUES("607","1","1416147395","70000","70000","0","-1","5","0","finish");
INSERT INTO orders VALUES("608","1","1416147458","76000","76000","0","-1","5","0","finish");
INSERT INTO orders VALUES("609","1","1416147581","75000","75000","0","-1","5","0","finish");
INSERT INTO orders VALUES("610","1","1416147667","118000","118000","0","-1","5","0","finish");
INSERT INTO orders VALUES("611","6","1416148769","70000","63000","0","29","5","0","finish");
INSERT INTO orders VALUES("612","1","1416148928","77000","62000","0","22","5","0","finish");
INSERT INTO orders VALUES("613","1","1416149154","277000","277000","0","-1","5","0","finish");
INSERT INTO orders VALUES("614","1","1416150104","46000","46000","0","-1","5","0","finish");
INSERT INTO orders VALUES("615","1","1416149208","30000","30000","0","-1","5","0","finish");
INSERT INTO orders VALUES("616","7","1416148707","56000","56000","0","-1","5","0","finish");
INSERT INTO orders VALUES("617","1","1416149966","42000","42000","0","-1","5","0","finish");
INSERT INTO orders VALUES("618","1","1416150009","38000","38000","0","-1","5","0","finish");
INSERT INTO orders VALUES("619","1","1416150508","106000","106000","0","-1","5","0","finish");
INSERT INTO orders VALUES("620","2","1416201199","198000","198000","0","-1","5","0","finish");
INSERT INTO orders VALUES("621","3","1416196675","127000","127000","0","-1","5","0","finish");
INSERT INTO orders VALUES("622","1","1416196755","100000","100000","0","-1","5","0","finish");
INSERT INTO orders VALUES("623","2","1416212832","160000","144000","0","29","5","0","finish");
INSERT INTO orders VALUES("624","1","1416202699","70000","70000","0","-1","5","0","finish");
INSERT INTO orders VALUES("625","1","1416203041","50000","50000","0","-1","5","0","finish");
INSERT INTO orders VALUES("626","1","1416202074","50000","50000","0","-1","5","0","finish");
INSERT INTO orders VALUES("627","1","1416202346","25000","25000","0","-1","5","0","finish");
INSERT INTO orders VALUES("628","1","1416203370","25000","25000","0","-1","5","0","finish");
INSERT INTO orders VALUES("629","1","1416204614","20000","20000","0","-1","5","0","finish");
INSERT INTO orders VALUES("630","1","1416216975","57000","57000","0","-1","5","0","finish");
INSERT INTO orders VALUES("631","2","1416216292","82000","82000","0","-1","5","0","finish");
INSERT INTO orders VALUES("632","3","1416216844","35000","35000","0","-1","5","0","finish");
INSERT INTO orders VALUES("633","1","1416217159","38000","38000","0","-1","5","0","finish");
INSERT INTO orders VALUES("634","1","1416225357","38000","38000","0","-1","3","0","finish");
INSERT INTO orders VALUES("635","1","1416226346","148000","148000","0","-1","3","0","finish");
INSERT INTO orders VALUES("636","1","1416226387","60000","60000","0","-1","3","0","finish");
INSERT INTO orders VALUES("637","1","1416226627","40000","40000","1","-1","3","0","finish");
INSERT INTO orders VALUES("638","1","1416226916","34000","34000","0","-1","3","0","finish");
INSERT INTO orders VALUES("639","1","1416287955","70000","70000","0","-1","5","0","finish");
INSERT INTO orders VALUES("640","2","1416289995","250000","250000","0","-1","5","0","finish");
INSERT INTO orders VALUES("641","1","1416288652","25000","25000","0","-1","5","0","finish");
INSERT INTO orders VALUES("642","1","1416290631","75000","75000","0","-1","5","0","finish");
INSERT INTO orders VALUES("643","1","1416289219","50000","50000","0","-1","5","0","finish");
INSERT INTO orders VALUES("644","1","1416289418","110000","110000","0","-1","5","0","finish");
INSERT INTO orders VALUES("645","3","1416289949","70000","70000","0","-1","5","0","finish");
INSERT INTO orders VALUES("647","2","1416290995","35000","35000","0","-1","5","0","finish");
INSERT INTO orders VALUES("648","2","1416291299","78000","78000","0","-1","5","0","finish");
INSERT INTO orders VALUES("649","1","1416293313","50000","50000","0","-1","5","0","finish");
INSERT INTO orders VALUES("650","1","1416302038","213000","213000","1","-1","0","0","finish");
INSERT INTO orders VALUES("651","1","1416302164","205000","205000","0","-1","5","0","finish");
INSERT INTO orders VALUES("652","1","1416302947","32000","32000","0","-1","5","0","finish");
INSERT INTO orders VALUES("653","2","1416311957","104000","104000","0","-1","3","0","finish");
INSERT INTO orders VALUES("654","1","1416312976","35000","35000","0","-1","3","0","finish");
INSERT INTO orders VALUES("655","1","1416313048","35000","35000","0","-1","3","0","finish");
INSERT INTO orders VALUES("656","1","1416321908","174000","174000","0","-1","3","0","finish");
INSERT INTO orders VALUES("657","3","1416335661","30000","30000","0","-1","3","0","finish");
INSERT INTO orders VALUES("658","2","1416335996","108000","108000","0","-1","3","0","finish");
INSERT INTO orders VALUES("659","1","1416338055","50000","50000","0","-1","3","0","finish");
INSERT INTO orders VALUES("660","2","1416337711","175000","175000","0","-1","3","0","finish");
INSERT INTO orders VALUES("661","1","1416338104","50000","50000","0","-1","3","0","finish");
INSERT INTO orders VALUES("662","1","1416338522","25000","25000","0","-1","3","0","finish");
INSERT INTO orders VALUES("663","1","1416338940","50000","50000","0","-1","3","0","finish");
INSERT INTO orders VALUES("664","2","1416346730","52000","52000","0","-1","3","0","finish");
INSERT INTO orders VALUES("665","1","1416346795","56000","56000","0","-1","3","0","finish");
INSERT INTO orders VALUES("666","2","1416350887","112000","112000","0","-1","3","0","finish");
INSERT INTO orders VALUES("667","2","1416366198","60000","60000","0","-1","3","0","finish");
INSERT INTO orders VALUES("668","2","1416366232","73000","73000","0","-1","3","0","finish");
INSERT INTO orders VALUES("669","1","1416445453","60000","60000","0","-1","5","0","finish");
INSERT INTO orders VALUES("670","2","1416456724","80000","80000","0","-1","5","0","finish");
INSERT INTO orders VALUES("671","3","1416456691","30000","30000","0","-1","5","0","finish");
INSERT INTO orders VALUES("672","4","1416455881","60000","60000","0","-1","5","0","finish");
INSERT INTO orders VALUES("673","4","1416455333","105000","105000","0","-1","5","0","finish");
INSERT INTO orders VALUES("674","3","1416461248","50000","50000","0","-1","5","0","finish");
INSERT INTO orders VALUES("675","3","1416459345","40000","32000","0","22","5","0","finish");
INSERT INTO orders VALUES("676","5","1416457792","62000","62000","0","-1","5","0","finish");
INSERT INTO orders VALUES("677","3","1416459243","25000","25000","0","-1","5","0","finish");
INSERT INTO orders VALUES("678","4","1416461762","20000","16000","0","22","5","0","finish");
INSERT INTO orders VALUES("679","3","1416461119","25000","25000","0","-1","5","0","finish");
INSERT INTO orders VALUES("682","1","1416462733","100000","100000","0","-1","5","0","finish");
INSERT INTO orders VALUES("683","1","1416466507","20000","20000","0","-1","5","0","finish");
INSERT INTO orders VALUES("684","4","1416473288","38000","38000","0","-1","5","0","finish");
INSERT INTO orders VALUES("685","1","1416473325","38000","31000","0","22","5","0","finish");
INSERT INTO orders VALUES("686","2","1416476346","38000","35000","0","29","5","0","finish");
INSERT INTO orders VALUES("687","4","1416470280","32000","32000","0","-1","5","0","finish");
INSERT INTO orders VALUES("688","1","1416474422","40000","32000","0","22","5","0","finish");
INSERT INTO orders VALUES("689","1","1416475148","162000","130000","0","22","5","0","finish");
INSERT INTO orders VALUES("690","2","1416476371","38000","38000","0","-1","5","0","finish");
INSERT INTO orders VALUES("691","2","1416483578","20000","20000","0","-1","3","0","finish");
INSERT INTO orders VALUES("692","2","1416483897","98000","98000","0","-1","3","0","finish");
INSERT INTO orders VALUES("693","3","1416488589","356000","356000","0","-1","3","0","finish");
INSERT INTO orders VALUES("694","2","1416483030","32000","32000","0","-1","3","0","finish");
INSERT INTO orders VALUES("695","1","1416492847","32000","32000","0","-1","3","0","finish");
INSERT INTO orders VALUES("696","18","1416486671","78000","78000","0","-1","3","0","finish");
INSERT INTO orders VALUES("697","1","1416492972","67000","67000","0","-1","3","0","finish");
INSERT INTO orders VALUES("698","2","1416493874","67000","67000","0","-1","3","0","finish");
INSERT INTO orders VALUES("699","1","1416507458","102000","102000","0","-1","5","0","finish");
INSERT INTO orders VALUES("700","3","1416512889","30000","30000","0","-1","5","0","finish");
INSERT INTO orders VALUES("701","1","1416522094","108000","108000","0","-1","5","0","finish");
INSERT INTO orders VALUES("702","3","1416516245","70000","70000","0","-1","5","0","finish");
INSERT INTO orders VALUES("703","6","1416513890","100000","100000","0","-1","5","0","finish");
INSERT INTO orders VALUES("704","3","1416514811","142000","142000","0","-1","5","0","finish");
INSERT INTO orders VALUES("705","2","1416522065","70000","70000","0","-1","5","0","finish");
INSERT INTO orders VALUES("706","3","1416515833","35000","35000","0","-1","5","0","finish");
INSERT INTO orders VALUES("707","3","1416516100","50000","50000","0","-1","5","0","finish");
INSERT INTO orders VALUES("708","1","1416522151","83000","83000","0","-1","5","0","finish");
INSERT INTO orders VALUES("709","1","1416522122","26000","21000","0","22","5","0","finish");
INSERT INTO orders VALUES("711","1","1416524854","29000","29000","0","-1","5","0","finish");
INSERT INTO orders VALUES("712","1","1416526005","20000","16000","0","22","5","0","finish");
INSERT INTO orders VALUES("713","3","1416540894","70000","70000","0","-1","3","0","finish");
INSERT INTO orders VALUES("714","3","1416542707","65000","65000","0","-1","3","0","finish");
INSERT INTO orders VALUES("715","1","1416544594","40000","40000","0","-1","3","0","finish");
INSERT INTO orders VALUES("716","1","1416547991","70000","70000","0","-1","3","0","finish");
INSERT INTO orders VALUES("717","3","1416543796","40000","32000","0","22","3","0","finish");
INSERT INTO orders VALUES("718","1","1416544684","40000","40000","0","-1","3","0","finish");
INSERT INTO orders VALUES("719","2","1416632372","40000","40000","0","-1","5","0","finish");
INSERT INTO orders VALUES("720","4","1416632093","30000","30000","0","-1","5","0","finish");
INSERT INTO orders VALUES("721","5","1416637842","103000","103000","0","-1","5","0","finish");
INSERT INTO orders VALUES("722","6","1416632046","92000","92000","0","-1","5","0","finish");
INSERT INTO orders VALUES("723","3","1416635128","20000","16000","0","22","5","0","finish");
INSERT INTO orders VALUES("724","3","1416635438","70000","70000","0","-1","5","0","finish");
INSERT INTO orders VALUES("725","1","1416637044","25000","25000","0","-1","5","0","finish");
INSERT INTO orders VALUES("726","3","1416644627","32000","32000","0","-1","5","0","finish");
INSERT INTO orders VALUES("727","1","1416639107","32000","32000","0","-1","5","0","finish");
INSERT INTO orders VALUES("728","3","1416642053","20000","16000","0","22","5","0","finish");
INSERT INTO orders VALUES("729","2","1416644643","32000","32000","0","-1","5","0","finish");
INSERT INTO orders VALUES("730","1","1416664238","120000","120000","0","-1","5","0","finish");
INSERT INTO orders VALUES("731","1","1416664280","106000","106000","0","-1","5","0","finish");
INSERT INTO orders VALUES("732","1","1416664302","26000","26000","0","-1","5","0","finish");
INSERT INTO orders VALUES("733","1","1416666786","42000","42000","0","-1","5","0","finish");
INSERT INTO orders VALUES("734","1","1416678495","30000","30000","0","-1","5","0","finish");
INSERT INTO orders VALUES("735","1","1416678518","30000","30000","0","-1","5","0","finish");
INSERT INTO orders VALUES("736","1","1416685814","26000","26000","0","-1","5","0","finish");
INSERT INTO orders VALUES("737","1","1416688542","68000","68000","0","-1","5","0","finish");
INSERT INTO orders VALUES("738","1","1416697617","38000","38000","0","-1","5","0","finish");
INSERT INTO orders VALUES("739","1","1416697654","30000","30000","0","-1","5","0","finish");
INSERT INTO orders VALUES("740","1","1416697705","26000","21000","0","22","5","0","finish");
INSERT INTO orders VALUES("741","1","1416699362","35000","35000","0","-1","5","0","finish");
INSERT INTO orders VALUES("742","1","1416702957","67000","67000","0","-1","3","0","finish");
INSERT INTO orders VALUES("743","3","1416712754","92000","92000","0","-1","3","0","finish");
INSERT INTO orders VALUES("744","2","1416717529","305000","305000","0","-1","3","0","finish");
INSERT INTO orders VALUES("745","2","1416715162","65000","65000","0","-1","3","0","finish");
INSERT INTO orders VALUES("746","1","1416717765","73000","73000","0","-1","3","0","finish");
INSERT INTO orders VALUES("747","20","1416719586","38000","31000","0","22","3","0","finish");
INSERT INTO orders VALUES("748","1","1416800966","26000","26000","0","-1","5","0","finish");
INSERT INTO orders VALUES("749","1","1416801053","30000","30000","0","-1","5","0","finish");
INSERT INTO orders VALUES("750","4","1416805785","64000","64000","0","-1","5","0","finish");
INSERT INTO orders VALUES("751","3","1416806129","35000","35000","0","-1","5","0","finish");
INSERT INTO orders VALUES("752","4","1416805898","50000","50000","0","-1","5","0","finish");
INSERT INTO orders VALUES("753","2","1416806178","50000","50000","0","-1","5","0","finish");
INSERT INTO orders VALUES("754","1","1416806924","35000","35000","0","-1","5","0","finish");
INSERT INTO orders VALUES("755","1","1416806983","75000","75000","0","-1","5","0","finish");
INSERT INTO orders VALUES("756","1","1416807113","35000","35000","0","-1","5","0","finish");
INSERT INTO orders VALUES("757","1","1416813581","64000","64000","0","-1","5","0","finish");
INSERT INTO orders VALUES("758","1","1416813759","30000","30000","0","-1","5","0","finish");
INSERT INTO orders VALUES("759","1","1416817566","32000","32000","0","-1","5","0","finish");
INSERT INTO orders VALUES("760","1","1416825757","60000","60000","0","-1","3","0","finish");
INSERT INTO orders VALUES("761","1","1416834351","61000","61000","0","-1","3","0","finish");
INSERT INTO orders VALUES("762","3","1416837328","64000","64000","0","-1","3","0","finish");
INSERT INTO orders VALUES("763","1","1416840252","97000","97000","0","-1","3","0","finish");
INSERT INTO orders VALUES("764","1","1416837842","30000","30000","0","-1","3","0","finish");
INSERT INTO orders VALUES("765","1","1416886013","64000","64000","0","-1","5","0","finish");
INSERT INTO orders VALUES("766","1","1416891740","65000","65000","0","-1","5","0","finish");
INSERT INTO orders VALUES("767","3","1416900074","78000","78000","0","-1","5","0","finish");
INSERT INTO orders VALUES("768","1","1416895987","294000","294000","0","-1","5","0","finish");
INSERT INTO orders VALUES("769","5","1416895027","201000","201000","0","-1","5","0","finish");
INSERT INTO orders VALUES("770","5","1416893199","100000","100000","0","-1","5","0","finish");
INSERT INTO orders VALUES("771","4","1416893258","20000","20000","0","-1","5","0","finish");
INSERT INTO orders VALUES("772","4","1416893561","20000","20000","0","-1","5","0","finish");
INSERT INTO orders VALUES("773","4","1416893673","20000","20000","0","-1","5","0","finish");
INSERT INTO orders VALUES("774","1","1416895877","50000","50000","0","-1","5","0","finish");
INSERT INTO orders VALUES("775","5","1416902061","35000","28000","0","22","5","0","finish");
INSERT INTO orders VALUES("776","2","1416896614","50000","50000","0","-1","5","0","finish");
INSERT INTO orders VALUES("777","1","1416902193","111000","111000","0","-1","5","0","finish");
INSERT INTO orders VALUES("778","3","1416899594","50000","50000","1","-1","5","0","finish");
INSERT INTO orders VALUES("779","3","1416900453","25000","25000","0","-1","5","0","finish");
INSERT INTO orders VALUES("780","1","1416902147","30000","30000","0","-1","5","0","finish");
INSERT INTO orders VALUES("781","1","1416902094","98000","98000","0","-1","5","0","finish");
INSERT INTO orders VALUES("782","1","1416903416","61000","61000","0","-1","5","0","finish");
INSERT INTO orders VALUES("783","1","1416905262","21000","21000","0","-1","5","0","finish");
INSERT INTO orders VALUES("784","1","1416905340","500000","500000","0","-1","5","0","finish");
INSERT INTO orders VALUES("785","1","1416909795","28000","28000","0","-1","5","0","finish");
INSERT INTO orders VALUES("786","2","1416912250","26000","26000","1","-1","4","0","finish");
INSERT INTO orders VALUES("787","1","1416914984","40000","40000","0","-1","5","0","finish");
INSERT INTO orders VALUES("789","1","1416917830","67000","67000","0","-1","3","0","finish");
INSERT INTO orders VALUES("790","1","1416925121","108000","108000","0","-1","3","0","finish");
INSERT INTO orders VALUES("791","1","1416925170","62000","62000","0","-1","3","0","finish");
INSERT INTO orders VALUES("792","1","1416928458","78000","78000","0","-1","3","0","finish");
INSERT INTO orders VALUES("793","1","1416927023","62000","62000","1","-1","3","0","finish");
INSERT INTO orders VALUES("794","2","1416978634","60000","60000","0","-1","5","0","finish");
INSERT INTO orders VALUES("795","1","1416980839","100000","100000","0","-1","5","0","finish");
INSERT INTO orders VALUES("796","3","1416983304","50000","50000","0","-1","5","0","finish");
INSERT INTO orders VALUES("797","2","1416987309","127000","127000","0","-1","5","0","finish");
INSERT INTO orders VALUES("798","4","1416981612","145000","145000","0","-1","5","0","finish");
INSERT INTO orders VALUES("799","5","1416981142","50000","50000","0","-1","5","0","finish");
INSERT INTO orders VALUES("800","4","1416981175","100000","100000","0","-1","5","0","finish");
INSERT INTO orders VALUES("801","3","1416981705","70000","70000","0","-1","5","0","finish");
INSERT INTO orders VALUES("802","3","1416983278","50000","50000","0","-1","5","0","finish");
INSERT INTO orders VALUES("803","2","1416984957","34000","34000","0","-1","5","0","finish");
INSERT INTO orders VALUES("804","1","1416987872","32000","32000","0","-1","5","0","finish");
INSERT INTO orders VALUES("805","2","1416995883","94000","94000","0","-1","5","0","finish");
INSERT INTO orders VALUES("806","2","1416989218","25000","25000","0","-1","5","0","finish");
INSERT INTO orders VALUES("807","2","1416995754","26000","26000","0","-1","5","0","finish");
INSERT INTO orders VALUES("808","2","1416995808","68000","55000","0","22","5","0","finish");
INSERT INTO orders VALUES("809","2","1416995863","125000","125000","0","-1","5","0","finish");
INSERT INTO orders VALUES("810","1","1416995930","24000","24000","0","-1","5","0","finish");
INSERT INTO orders VALUES("811","2","1417011920","133000","133000","0","-1","3","0","finish");
INSERT INTO orders VALUES("812","2","1417012317","70000","70000","0","-1","3","0","finish");
INSERT INTO orders VALUES("813","2","1417011759","188000","188000","0","-1","3","0","finish");
INSERT INTO orders VALUES("816","1","1417063402","250000","250000","0","-1","5","0","finish");
INSERT INTO orders VALUES("817","5","1417067485","70000","70000","0","-1","5","0","finish");
INSERT INTO orders VALUES("818","3","1417069992","52000","52000","0","-1","5","0","finish");
INSERT INTO orders VALUES("819","1","1417068084","70000","70000","0","-1","5","0","finish");
INSERT INTO orders VALUES("820","2","1417072866","70000","70000","0","-1","5","0","finish");
INSERT INTO orders VALUES("821","5","1417065866","50000","50000","0","-1","5","0","finish");
INSERT INTO orders VALUES("822","6","1417066624","38000","38000","0","-1","5","0","finish");
INSERT INTO orders VALUES("823","1","1417068614","25000","25000","0","-1","5","0","finish");
INSERT INTO orders VALUES("824","1","1417069515","50000","50000","0","-1","5","0","finish");
INSERT INTO orders VALUES("825","1","1417077752","60000","60000","0","-1","5","0","finish");
INSERT INTO orders VALUES("826","5","1417069895","5000","5000","0","-1","5","0","finish");
INSERT INTO orders VALUES("827","3","1417069921","25000","25000","0","-1","5","0","finish");
INSERT INTO orders VALUES("828","2","1417072906","61000","61000","0","-1","5","0","finish");
INSERT INTO orders VALUES("829","1","1417077734","111000","111000","0","-1","5","0","finish");
INSERT INTO orders VALUES("830","1","1417090630","40000","40000","0","-1","3","0","finish");
INSERT INTO orders VALUES("831","1","1417093439","66000","66000","0","-1","3","0","finish");
INSERT INTO orders VALUES("832","1","1417091986","40000","40000","0","-1","3","0","finish");
INSERT INTO orders VALUES("833","2","1417099157","143000","143000","0","-1","3","0","finish");
INSERT INTO orders VALUES("834","2","1417096909","26000","26000","0","-1","3","0","finish");
INSERT INTO orders VALUES("835","1","1417108795","156000","156000","0","-1","5","0","finish");
INSERT INTO orders VALUES("836","1","1417109463","38000","38000","0","-1","5","0","finish");
INSERT INTO orders VALUES("837","4","1417108901","38000","31000","0","22","5","0","finish");
INSERT INTO orders VALUES("838","1","1417110474","35000","35000","0","-1","5","0","finish");
INSERT INTO orders VALUES("839","1","1417118361","30000","30000","0","-1","5","0","finish");
INSERT INTO orders VALUES("840","3","1417115433","64000","64000","0","-1","5","0","finish");
INSERT INTO orders VALUES("841","4","1417115254","38000","38000","0","-1","5","0","finish");
INSERT INTO orders VALUES("842","2","1417116362","100000","100000","0","-1","5","0","finish");
INSERT INTO orders VALUES("843","1","1417120323","74000","74000","0","-1","5","0","finish");
INSERT INTO orders VALUES("844","2","1417121670","95000","95000","0","-1","5","0","finish");
INSERT INTO orders VALUES("845","2","1417121331","55000","55000","0","-1","5","0","finish");
INSERT INTO orders VALUES("846","5","1417116796","50000","50000","0","-1","5","0","finish");
INSERT INTO orders VALUES("847","1","1417118645","25000","25000","0","-1","5","0","finish");
INSERT INTO orders VALUES("848","1","1417120369","60000","60000","0","-1","5","0","finish");
INSERT INTO orders VALUES("849","2","1417127333","82000","82000","0","-1","5","0","finish");
INSERT INTO orders VALUES("850","2","1417120469","21000","21000","0","-1","5","0","finish");
INSERT INTO orders VALUES("851","1","1417134474","76000","76000","0","-1","3","0","finish");
INSERT INTO orders VALUES("852","1","1417140502","377000","377000","1","-1","0","0","pending");
INSERT INTO orders VALUES("853","2","1417143262","377000","377000","0","-1","3","0","finish");
INSERT INTO orders VALUES("854","1","1417147265","145000","145000","0","-1","3","0","finish");
INSERT INTO orders VALUES("855","1","1417145025","194000","194000","0","-1","3","0","finish");
INSERT INTO orders VALUES("856","20","1417142530","26000","21000","0","22","3","0","finish");
INSERT INTO orders VALUES("857","1","1417356961","42000","42000","0","-1","5","0","finish");
INSERT INTO orders VALUES("860","1","1417232483","40000","40000","0","-1","5","0","finish");
INSERT INTO orders VALUES("861","1","1417232548","42000","42000","0","-1","5","0","finish");
INSERT INTO orders VALUES("862","3","1417234931","80000","80000","0","-1","5","0","finish");
INSERT INTO orders VALUES("863","1","1417239564","66000","66000","0","-1","5","0","finish");
INSERT INTO orders VALUES("864","1","1417235092","38000","38000","0","-1","5","0","finish");
INSERT INTO orders VALUES("865","1","1417238962","64000","64000","0","-1","5","0","finish");
INSERT INTO orders VALUES("866","1","1417239587","40000","40000","0","-1","5","0","finish");
INSERT INTO orders VALUES("867","1","1417239605","40000","40000","0","-1","5","0","finish");
INSERT INTO orders VALUES("868","2","1417240190","25000","25000","0","-1","5","0","finish");
INSERT INTO orders VALUES("869","2","1417240078","25000","25000","0","-1","5","0","finish");
INSERT INTO orders VALUES("870","1","1417240371","50000","50000","0","-1","5","0","finish");
INSERT INTO orders VALUES("871","1","1417245932","98000","98000","0","-1","5","0","finish");
INSERT INTO orders VALUES("872","1","1417247065","217000","217000","0","-1","5","0","finish");
INSERT INTO orders VALUES("873","4","1417243027","50000","50000","0","-1","5","0","finish");
INSERT INTO orders VALUES("874","2","1417247046","116000","116000","0","-1","5","0","finish");
INSERT INTO orders VALUES("875","1","1417253672","30000","30000","0","-1","5","0","finish");
INSERT INTO orders VALUES("876","1","1417254454","32000","32000","0","-1","5","0","finish");
INSERT INTO orders VALUES("877","1","1417254477","76000","76000","0","-1","5","0","finish");
INSERT INTO orders VALUES("878","2","1417255878","152000","152000","0","-1","5","0","finish");
INSERT INTO orders VALUES("879","2","1417264601","26000","26000","0","-1","5","0","finish");
INSERT INTO orders VALUES("880","2","1417269889","110000","110000","0","-1","5","0","finish");
INSERT INTO orders VALUES("882","3","1417264838","73000","59000","1","22","5","0","finish");
INSERT INTO orders VALUES("883","3","1417264903","73000","59000","0","22","5","0","finish");
INSERT INTO orders VALUES("885","3","1417269752","233000","233000","0","-1","5","0","finish");
INSERT INTO orders VALUES("886","1","1417270344","30000","30000","0","-1","5","0","finish");
INSERT INTO orders VALUES("887","1","1417270416","40000","32000","0","22","5","0","finish");
INSERT INTO orders VALUES("888","1","1417270847","30000","24000","0","22","5","0","finish");
INSERT INTO orders VALUES("889","2","1417314854","89000","89000","0","-1","5","0","finish");
INSERT INTO orders VALUES("890","3","1417317698","26000","26000","0","-1","5","0","finish");
INSERT INTO orders VALUES("891","1","1417320362","152000","152000","0","-1","5","0","finish");
INSERT INTO orders VALUES("892","1","1417319923","20000","20000","0","-1","5","0","finish");
INSERT INTO orders VALUES("893","3","1417326191","85000","85000","0","-1","5","0","finish");
INSERT INTO orders VALUES("894","2","1417332284","310000","310000","0","-1","5","0","finish");
INSERT INTO orders VALUES("895","4","1417322021","118000","107000","0","29","5","0","finish");
INSERT INTO orders VALUES("896","1","1417334162","173000","173000","1","-1","5","0","finish");
INSERT INTO orders VALUES("897","2","1417332364","85000","85000","0","-1","5","0","finish");
INSERT INTO orders VALUES("898","1","1417332838","20000","16000","0","22","5","0","finish");
INSERT INTO orders VALUES("899","1","1417334739","175000","175000","0","-1","5","0","finish");
INSERT INTO orders VALUES("900","3","1417354999","70000","70000","0","-1","3","0","finish");
INSERT INTO orders VALUES("901","2","1417357639","163000","163000","0","-1","3","0","finish");
INSERT INTO orders VALUES("902","2","1417357400","109000","109000","0","-1","3","0","finish");
INSERT INTO orders VALUES("903","2","1417359070","68000","68000","0","-1","3","0","finish");
INSERT INTO orders VALUES("904","2","1417359110","144000","144000","0","-1","3","0","finish");
INSERT INTO orders VALUES("905","1","1417369684","30000","30000","0","-1","5","0","finish");
INSERT INTO orders VALUES("906","3","1417373993","38000","38000","0","-1","5","0","finish");
INSERT INTO orders VALUES("907","3","1417378922","80000","80000","0","-1","5","0","finish");
INSERT INTO orders VALUES("908","4","1417377142","105000","105000","0","-1","5","0","finish");
INSERT INTO orders VALUES("909","1","1417380445","134000","134000","0","-1","5","0","finish");
INSERT INTO orders VALUES("910","1","1417377387","50000","50000","0","-1","5","0","finish");
INSERT INTO orders VALUES("911","1","1417377672","38000","31000","0","22","5","0","finish");
INSERT INTO orders VALUES("912","3","1417378490","50000","50000","0","-1","5","0","finish");
INSERT INTO orders VALUES("913","3","1417380098","50000","50000","0","-1","5","0","finish");
INSERT INTO orders VALUES("914","3","1417378574","55000","55000","0","-1","5","0","finish");
INSERT INTO orders VALUES("915","2","1417385201","145000","145000","0","-1","5","0","pending");
INSERT INTO orders VALUES("917","1","1418698905","26000","26000","1","-1","1","0","finish");



DROP TABLE payment;

CREATE TABLE `payment` (
  `id` int(5) NOT NULL AUTO_INCREMENT,
  `title` varchar(255) NOT NULL,
  `value` int(100) NOT NULL,
  `reason` text NOT NULL,
  `time` varchar(100) NOT NULL,
  PRIMARY KEY (`id`)
) ENGINE=InnoDB AUTO_INCREMENT=3 DEFAULT CHARSET=utf8;

INSERT INTO payment VALUES("2","Mua ban chai","5000","Mua ban chay de danh rang","1419613200");



DROP TABLE property;

CREATE TABLE `property` (
  `id` int(5) NOT NULL AUTO_INCREMENT,
  `name` varchar(255) COLLATE utf8_unicode_ci NOT NULL,
  `quantity` double NOT NULL,
  `unit` varchar(255) COLLATE utf8_unicode_ci NOT NULL,
  `des` varchar(255) COLLATE utf8_unicode_ci NOT NULL,
  PRIMARY KEY (`id`)
) ENGINE=InnoDB AUTO_INCREMENT=87 DEFAULT CHARSET=utf8 COLLATE=utf8_unicode_ci;

INSERT INTO property VALUES("1","Muỗng ăn cơm","20","cái","");
INSERT INTO property VALUES("4","Nĩa","20","cái","");
INSERT INTO property VALUES("5","Đũa","20","đôi","");
INSERT INTO property VALUES("6","Nồi","8","cái","");
INSERT INTO property VALUES("7","Chảo","5","cái","");
INSERT INTO property VALUES("8","Rổ","13","cái","11 bếp, 2 pha chế");
INSERT INTO property VALUES("9","Thau","7","cái","");
INSERT INTO property VALUES("10","Chén cơm","30","cái","");
INSERT INTO property VALUES("11","Chén nước mắm","30","cái","");
INSERT INTO property VALUES("12","Chén cơm","30","cái","");
INSERT INTO property VALUES("13","Vá","8","cái","3 nhựa, 2 xẻng, 1 gỗ, 2 inox");
INSERT INTO property VALUES("14","Dĩa lớn","30","cái","");
INSERT INTO property VALUES("15","Dĩa nhỏ sâu","20","cái","");
INSERT INTO property VALUES("16","Dĩa nhỏ","20","cái","");
INSERT INTO property VALUES("17","Tô nhỏ","10","cái","");
INSERT INTO property VALUES("18","Phin cà phê nhỏ","20","cái","");
INSERT INTO property VALUES("19","Phin cà phê lớn","2","cái","");
INSERT INTO property VALUES("20","Muỗng","26","cáI","6 nhỏ - 20 dài - 20 màu");
INSERT INTO property VALUES("21","Chai nắp bự","10","chai","");
INSERT INTO property VALUES("22","Chai nắp nhỏ","10","chai","");
INSERT INTO property VALUES("23","Ly thố","12","cái","");
INSERT INTO property VALUES("24","Ly có quai","12","cái","");
INSERT INTO property VALUES("25","Ly dẹo","12","cái","");
INSERT INTO property VALUES("26","Ly uống trà","40","cái","");
INSERT INTO property VALUES("27","Bình trà lớn","2","cái","");
INSERT INTO property VALUES("28","Hủ tiêu inox","3","cái","");
INSERT INTO property VALUES("29","Thố ống khói","1","cái","");
INSERT INTO property VALUES("30","Ly chữ V","1","cái","");
INSERT INTO property VALUES("31","Ly tulip","1","cái","");
INSERT INTO property VALUES("32","Ly ống khói","1","cái","");
INSERT INTO property VALUES("33","Ly cà phê","12","cái","thủy tinh cao");
INSERT INTO property VALUES("34","Ly sứ trà","10","cái","");
INSERT INTO property VALUES("35","Cây đánh cà phê","2","cái","");
INSERT INTO property VALUES("36","Hủ đường","5","cái","Sứ trắng + nắp + muỗng");
INSERT INTO property VALUES("37","Đòn","5","cái","");
INSERT INTO property VALUES("38","Miếng lót ly","40","cái","20 nâu + 20 đen");
INSERT INTO property VALUES("39","Đồ ghim order","3","cái","");
INSERT INTO property VALUES("40","Máy ép","1","cái","");
INSERT INTO property VALUES("41","Máy xay sinh tố","2","cái","");
INSERT INTO property VALUES("42","Máy vắt cam","1","cái","");
INSERT INTO property VALUES("43","Hũ thủy tinh nắp gỗ","4","cái","");
INSERT INTO property VALUES("44","Hũ thủy tinh nắp thủy tinh","4","cái","3 lớn, 1 nhỏ");
INSERT INTO property VALUES("45","Bình kem xịt","1","Bình","");
INSERT INTO property VALUES("46","Ca nhựa nắp đỏ","1","cái","");
INSERT INTO property VALUES("47","Ấm điện","1","cái","");
INSERT INTO property VALUES("48","Kẹp menu cơm","4","cái","");
INSERT INTO property VALUES("49","Bình trà chia vạch","1","cái","");
INSERT INTO property VALUES("50","Khay","3","cái","2 tròn 1 vuông");
INSERT INTO property VALUES("51","Máy tính tiền","1","cái","");
INSERT INTO property VALUES("52","Vòi nhấn","4","cái","");
INSERT INTO property VALUES("53","Camera","2","cái","");
INSERT INTO property VALUES("54","Ghế cao","8","cái","");
INSERT INTO property VALUES("55","Ghế vuông lùn","15","cái","5 trắng, 10 đen");
INSERT INTO property VALUES("56","Ghế kiểu","11","cái","7 đen, 4 đỏ");
INSERT INTO property VALUES("57","Bàn cao","3","cái","");
INSERT INTO property VALUES("58","Bàn thấp","8","cái","");
INSERT INTO property VALUES("59","Bàn tròn","4","cái","");
INSERT INTO property VALUES("60","Đèn dây bộ 3 bóng","7","bộ","3 đen, 2 xanh, 2 tím");
INSERT INTO property VALUES("61","Đèn dĩa bay","10","cái","");
INSERT INTO property VALUES("62","Loa","4","cái","");
INSERT INTO property VALUES("63","Tivi","1","","cái");
INSERT INTO property VALUES("64","Đèn rọi tường","12","cái","");
INSERT INTO property VALUES("65","Đồng hồ con công","2","cái","");
INSERT INTO property VALUES("66","Đồng hồ cát","2","cái","");
INSERT INTO property VALUES("67","xe kiểu Vespa ","1","cái","");
INSERT INTO property VALUES("68","Hủ sao điều ước","6","cái","3 lớn, 3 nhỏ");
INSERT INTO property VALUES("69","Hủ gia vị 3 màu","3","bộ","3 cái 1 bộ");
INSERT INTO property VALUES("70","Aó cổ tròn đồng phục","10","áo","size S, M");
INSERT INTO property VALUES("71","Cây muỗng nĩa dài","1","cái","");
INSERT INTO property VALUES("72","Gắp đá","2","cái","1 2.5T, 1 1T");
INSERT INTO property VALUES("73","Khăn lau nhà","2","cái","");
INSERT INTO property VALUES("74","Cây lau nhà","1","bộ","");
INSERT INTO property VALUES("75","Chổi quét bụi nhiệt","1","cái","");
INSERT INTO property VALUES("76","Gạt tàn","2","cái","");
INSERT INTO property VALUES("77","Tủ đông","1","cái","");
INSERT INTO property VALUES("78","Nồi cơm điện","1","cái","");
INSERT INTO property VALUES("79","Bếp gas Queen house","1","cái","");
INSERT INTO property VALUES("80","Bồn nước rửa ","2","cái","");
INSERT INTO property VALUES("81","Vòi nước","2","cái","");
INSERT INTO property VALUES("82","Cối chày","1","bộ","");
INSERT INTO property VALUES("83","Sọt rác","1","cái","");
INSERT INTO property VALUES("84","Khuôn bánh","1","cái","");
INSERT INTO property VALUES("85","Sách","15","cuốn","");
INSERT INTO property VALUES("86","Bút hoa","13","cây","");



DROP TABLE supplier;

CREATE TABLE `supplier` (
  `id` int(11) NOT NULL AUTO_INCREMENT,
  `phone` varchar(50) COLLATE utf8_unicode_ci NOT NULL,
  `mobile` varchar(50) COLLATE utf8_unicode_ci NOT NULL,
  `addr` longtext COLLATE utf8_unicode_ci NOT NULL,
  `company_name` longtext COLLATE utf8_unicode_ci NOT NULL,
  `contact_name` longtext COLLATE utf8_unicode_ci NOT NULL,
  `email` varchar(50) COLLATE utf8_unicode_ci NOT NULL,
  `suplier_for` varchar(10) COLLATE utf8_unicode_ci NOT NULL,
  `isdelete` int(11) NOT NULL,
  PRIMARY KEY (`id`)
) ENGINE=InnoDB AUTO_INCREMENT=11 DEFAULT CHARSET=utf8 COLLATE=utf8_unicode_ci;

INSERT INTO supplier VALUES("1","","0974980890","Sản phẩm Nhật Bản","Greentea shop","Greentea shop","greenteashop@gmail.com","0","1");
INSERT INTO supplier VALUES("2","1","1","1","hcc","1","1","0","1");
INSERT INTO supplier VALUES("3","2","2","2","cc2","2","2","0","1");
INSERT INTO supplier VALUES("4","","","","Siêu thị BigC","Siêu thị BigC","","0","0");
INSERT INTO supplier VALUES("5","","090 681 98 18","","Cửa hàng ThaTy","Cửa hàng ThaTy","","0","0");
INSERT INTO supplier VALUES("6","","0906743103","","Cửa hàng Quang Mai","Cửa hàng Quang Mai","","0","0");
INSERT INTO supplier VALUES("7","","0974980890","","Greentea shop","Greentea shop","","0","0");
INSERT INTO supplier VALUES("8","","","","Chợ","Chợ","","0","0");
INSERT INTO supplier VALUES("9","","","","Minh Huy","Minh Huy","","0","0");
INSERT INTO supplier VALUES("10","0839141318","","","Phương Hà","Phương Hà","","0","0");



DROP TABLE supplier_for;

CREATE TABLE `supplier_for` (
  `id` int(11) NOT NULL AUTO_INCREMENT,
  `suppiler_id` int(11) NOT NULL,
  `supplier_item` int(11) NOT NULL,
  PRIMARY KEY (`id`)
) ENGINE=InnoDB AUTO_INCREMENT=426 DEFAULT CHARSET=utf8 COLLATE=utf8_unicode_ci;

INSERT INTO supplier_for VALUES("6","2","2");
INSERT INTO supplier_for VALUES("7","3","4");
INSERT INTO supplier_for VALUES("8","1","7");
INSERT INTO supplier_for VALUES("79","7","7");
INSERT INTO supplier_for VALUES("251","9","15");
INSERT INTO supplier_for VALUES("252","9","16");
INSERT INTO supplier_for VALUES("334","6","1");
INSERT INTO supplier_for VALUES("335","6","4");
INSERT INTO supplier_for VALUES("336","6","5");
INSERT INTO supplier_for VALUES("337","6","6");
INSERT INTO supplier_for VALUES("338","6","9");
INSERT INTO supplier_for VALUES("339","6","12");
INSERT INTO supplier_for VALUES("340","6","14");
INSERT INTO supplier_for VALUES("341","6","18");
INSERT INTO supplier_for VALUES("342","6","42");
INSERT INTO supplier_for VALUES("343","6","44");
INSERT INTO supplier_for VALUES("344","6","49");
INSERT INTO supplier_for VALUES("345","6","77");
INSERT INTO supplier_for VALUES("346","6","78");
INSERT INTO supplier_for VALUES("347","4","1");
INSERT INTO supplier_for VALUES("348","4","4");
INSERT INTO supplier_for VALUES("349","4","5");
INSERT INTO supplier_for VALUES("350","4","6");
INSERT INTO supplier_for VALUES("351","4","9");
INSERT INTO supplier_for VALUES("352","4","12");
INSERT INTO supplier_for VALUES("353","4","14");
INSERT INTO supplier_for VALUES("354","4","18");
INSERT INTO supplier_for VALUES("355","4","42");
INSERT INTO supplier_for VALUES("356","4","44");
INSERT INTO supplier_for VALUES("357","4","49");
INSERT INTO supplier_for VALUES("358","4","51");
INSERT INTO supplier_for VALUES("359","4","53");
INSERT INTO supplier_for VALUES("360","4","54");
INSERT INTO supplier_for VALUES("361","4","55");
INSERT INTO supplier_for VALUES("362","4","56");
INSERT INTO supplier_for VALUES("363","4","57");
INSERT INTO supplier_for VALUES("364","4","58");
INSERT INTO supplier_for VALUES("365","4","59");
INSERT INTO supplier_for VALUES("366","4","60");
INSERT INTO supplier_for VALUES("367","4","61");
INSERT INTO supplier_for VALUES("368","4","77");
INSERT INTO supplier_for VALUES("369","4","80");
INSERT INTO supplier_for VALUES("370","5","8");
INSERT INTO supplier_for VALUES("371","5","10");
INSERT INTO supplier_for VALUES("372","5","11");
INSERT INTO supplier_for VALUES("373","5","13");
INSERT INTO supplier_for VALUES("374","5","19");
INSERT INTO supplier_for VALUES("375","5","20");
INSERT INTO supplier_for VALUES("376","5","21");
INSERT INTO supplier_for VALUES("377","5","22");
INSERT INTO supplier_for VALUES("378","5","23");
INSERT INTO supplier_for VALUES("379","5","24");
INSERT INTO supplier_for VALUES("380","5","25");
INSERT INTO supplier_for VALUES("381","5","26");
INSERT INTO supplier_for VALUES("382","5","27");
INSERT INTO supplier_for VALUES("383","5","28");
INSERT INTO supplier_for VALUES("384","5","29");
INSERT INTO supplier_for VALUES("385","5","30");
INSERT INTO supplier_for VALUES("386","5","31");
INSERT INTO supplier_for VALUES("387","5","32");
INSERT INTO supplier_for VALUES("388","5","33");
INSERT INTO supplier_for VALUES("389","5","35");
INSERT INTO supplier_for VALUES("390","5","36");
INSERT INTO supplier_for VALUES("391","5","37");
INSERT INTO supplier_for VALUES("392","5","39");
INSERT INTO supplier_for VALUES("393","5","40");
INSERT INTO supplier_for VALUES("394","5","41");
INSERT INTO supplier_for VALUES("395","5","46");
INSERT INTO supplier_for VALUES("396","5","48");
INSERT INTO supplier_for VALUES("397","5","64");
INSERT INTO supplier_for VALUES("398","5","65");
INSERT INTO supplier_for VALUES("399","5","66");
INSERT INTO supplier_for VALUES("400","5","67");
INSERT INTO supplier_for VALUES("401","5","68");
INSERT INTO supplier_for VALUES("402","5","69");
INSERT INTO supplier_for VALUES("403","5","75");
INSERT INTO supplier_for VALUES("404","5","76");
INSERT INTO supplier_for VALUES("405","5","81");
INSERT INTO supplier_for VALUES("406","5","82");
INSERT INTO supplier_for VALUES("407","8","51");
INSERT INTO supplier_for VALUES("408","8","52");
INSERT INTO supplier_for VALUES("409","8","53");
INSERT INTO supplier_for VALUES("410","8","54");
INSERT INTO supplier_for VALUES("411","8","55");
INSERT INTO supplier_for VALUES("412","8","56");
INSERT INTO supplier_for VALUES("413","8","57");
INSERT INTO supplier_for VALUES("414","8","58");
INSERT INTO supplier_for VALUES("415","8","59");
INSERT INTO supplier_for VALUES("416","8","60");
INSERT INTO supplier_for VALUES("417","8","61");
INSERT INTO supplier_for VALUES("418","8","70");
INSERT INTO supplier_for VALUES("419","8","71");
INSERT INTO supplier_for VALUES("420","8","72");
INSERT INTO supplier_for VALUES("421","8","73");
INSERT INTO supplier_for VALUES("422","8","83");
INSERT INTO supplier_for VALUES("423","10","75");
INSERT INTO supplier_for VALUES("424","10","76");
INSERT INTO supplier_for VALUES("425","10","84");



DROP TABLE supplier_item;

CREATE TABLE `supplier_item` (
  `id` int(11) NOT NULL AUTO_INCREMENT,
  `value` longtext COLLATE utf8_unicode_ci NOT NULL,
  `isdelete` int(11) NOT NULL,
  PRIMARY KEY (`id`)
) ENGINE=InnoDB AUTO_INCREMENT=85 DEFAULT CHARSET=utf8 COLLATE=utf8_unicode_ci;

INSERT INTO supplier_item VALUES("1","Trà lipton","0");
INSERT INTO supplier_item VALUES("2","Syrup Tess","1");
INSERT INTO supplier_item VALUES("3","Mứt","0");
INSERT INTO supplier_item VALUES("4","Đường que","0");
INSERT INTO supplier_item VALUES("5","Sữa yomost","0");
INSERT INTO supplier_item VALUES("6","Cosy","0");
INSERT INTO supplier_item VALUES("7","Bột trà xanh Nhật Bản","0");
INSERT INTO supplier_item VALUES("8","Cà phê","0");
INSERT INTO supplier_item VALUES("9","Sữa đặc","0");
INSERT INTO supplier_item VALUES("10","Bột trà xanh","0");
INSERT INTO supplier_item VALUES("11","Bột ca cao","0");
INSERT INTO supplier_item VALUES("12","Đường","0");
INSERT INTO supplier_item VALUES("13","Bột kem béo","0");
INSERT INTO supplier_item VALUES("14","Bánh Cookie","0");
INSERT INTO supplier_item VALUES("15","Trà lài","0");
INSERT INTO supplier_item VALUES("16","Trà sâm dứa","0");
INSERT INTO supplier_item VALUES("17","Topping cốm","0");
INSERT INTO supplier_item VALUES("18","Soda","0");
INSERT INTO supplier_item VALUES("19","Syrup coconut","0");
INSERT INTO supplier_item VALUES("20","Syrup Raspberry","0");
INSERT INTO supplier_item VALUES("21","Syrup Green mint","0");
INSERT INTO supplier_item VALUES("22","Syrup Colada","0");
INSERT INTO supplier_item VALUES("23","Syrup watermelon","0");
INSERT INTO supplier_item VALUES("24","Syrup Le \"Blue\"","0");
INSERT INTO supplier_item VALUES("25","Syrup Strawberry","0");
INSERT INTO supplier_item VALUES("26","Syrup Blueberry","0");
INSERT INTO supplier_item VALUES("27","Syrup Mojito","0");
INSERT INTO supplier_item VALUES("28","Syrup green apple","0");
INSERT INTO supplier_item VALUES("29","Syrup dưa lưới","0");
INSERT INTO supplier_item VALUES("30","Syrup Hazennut","0");
INSERT INTO supplier_item VALUES("31","Mứt dứa-xoài","0");
INSERT INTO supplier_item VALUES("32","Mứt Kiwwi","0");
INSERT INTO supplier_item VALUES("33","Mứt Đào","0");
INSERT INTO supplier_item VALUES("34","","1");
INSERT INTO supplier_item VALUES("35","Mứt chanh dây","0");
INSERT INTO supplier_item VALUES("36","Mứt việt quất","0");
INSERT INTO supplier_item VALUES("37","Mứt phúc bồn tử","0");
INSERT INTO supplier_item VALUES("38","Mứt Nho đen","1");
INSERT INTO supplier_item VALUES("39","Mứt Nho đen","0");
INSERT INTO supplier_item VALUES("40","Syrup socola flavor","0");
INSERT INTO supplier_item VALUES("41","Cà phê hột","0");
INSERT INTO supplier_item VALUES("42","sữa chua","0");
INSERT INTO supplier_item VALUES("43","Syrup Torani","1");
INSERT INTO supplier_item VALUES("44","Mì gói","0");
INSERT INTO supplier_item VALUES("45","","1");
INSERT INTO supplier_item VALUES("46","syrup dâu","0");
INSERT INTO supplier_item VALUES("47","","1");
INSERT INTO supplier_item VALUES("48","syrup bạc hà","0");
INSERT INTO supplier_item VALUES("49","Mỳ Ý","0");
INSERT INTO supplier_item VALUES("50","Cam","1");
INSERT INTO supplier_item VALUES("51","Táo","0");
INSERT INTO supplier_item VALUES("52","Cam","0");
INSERT INTO supplier_item VALUES("53","Bưởi","0");
INSERT INTO supplier_item VALUES("54","Ổi","0");
INSERT INTO supplier_item VALUES("55","Thơm","0");
INSERT INTO supplier_item VALUES("56","Chanh dây","0");
INSERT INTO supplier_item VALUES("57","Cà rốt","0");
INSERT INTO supplier_item VALUES("58","Dâu","0");
INSERT INTO supplier_item VALUES("59","Xoài","0");
INSERT INTO supplier_item VALUES("60","Chuối","0");
INSERT INTO supplier_item VALUES("61","Mật ong","0");
INSERT INTO supplier_item VALUES("62","Mật ong","1");
INSERT INTO supplier_item VALUES("63","Đào miếng","0");
INSERT INTO supplier_item VALUES("64","Syrup watermelon","0");
INSERT INTO supplier_item VALUES("65","Syrup Blueberry","0");
INSERT INTO supplier_item VALUES("66","Mứt Phúc bồn tử","0");
INSERT INTO supplier_item VALUES("67","Mứt Kiwi","0");
INSERT INTO supplier_item VALUES("68","Mứt Việt Quất","0");
INSERT INTO supplier_item VALUES("69","Sốt Cramel","0");
INSERT INTO supplier_item VALUES("70","Cosy- Hồng Trà","0");
INSERT INTO supplier_item VALUES("71","Cosy - Dâu","0");
INSERT INTO supplier_item VALUES("72","Cosy - Bạc hà","0");
INSERT INTO supplier_item VALUES("73","Cosy - Đào","0");
INSERT INTO supplier_item VALUES("74","Bánh oreo","0");
INSERT INTO supplier_item VALUES("75","Kem béo Rich","0");
INSERT INTO supplier_item VALUES("76","Base topping","0");
INSERT INTO supplier_item VALUES("77","Yogurt Vinamilk","0");
INSERT INTO supplier_item VALUES("78","Sữa Tươi","0");
INSERT INTO supplier_item VALUES("79","Chuối","0");
INSERT INTO supplier_item VALUES("80","7up","0");
INSERT INTO supplier_item VALUES("81","Thạch trà xanh","0");
INSERT INTO supplier_item VALUES("82","Thạch cà phê","0");
INSERT INTO supplier_item VALUES("83","Dâu","0");
INSERT INTO supplier_item VALUES("84","Trà xanh nguyên chất","0");



DROP TABLE surtax;

CREATE TABLE `surtax` (
  `id` int(5) NOT NULL AUTO_INCREMENT,
  `name` varchar(255) COLLATE utf8_unicode_ci NOT NULL,
  `value` varchar(255) COLLATE utf8_unicode_ci NOT NULL,
  `type` varchar(100) COLLATE utf8_unicode_ci NOT NULL,
  PRIMARY KEY (`id`)
) ENGINE=InnoDB AUTO_INCREMENT=2 DEFAULT CHARSET=utf8 COLLATE=utf8_unicode_ci;

INSERT INTO surtax VALUES("1","Quốc tế thiếu nhi","15000","cash");



DROP TABLE transaction;

CREATE TABLE `transaction` (
  `id` int(5) NOT NULL AUTO_INCREMENT,
  `menu_store_id` int(5) NOT NULL,
  `action` varchar(100) COLLATE utf8_unicode_ci NOT NULL,
  `quantity` double NOT NULL,
  `unit` varchar(10) COLLATE utf8_unicode_ci NOT NULL,
  `date` varchar(100) COLLATE utf8_unicode_ci NOT NULL,
  `note` longtext COLLATE utf8_unicode_ci,
  `cost` double NOT NULL,
  `supplier` int(11) NOT NULL,
  `store` varchar(11) COLLATE utf8_unicode_ci NOT NULL,
  `order_id` int(11) NOT NULL,
  PRIMARY KEY (`id`)
) ENGINE=InnoDB AUTO_INCREMENT=5131 DEFAULT CHARSET=utf8 COLLATE=utf8_unicode_ci;

INSERT INTO transaction VALUES("1","1","N","20","kg","1413868271","Nhập hàng","0","0","main","0");
INSERT INTO transaction VALUES("2","1","N","30","kg","1413868300","Nhập hàng","0","0","main","0");
INSERT INTO transaction VALUES("26","3","N","10000","G","1414489443","Nhập hàng","130000","5","main","0");
INSERT INTO transaction VALUES("28","4","N","750","ML","1414570416","Nhập hàng","170","5","main","0");
INSERT INTO transaction VALUES("29","5","N","660","ML","1414570501","Nhập hàng","150000","5","main","0");
INSERT INTO transaction VALUES("30","6","N","380","ML","1414570567","Nhập hàng","86000","5","main","0");
INSERT INTO transaction VALUES("31","7","N","700","ML","1414570635","Nhập hàng","159000","5","main","0");
INSERT INTO transaction VALUES("32","8","N","680","ML","1414570698","Nhập hàng","154000","5","main","0");
INSERT INTO transaction VALUES("33","9","N","750","ML","1414570780","Nhập hàng","170","5","main","0");
INSERT INTO transaction VALUES("34","10","N","300","ML","1414570893","Nhập hàng","68000","5","main","0");
INSERT INTO transaction VALUES("35","11","N","230","ML","1414570961","Nhập hàng","56000","5","main","0");
INSERT INTO transaction VALUES("36","12","N","660","ML","1414571026","Nhập hàng","150000","5","main","0");
INSERT INTO transaction VALUES("37","13","N","340","ML","1414571167","Nhập hàng","77000","5","main","0");
INSERT INTO transaction VALUES("38","14","N","750","ML","1414571252","Nhập hàng","170","5","main","0");
INSERT INTO transaction VALUES("39","15","N","730","ML","1414572404","Nhập hàng","66000","5","main","0");
INSERT INTO transaction VALUES("40","9","N","1000","ML","1414572430","Nhập hàng","0","5","main","0");
INSERT INTO transaction VALUES("41","9","N","1000","ML","1414572540","Nhập hàng","90","5","main","0");
INSERT INTO transaction VALUES("42","9","N","1000","ML","1414572560","Nhập hàng","90","5","main","0");
INSERT INTO transaction VALUES("43","16","N","750","ML","1414572657","Nhập hàng","60000","5","main","0");
INSERT INTO transaction VALUES("44","9","N","0","ML","1414572680","Nhập hàng","110","5","main","0");
INSERT INTO transaction VALUES("45","9","N","1000","ML","1414573083","Nhập hàng","110","5","main","0");
INSERT INTO transaction VALUES("46","17","N","700","ML","1414573135","Nhập hàng","73000","5","main","0");
INSERT INTO transaction VALUES("47","18","N","800","ML","1414573194","Nhập hàng","86000","5","main","0");
INSERT INTO transaction VALUES("49","19","N","450","G","1414644977","Nhập hàng","55000","5","main","0");
INSERT INTO transaction VALUES("51","20","N","750","ML","1414645293","Nhập hàng","170","5","main","0");
INSERT INTO transaction VALUES("52","21","N","750","ML","1414645337","Nhập hàng","170","5","main","0");
INSERT INTO transaction VALUES("53","22","N","2230","G","1414645748","Nhập hàng","1300000","7","main","0");
INSERT INTO transaction VALUES("55","23","N","1000","ML","1414645904","Nhập hàng","54","6","main","0");
INSERT INTO transaction VALUES("56","24","N","1380","G","1414645976","Nhập hàng","386","5","main","0");
INSERT INTO transaction VALUES("57","25","N","350","G","1414647122","Nhập hàng","84000","5","main","0");
INSERT INTO transaction VALUES("60","26","N","10000","G","1414656256","Nhập hàng","13000","4","main","0");
INSERT INTO transaction VALUES("62","28","N","3300","ML","1414657415","Nhập hàng","44000","4","main","0");
INSERT INTO transaction VALUES("64","27","N","2000","G","1414657654","Nhập hàng","200000","4","main","0");
INSERT INTO transaction VALUES("117","29","N","200","G","1415243441","Nhập hàng","19000","4","main","0");
INSERT INTO transaction VALUES("120","31","N","190","Goi","1415248172","Nhập hàng","57000","4","main","0");
INSERT INTO transaction VALUES("121","32","N","79","Goi","1415248642","Nhập hàng","110000","4","main","0");
INSERT INTO transaction VALUES("126","33","N","10","Trai","1415264793","Nhập hàng","10000","8","main","0");
INSERT INTO transaction VALUES("127","34","N","6","Trai","1415264870","Nhập hàng","60000","4","main","0");
INSERT INTO transaction VALUES("128","35","N","5","Trai","1415264932","Nhập hàng","40000","8","main","0");
INSERT INTO transaction VALUES("129","36","N","6","Trai","1415265002","Nhập hàng","18000","4","main","0");
INSERT INTO transaction VALUES("130","37","N","2","Trai","1415265366","Nhập hàng","16000","8","main","0");
INSERT INTO transaction VALUES("131","38","N","5","Trai","1415265524","Nhập hàng","30000","8","main","0");
INSERT INTO transaction VALUES("132","39","N","280","ML","1415267774","Nhập hàng","63000","5","main","0");
INSERT INTO transaction VALUES("133","40","N","380","ML","1415267983","Nhập hàng","86000","5","main","0");
INSERT INTO transaction VALUES("134","41","N","800","ML","1415268054","Nhập hàng","88000","5","main","0");
INSERT INTO transaction VALUES("135","9","N","750","ML","1415268128","Nhập hàng","82500","5","main","0");
INSERT INTO transaction VALUES("136","42","N","2500","G","1415270161","Nhập hàng","325000","5","main","0");
INSERT INTO transaction VALUES("137","1","N","20","kg","1413868271","Nhập hàng","0","0","sub","0");
INSERT INTO transaction VALUES("138","1","N","30","kg","1413868300","Nhập hàng","0","0","sub","0");
INSERT INTO transaction VALUES("139","3","N","10000","G","1414489443","Nhập hàng","130000","5","sub","0");
INSERT INTO transaction VALUES("140","4","N","750","ML","1414570416","Nhập hàng","170","5","sub","0");
INSERT INTO transaction VALUES("141","5","N","660","ML","1414570501","Nhập hàng","150000","5","sub","0");
INSERT INTO transaction VALUES("142","6","N","380","ML","1414570567","Nhập hàng","86000","5","sub","0");
INSERT INTO transaction VALUES("143","7","N","700","ML","1414570635","Nhập hàng","159000","5","sub","0");
INSERT INTO transaction VALUES("144","8","N","680","ML","1414570698","Nhập hàng","154000","5","sub","0");
INSERT INTO transaction VALUES("145","9","N","750","ML","1414570780","Nhập hàng","170","5","sub","0");
INSERT INTO transaction VALUES("146","10","N","300","ML","1414570893","Nhập hàng","68000","5","sub","0");
INSERT INTO transaction VALUES("147","11","N","230","ML","1414570961","Nhập hàng","56000","5","sub","0");
INSERT INTO transaction VALUES("148","12","N","660","ML","1414571026","Nhập hàng","150000","5","sub","0");
INSERT INTO transaction VALUES("149","13","N","340","ML","1414571167","Nhập hàng","77000","5","sub","0");
INSERT INTO transaction VALUES("150","14","N","750","ML","1414571252","Nhập hàng","170","5","sub","0");
INSERT INTO transaction VALUES("151","15","N","730","ML","1414572404","Nhập hàng","66000","5","sub","0");
INSERT INTO transaction VALUES("152","9","N","1000","ML","1414572430","Nhập hàng","0","5","sub","0");
INSERT INTO transaction VALUES("153","9","N","1000","ML","1414572540","Nhập hàng","90","5","sub","0");
INSERT INTO transaction VALUES("154","9","N","1000","ML","1414572560","Nhập hàng","90","5","sub","0");
INSERT INTO transaction VALUES("155","16","N","750","ML","1414572657","Nhập hàng","60000","5","sub","0");
INSERT INTO transaction VALUES("156","9","N","0","ML","1414572680","Nhập hàng","110","5","sub","0");
INSERT INTO transaction VALUES("157","9","N","1000","ML","1414573083","Nhập hàng","110","5","sub","0");
INSERT INTO transaction VALUES("158","17","N","700","ML","1414573135","Nhập hàng","73000","5","sub","0");
INSERT INTO transaction VALUES("159","18","N","800","ML","1414573194","Nhập hàng","86000","5","sub","0");
INSERT INTO transaction VALUES("160","19","N","450","G","1414644977","Nhập hàng","55000","5","sub","0");
INSERT INTO transaction VALUES("161","20","N","750","ML","1414645293","Nhập hàng","170","5","sub","0");
INSERT INTO transaction VALUES("162","21","N","750","ML","1414645337","Nhập hàng","170","5","sub","0");
INSERT INTO transaction VALUES("163","22","N","2230","G","1414645748","Nhập hàng","1300000","7","sub","0");
INSERT INTO transaction VALUES("164","23","N","1000","ML","1414645904","Nhập hàng","54","6","sub","0");
INSERT INTO transaction VALUES("165","24","N","1380","G","1414645976","Nhập hàng","386","5","sub","0");
INSERT INTO transaction VALUES("166","25","N","350","G","1414647122","Nhập hàng","84000","5","sub","0");
INSERT INTO transaction VALUES("167","26","N","10000","G","1414656256","Nhập hàng","13000","4","sub","0");
INSERT INTO transaction VALUES("168","28","N","3300","ML","1414657415","Nhập hàng","44000","4","sub","0");
INSERT INTO transaction VALUES("169","27","N","2000","G","1414657654","Nhập hàng","200000","4","sub","0");
INSERT INTO transaction VALUES("170","29","N","200","G","1415243441","Nhập hàng","19000","4","sub","0");
INSERT INTO transaction VALUES("171","31","N","190","Goi","1415248172","Nhập hàng","57000","4","sub","0");
INSERT INTO transaction VALUES("172","32","N","79","Goi","1415248642","Nhập hàng","110000","4","sub","0");
INSERT INTO transaction VALUES("173","33","N","10","Trai","1415264793","Nhập hàng","10000","8","sub","0");
INSERT INTO transaction VALUES("174","34","N","6","Trai","1415264870","Nhập hàng","60000","4","sub","0");
INSERT INTO transaction VALUES("175","35","N","5","Trai","1415264932","Nhập hàng","40000","8","sub","0");
INSERT INTO transaction VALUES("176","36","N","6","Trai","1415265002","Nhập hàng","18000","4","sub","0");
INSERT INTO transaction VALUES("177","37","N","2","Trai","1415265366","Nhập hàng","16000","8","sub","0");
INSERT INTO transaction VALUES("178","38","N","5","Trai","1415265524","Nhập hàng","30000","8","sub","0");
INSERT INTO transaction VALUES("179","39","N","280","ML","1415267774","Nhập hàng","63000","5","sub","0");
INSERT INTO transaction VALUES("180","40","N","380","ML","1415267983","Nhập hàng","86000","5","sub","0");
INSERT INTO transaction VALUES("181","41","N","800","ML","1415268054","Nhập hàng","88000","5","sub","0");
INSERT INTO transaction VALUES("182","9","N","750","ML","1415268128","Nhập hàng","82500","5","sub","0");
INSERT INTO transaction VALUES("183","42","N","2500","G","1415270161","Nhập hàng","325000","5","sub","0");
INSERT INTO transaction VALUES("184","1","X","-20","kg","1413868271","Nhập hàng","0","0","main","0");
INSERT INTO transaction VALUES("185","1","X","-30","kg","1413868300","Nhập hàng","0","0","main","0");
INSERT INTO transaction VALUES("186","3","X","-10000","G","1414489443","Nhập hàng","130000","5","main","0");
INSERT INTO transaction VALUES("187","4","X","-750","ML","1414570416","Nhập hàng","170","5","main","0");
INSERT INTO transaction VALUES("188","5","X","-660","ML","1414570501","Nhập hàng","150000","5","main","0");
INSERT INTO transaction VALUES("189","6","X","-380","ML","1414570567","Nhập hàng","86000","5","main","0");
INSERT INTO transaction VALUES("190","7","X","-700","ML","1414570635","Nhập hàng","159000","5","main","0");
INSERT INTO transaction VALUES("191","8","X","-680","ML","1414570698","Nhập hàng","154000","5","main","0");
INSERT INTO transaction VALUES("192","9","X","-750","ML","1414570780","Nhập hàng","170","5","main","0");
INSERT INTO transaction VALUES("193","10","X","-300","ML","1414570893","Nhập hàng","68000","5","main","0");
INSERT INTO transaction VALUES("194","11","X","-230","ML","1414570961","Nhập hàng","56000","5","main","0");
INSERT INTO transaction VALUES("195","12","X","-660","ML","1414571026","Nhập hàng","150000","5","main","0");
INSERT INTO transaction VALUES("196","13","X","-340","ML","1414571167","Nhập hàng","77000","5","main","0");
INSERT INTO transaction VALUES("197","14","X","-750","ML","1414571252","Nhập hàng","170","5","main","0");
INSERT INTO transaction VALUES("198","15","X","-730","ML","1414572404","Nhập hàng","66000","5","main","0");
INSERT INTO transaction VALUES("199","9","X","-1000","ML","1414572430","Nhập hàng","0","5","main","0");
INSERT INTO transaction VALUES("200","9","X","-1000","ML","1414572540","Nhập hàng","90","5","main","0");
INSERT INTO transaction VALUES("201","9","X","-1000","ML","1414572560","Nhập hàng","90","5","main","0");
INSERT INTO transaction VALUES("202","16","X","-750","ML","1414572657","Nhập hàng","60000","5","main","0");
INSERT INTO transaction VALUES("203","9","X","0","ML","1414572680","Nhập hàng","110","5","main","0");
INSERT INTO transaction VALUES("204","9","X","-1000","ML","1414573083","Nhập hàng","110","5","main","0");
INSERT INTO transaction VALUES("205","17","X","-700","ML","1414573135","Nhập hàng","73000","5","main","0");
INSERT INTO transaction VALUES("206","18","X","-800","ML","1414573194","Nhập hàng","86000","5","main","0");
INSERT INTO transaction VALUES("207","19","X","-450","G","1414644977","Nhập hàng","55000","5","main","0");
INSERT INTO transaction VALUES("208","20","X","-750","ML","1414645293","Nhập hàng","170","5","main","0");
INSERT INTO transaction VALUES("209","21","X","-750","ML","1414645337","Nhập hàng","170","5","main","0");
INSERT INTO transaction VALUES("210","22","X","-2230","G","1414645748","Nhập hàng","1300000","7","main","0");
INSERT INTO transaction VALUES("211","23","X","-1000","ML","1414645904","Nhập hàng","54","6","main","0");
INSERT INTO transaction VALUES("212","24","X","-1380","G","1414645976","Nhập hàng","386","5","main","0");
INSERT INTO transaction VALUES("213","25","X","-350","G","1414647122","Nhập hàng","84000","5","main","0");
INSERT INTO transaction VALUES("214","26","X","-10000","G","1414656256","Nhập hàng","13000","4","main","0");
INSERT INTO transaction VALUES("215","28","X","-3300","ML","1414657415","Nhập hàng","44000","4","main","0");
INSERT INTO transaction VALUES("216","27","X","-2000","G","1414657654","Nhập hàng","200000","4","main","0");
INSERT INTO transaction VALUES("217","29","X","-200","G","1415243441","Nhập hàng","19000","4","main","0");
INSERT INTO transaction VALUES("218","31","X","-190","Goi","1415248172","Nhập hàng","57000","4","main","0");
INSERT INTO transaction VALUES("219","32","X","-79","Goi","1415248642","Nhập hàng","110000","4","main","0");
INSERT INTO transaction VALUES("220","33","X","-10","Trai","1415264793","Nhập hàng","10000","8","main","0");
INSERT INTO transaction VALUES("221","34","X","-6","Trai","1415264870","Nhập hàng","60000","4","main","0");
INSERT INTO transaction VALUES("222","35","X","-5","Trai","1415264932","Nhập hàng","40000","8","main","0");
INSERT INTO transaction VALUES("223","36","X","-6","Trai","1415265002","Nhập hàng","18000","4","main","0");
INSERT INTO transaction VALUES("224","37","X","-2","Trai","1415265366","Nhập hàng","16000","8","main","0");
INSERT INTO transaction VALUES("225","38","X","-5","Trai","1415265524","Nhập hàng","30000","8","main","0");
INSERT INTO transaction VALUES("226","39","X","-280","ML","1415267774","Nhập hàng","63000","5","main","0");
INSERT INTO transaction VALUES("227","40","X","-380","ML","1415267983","Nhập hàng","86000","5","main","0");
INSERT INTO transaction VALUES("228","41","X","-800","ML","1415268054","Nhập hàng","88000","5","main","0");
INSERT INTO transaction VALUES("229","9","X","-750","ML","1415268128","Nhập hàng","82500","5","main","0");
INSERT INTO transaction VALUES("230","42","X","-2500","G","1415270161","Nhập hàng","325000","5","main","0");
INSERT INTO transaction VALUES("233","2","X","-25","gr","1415280646","{\"orderID\":\"400\",\"orderDetailId\":921}","0","0","sub","400");
INSERT INTO transaction VALUES("236","2","X","-125","gr","1415326545","{\"orderID\":\"410\",\"orderDetailId\":952}","0","0","sub","410");
INSERT INTO transaction VALUES("238","2","X","-25","gr","1415333208","{\"orderID\":\"413\",\"orderDetailId\":973}","0","0","sub","413");
INSERT INTO transaction VALUES("239","33","N","9","Trai","1415334176","Nhập hàng","21000","8","main","0");
INSERT INTO transaction VALUES("240","43","N","6","Trai","1415334318","Nhập hàng","19000","8","main","0");
INSERT INTO transaction VALUES("241","44","N","11","Trai","1415334635","Nhập hàng","20000","8","main","0");
INSERT INTO transaction VALUES("242","40","N","11","Trai","1415334656","Nhập hàng","0","0","sub","0");
INSERT INTO transaction VALUES("243","44","X","-11","Trai","1415334656","Insert sub store","0","0","main","0");
INSERT INTO transaction VALUES("244","30","N","9","Trai","1415334669","Nhập hàng","0","0","sub","0");
INSERT INTO transaction VALUES("245","33","X","-9","Trai","1415334669","Insert sub store","0","0","main","0");
INSERT INTO transaction VALUES("246","41","N","6","Trai","1415334700","Nhập hàng","0","0","sub","0");
INSERT INTO transaction VALUES("247","43","X","-6","Trai","1415334700","Insert sub store","0","0","main","0");
INSERT INTO transaction VALUES("250","45","N","8","Hu","1415347157","Nhập hàng","40000","4","main","0");
INSERT INTO transaction VALUES("251","42","N","8","Hu","1415347184","Nhập hàng","0","0","sub","0");
INSERT INTO transaction VALUES("252","45","X","-8","Hu","1415347184","Insert sub store","0","0","main","0");
INSERT INTO transaction VALUES("254","2","X","-50","gr","1415347469","{\"orderID\":\"423\",\"orderDetailId\":1012}","0","0","sub","423");
INSERT INTO transaction VALUES("255","46","N","2700","ML","1415348401","Nhập hàng","195000","5","main","0");
INSERT INTO transaction VALUES("256","47","N","2270","ML","1415348533","Nhập hàng","125000","5","main","0");
INSERT INTO transaction VALUES("257","43","N","2700","ML","1415349582","Nhập hàng","0","0","sub","0");
INSERT INTO transaction VALUES("258","46","X","-2700","ML","1415349582","Insert sub store","0","0","main","0");
INSERT INTO transaction VALUES("259","44","N","2270","ML","1415349599","Nhập hàng","0","0","sub","0");
INSERT INTO transaction VALUES("260","47","X","-2270","ML","1415349599","Insert sub store","0","0","main","0");
INSERT INTO transaction VALUES("261","48","N","60","Cai","1415350399","Nhập hàng","70000","4","main","0");
INSERT INTO transaction VALUES("262","45","N","24","Cai","1415350418","Nhập hàng","0","0","sub","0");
INSERT INTO transaction VALUES("263","48","X","-24","Cai","1415350418","Insert sub store","0","0","main","0");
INSERT INTO transaction VALUES("264","49","N","3500","ML","1415350746","Nhập hàng","94500","6","main","0");
INSERT INTO transaction VALUES("265","46","N","3500","ML","1415350774","Nhập hàng","0","0","sub","0");
INSERT INTO transaction VALUES("266","49","X","-3500","ML","1415350774","Insert sub store","0","0","main","0");
INSERT INTO transaction VALUES("267","50","N","9","Trai","1415352200","Nhập hàng","10000","8","main","0");
INSERT INTO transaction VALUES("268","47","N","9","Trai","1415352273","Nhập hàng","0","0","sub","0");
INSERT INTO transaction VALUES("269","50","X","-9","Trai","1415352273","Insert sub store","0","0","main","0");
INSERT INTO transaction VALUES("270","51","N","21","Goi","1415353018","Nhập hàng","25000","8","main","0");
INSERT INTO transaction VALUES("271","52","N","15","KG","1415353154","Nhập hàng","18000","8","main","0");
INSERT INTO transaction VALUES("272","53","N","24","Goi","1415353236","Nhập hàng","30000","8","main","0");
INSERT INTO transaction VALUES("273","54","N","18","Goi","1415353342","Nhập hàng","22000","8","main","0");
INSERT INTO transaction VALUES("274","48","N","21","Goi","1415353398","Nhập hàng","0","0","sub","0");
INSERT INTO transaction VALUES("275","51","X","-21","Goi","1415353398","Insert sub store","0","0","main","0");
INSERT INTO transaction VALUES("276","49","N","15","KG","1415353409","Nhập hàng","0","0","sub","0");
INSERT INTO transaction VALUES("277","52","X","-15","KG","1415353409","Insert sub store","0","0","main","0");
INSERT INTO transaction VALUES("278","50","N","24","Goi","1415353426","Nhập hàng","0","0","sub","0");
INSERT INTO transaction VALUES("279","53","X","-24","Goi","1415353426","Insert sub store","0","0","main","0");
INSERT INTO transaction VALUES("280","51","N","18","Goi","1415353441","Nhập hàng","0","0","sub","0");
INSERT INTO transaction VALUES("281","54","X","-18","Goi","1415353441","Insert sub store","0","0","main","0");
INSERT INTO transaction VALUES("282","52","N","15","Goi","1415353817","Nhập hàng","18000","4","main","0");
INSERT INTO transaction VALUES("283","55","N","1500","ML","1415355604","Nhập hàng","15000","4","main","0");
INSERT INTO transaction VALUES("284","52","N","1500","ML","1415355626","Nhập hàng","0","0","sub","0");
INSERT INTO transaction VALUES("285","55","X","-1500","ML","1415355626","Insert sub store","0","0","main","0");
INSERT INTO transaction VALUES("289","35","X","-1","Trai","1415368243","{\"orderID\":\"435\",\"orderDetailId\":1026}","0","0","sub","435");
INSERT INTO transaction VALUES("290","21","X","-60","ML","1415368243","{\"orderID\":\"435\",\"orderDetailId\":1026}","0","0","sub","435");
INSERT INTO transaction VALUES("291","46","X","-70","ML","1415368243","{\"orderID\":\"435\",\"orderDetailId\":1026}","0","0","sub","435");
INSERT INTO transaction VALUES("292","56","N","100","Cai","1415418443","Nhập hàng","15000","5","main","0");
INSERT INTO transaction VALUES("293","57","N","100","Cai","1415418738","Nhập hàng","15000","5","main","0");
INSERT INTO transaction VALUES("294","58","N","53","Trai","1415419193","Nhập hàng","20000","8","main","0");
INSERT INTO transaction VALUES("295","53","N","53","Trai","1415419404","Nhập hàng","0","0","sub","0");
INSERT INTO transaction VALUES("296","58","X","-53","Trai","1415419404","Insert sub store","0","0","main","0");
INSERT INTO transaction VALUES("297","54","N","100","Cai","1415419427","Nhập hàng","0","0","sub","0");
INSERT INTO transaction VALUES("298","56","X","-100","Cai","1415419427","Insert sub store","0","0","main","0");
INSERT INTO transaction VALUES("299","55","N","100","Cai","1415419438","Nhập hàng","0","0","sub","0");
INSERT INTO transaction VALUES("300","57","X","-100","Cai","1415419438","Insert sub store","0","0","main","0");
INSERT INTO transaction VALUES("301","59","N","100","G","1415420809","Nhập hàng","75000","10","main","0");
INSERT INTO transaction VALUES("302","56","N","100","G","1415420920","Nhập hàng","0","0","sub","0");
INSERT INTO transaction VALUES("303","59","X","-100","G","1415420920","Insert sub store","0","0","main","0");
INSERT INTO transaction VALUES("318","7","X","-80","ML","1415422865","{\"orderID\":\"441\",\"orderDetailId\":1043}","0","0","sub","441");
INSERT INTO transaction VALUES("319","12","X","-40","ML","1415422865","{\"orderID\":\"441\",\"orderDetailId\":1043}","0","0","sub","441");
INSERT INTO transaction VALUES("320","21","X","-40","ML","1415422865","{\"orderID\":\"441\",\"orderDetailId\":1043}","0","0","sub","441");
INSERT INTO transaction VALUES("321","46","X","-20","ML","1415422865","{\"orderID\":\"441\",\"orderDetailId\":1043}","0","0","sub","441");
INSERT INTO transaction VALUES("322","21","X","-20","ML","1415422865","{\"orderID\":\"441\",\"orderDetailId\":1044}","0","0","sub","441");
INSERT INTO transaction VALUES("323","2","X","-30","ML","1415422865","{\"orderID\":\"441\",\"orderDetailId\":1044}","0","0","sub","441");
INSERT INTO transaction VALUES("324","25","X","-40","G","1415422865","{\"orderID\":\"441\",\"orderDetailId\":1044}","0","0","sub","441");
INSERT INTO transaction VALUES("325","39","X","-16","G","1415422865","{\"orderID\":\"441\",\"orderDetailId\":1044}","0","0","sub","441");
INSERT INTO transaction VALUES("326","44","X","-44","ML","1415422865","{\"orderID\":\"441\",\"orderDetailId\":1044}","0","0","sub","441");
INSERT INTO transaction VALUES("327","43","X","-44","ML","1415422865","{\"orderID\":\"441\",\"orderDetailId\":1044}","0","0","sub","441");
INSERT INTO transaction VALUES("328","53","X","-3","Trai","1415422865","{\"orderID\":\"441\",\"orderDetailId\":1045}","0","0","sub","441");
INSERT INTO transaction VALUES("329","34","X","-0.125","Trai","1415422865","{\"orderID\":\"441\",\"orderDetailId\":1045}","0","0","sub","441");
INSERT INTO transaction VALUES("330","3","X","-15","ML","1415422865","{\"orderID\":\"441\",\"orderDetailId\":1045}","0","0","sub","441");
INSERT INTO transaction VALUES("331","21","X","-30","ML","1415422865","{\"orderID\":\"441\",\"orderDetailId\":1045}","0","0","sub","441");
INSERT INTO transaction VALUES("332","22","X","-10","G","1415422991","{\"orderID\":443,\"orderDetailId\":1046}","0","0","sub","443");
INSERT INTO transaction VALUES("333","56","X","-10","G","1415422991","{\"orderID\":443,\"orderDetailId\":1046}","0","0","sub","443");
INSERT INTO transaction VALUES("334","46","X","-50","ML","1415422991","{\"orderID\":443,\"orderDetailId\":1046}","0","0","sub","443");
INSERT INTO transaction VALUES("335","21","X","-30","ML","1415422991","{\"orderID\":443,\"orderDetailId\":1046}","0","0","sub","443");
INSERT INTO transaction VALUES("336","43","X","-22.5","ML","1415422991","{\"orderID\":443,\"orderDetailId\":1046}","0","0","sub","443");
INSERT INTO transaction VALUES("337","44","X","-22.5","ML","1415422991","{\"orderID\":443,\"orderDetailId\":1046}","0","0","sub","443");
INSERT INTO transaction VALUES("338","50","N","16","Trai","1415423401","Nhập hàng","14000","8","main","0");
INSERT INTO transaction VALUES("339","33","N","10","Trai","1415423438","Nhập hàng","30000","8","main","0");
INSERT INTO transaction VALUES("340","37","N","1","Trai","1415423485","Nhập hàng","10000","8","main","0");
INSERT INTO transaction VALUES("341","34","N","1","Trai","1415423509","Nhập hàng","0","0","sub","0");
INSERT INTO transaction VALUES("342","37","X","-1","Trai","1415423509","Insert sub store","0","0","main","0");
INSERT INTO transaction VALUES("343","47","N","16","Trai","1415423523","Nhập hàng","0","0","sub","0");
INSERT INTO transaction VALUES("344","50","X","-16","Trai","1415423523","Insert sub store","0","0","main","0");
INSERT INTO transaction VALUES("345","30","N","10","Trai","1415423540","Nhập hàng","0","0","sub","0");
INSERT INTO transaction VALUES("346","33","X","-10","Trai","1415423540","Insert sub store","0","0","main","0");
INSERT INTO transaction VALUES("348","39","X","-90","G","1415433558","{\"orderID\":\"450\",\"orderDetailId\":1058}","0","0","sub","450");
INSERT INTO transaction VALUES("428","30","X","-0.5","Trai","1415453462","{\"orderID\":\"453\",\"orderDetailId\":1082}","0","0","sub","453");
INSERT INTO transaction VALUES("429","53","X","-3","Trai","1415453462","{\"orderID\":\"453\",\"orderDetailId\":1082}","0","0","sub","453");
INSERT INTO transaction VALUES("430","47","X","-0.5","Trai","1415453462","{\"orderID\":\"453\",\"orderDetailId\":1082}","0","0","sub","453");
INSERT INTO transaction VALUES("431","21","X","-20","ML","1415453462","{\"orderID\":\"453\",\"orderDetailId\":1082}","0","0","sub","453");
INSERT INTO transaction VALUES("432","46","X","-30","ML","1415453462","{\"orderID\":\"453\",\"orderDetailId\":1082}","0","0","sub","453");
INSERT INTO transaction VALUES("488","46","X","-50","ML","1415454732","{\"orderID\":\"454\",\"orderDetailId\":1093}","0","0","sub","454");
INSERT INTO transaction VALUES("489","22","X","-10","G","1415454732","{\"orderID\":\"454\",\"orderDetailId\":1093}","0","0","sub","454");
INSERT INTO transaction VALUES("490","56","X","-10","G","1415454732","{\"orderID\":\"454\",\"orderDetailId\":1093}","0","0","sub","454");
INSERT INTO transaction VALUES("491","21","X","-30","ML","1415454732","{\"orderID\":\"454\",\"orderDetailId\":1093}","0","0","sub","454");
INSERT INTO transaction VALUES("492","55","X","-8","Cai","1415454732","{\"orderID\":\"454\",\"orderDetailId\":1093}","0","0","sub","454");
INSERT INTO transaction VALUES("493","43","X","-22.5","ML","1415454732","{\"orderID\":\"454\",\"orderDetailId\":1093}","0","0","sub","454");
INSERT INTO transaction VALUES("494","44","X","-22.5","ML","1415454732","{\"orderID\":\"454\",\"orderDetailId\":1093}","0","0","sub","454");
INSERT INTO transaction VALUES("495","53","X","-3","Trai","1415454732","{\"orderID\":\"454\",\"orderDetailId\":1094}","0","0","sub","454");
INSERT INTO transaction VALUES("496","34","X","-0.125","Trai","1415454732","{\"orderID\":\"454\",\"orderDetailId\":1094}","0","0","sub","454");
INSERT INTO transaction VALUES("497","3","X","-15","ML","1415454732","{\"orderID\":\"454\",\"orderDetailId\":1094}","0","0","sub","454");
INSERT INTO transaction VALUES("498","21","X","-30","ML","1415454732","{\"orderID\":\"454\",\"orderDetailId\":1094}","0","0","sub","454");
INSERT INTO transaction VALUES("512","21","X","-30","ML","1415456458","{\"orderID\":\"452\",\"orderDetailId\":1098}","0","0","sub","452");
INSERT INTO transaction VALUES("513","2","X","-45","ML","1415456458","{\"orderID\":\"452\",\"orderDetailId\":1098}","0","0","sub","452");
INSERT INTO transaction VALUES("514","25","X","-60","G","1415456458","{\"orderID\":\"452\",\"orderDetailId\":1098}","0","0","sub","452");
INSERT INTO transaction VALUES("515","39","X","-24","G","1415456458","{\"orderID\":\"452\",\"orderDetailId\":1098}","0","0","sub","452");
INSERT INTO transaction VALUES("516","44","X","-66","ML","1415456458","{\"orderID\":\"452\",\"orderDetailId\":1098}","0","0","sub","452");
INSERT INTO transaction VALUES("517","43","X","-66","ML","1415456458","{\"orderID\":\"452\",\"orderDetailId\":1098}","0","0","sub","452");
INSERT INTO transaction VALUES("518","21","X","-20","ML","1415456458","{\"orderID\":\"452\",\"orderDetailId\":1099}","0","0","sub","452");
INSERT INTO transaction VALUES("519","23","X","-20","G","1415456458","{\"orderID\":\"452\",\"orderDetailId\":1099}","0","0","sub","452");
INSERT INTO transaction VALUES("520","25","X","-20","G","1415456458","{\"orderID\":\"452\",\"orderDetailId\":1099}","0","0","sub","452");
INSERT INTO transaction VALUES("521","39","X","-30","G","1415456458","{\"orderID\":\"452\",\"orderDetailId\":1099}","0","0","sub","452");
INSERT INTO transaction VALUES("522","54","X","-8","Cai","1415456458","{\"orderID\":\"452\",\"orderDetailId\":1099}","0","0","sub","452");
INSERT INTO transaction VALUES("523","43","X","-22.5","ML","1415456458","{\"orderID\":\"452\",\"orderDetailId\":1099}","0","0","sub","452");
INSERT INTO transaction VALUES("524","44","X","-22.5","ML","1415456458","{\"orderID\":\"452\",\"orderDetailId\":1099}","0","0","sub","452");
INSERT INTO transaction VALUES("525","39","X","-30","G","1415458080","{\"orderID\":455,\"orderDetailId\":1101}","0","0","sub","455");
INSERT INTO transaction VALUES("526","53","X","-12","Trai","1415458080","{\"orderID\":455,\"orderDetailId\":1102}","0","0","sub","455");
INSERT INTO transaction VALUES("527","46","X","-60","ML","1415458080","{\"orderID\":455,\"orderDetailId\":1102}","0","0","sub","455");
INSERT INTO transaction VALUES("528","21","X","-40","ML","1415458080","{\"orderID\":455,\"orderDetailId\":1102}","0","0","sub","455");
INSERT INTO transaction VALUES("529","18","X","-30","ML","1415458080","{\"orderID\":455,\"orderDetailId\":1102}","0","0","sub","455");
INSERT INTO transaction VALUES("530","30","X","-2","Trai","1415458080","{\"orderID\":455,\"orderDetailId\":1103}","0","0","sub","455");
INSERT INTO transaction VALUES("531","30","X","-0.5","Trai","1415458080","{\"orderID\":455,\"orderDetailId\":1104}","0","0","sub","455");
INSERT INTO transaction VALUES("532","53","X","-3","Trai","1415458080","{\"orderID\":455,\"orderDetailId\":1104}","0","0","sub","455");
INSERT INTO transaction VALUES("533","47","X","-0.5","Trai","1415458080","{\"orderID\":455,\"orderDetailId\":1104}","0","0","sub","455");
INSERT INTO transaction VALUES("534","21","X","-20","ML","1415458080","{\"orderID\":455,\"orderDetailId\":1104}","0","0","sub","455");
INSERT INTO transaction VALUES("535","46","X","-30","ML","1415458080","{\"orderID\":455,\"orderDetailId\":1104}","0","0","sub","455");
INSERT INTO transaction VALUES("536","21","X","-20","ML","1415458080","{\"orderID\":455,\"orderDetailId\":1105}","0","0","sub","455");
INSERT INTO transaction VALUES("537","46","X","-50","ML","1415458080","{\"orderID\":455,\"orderDetailId\":1105}","0","0","sub","455");
INSERT INTO transaction VALUES("538","39","X","-20","G","1415458080","{\"orderID\":455,\"orderDetailId\":1105}","0","0","sub","455");
INSERT INTO transaction VALUES("552","21","X","-20","ML","1415523638","{\"orderID\":\"458\",\"orderDetailId\":1113}","0","0","sub","458");
INSERT INTO transaction VALUES("553","2","X","-30","ML","1415523638","{\"orderID\":\"458\",\"orderDetailId\":1113}","0","0","sub","458");
INSERT INTO transaction VALUES("554","25","X","-40","G","1415523638","{\"orderID\":\"458\",\"orderDetailId\":1113}","0","0","sub","458");
INSERT INTO transaction VALUES("555","39","X","-16","G","1415523638","{\"orderID\":\"458\",\"orderDetailId\":1113}","0","0","sub","458");
INSERT INTO transaction VALUES("556","44","X","-44","ML","1415523638","{\"orderID\":\"458\",\"orderDetailId\":1113}","0","0","sub","458");
INSERT INTO transaction VALUES("557","43","X","-44","ML","1415523638","{\"orderID\":\"458\",\"orderDetailId\":1113}","0","0","sub","458");
INSERT INTO transaction VALUES("558","8","X","-20","ML","1415529670","{\"orderID\":460,\"orderDetailId\":1114}","0","0","sub","460");
INSERT INTO transaction VALUES("559","3","X","-5","ML","1415529670","{\"orderID\":460,\"orderDetailId\":1114}","0","0","sub","460");
INSERT INTO transaction VALUES("560","5","X","-5","ML","1415529670","{\"orderID\":460,\"orderDetailId\":1114}","0","0","sub","460");
INSERT INTO transaction VALUES("561","52","X","-150","ML","1415529670","{\"orderID\":460,\"orderDetailId\":1114}","0","0","sub","460");
INSERT INTO transaction VALUES("562","43","X","-22.5","ML","1415529670","{\"orderID\":460,\"orderDetailId\":1114}","0","0","sub","460");
INSERT INTO transaction VALUES("563","44","X","-22.5","ML","1415529670","{\"orderID\":460,\"orderDetailId\":1114}","0","0","sub","460");
INSERT INTO transaction VALUES("564","11","X","-20","ML","1415529670","{\"orderID\":460,\"orderDetailId\":1115}","0","0","sub","460");
INSERT INTO transaction VALUES("565","19","X","-5","ML","1415529670","{\"orderID\":460,\"orderDetailId\":1115}","0","0","sub","460");
INSERT INTO transaction VALUES("566","10","X","-5","ML","1415529670","{\"orderID\":460,\"orderDetailId\":1115}","0","0","sub","460");
INSERT INTO transaction VALUES("567","52","X","-150","ML","1415529670","{\"orderID\":460,\"orderDetailId\":1115}","0","0","sub","460");
INSERT INTO transaction VALUES("568","44","X","-22.5","ML","1415529670","{\"orderID\":460,\"orderDetailId\":1115}","0","0","sub","460");
INSERT INTO transaction VALUES("569","43","X","-22.5","ML","1415529670","{\"orderID\":460,\"orderDetailId\":1115}","0","0","sub","460");
INSERT INTO transaction VALUES("570","11","X","-20","ML","1415535705","{\"orderID\":461,\"orderDetailId\":1116}","0","0","sub","461");
INSERT INTO transaction VALUES("571","19","X","-5","ML","1415535705","{\"orderID\":461,\"orderDetailId\":1116}","0","0","sub","461");
INSERT INTO transaction VALUES("572","10","X","-5","ML","1415535705","{\"orderID\":461,\"orderDetailId\":1116}","0","0","sub","461");
INSERT INTO transaction VALUES("573","52","X","-150","ML","1415535705","{\"orderID\":461,\"orderDetailId\":1116}","0","0","sub","461");
INSERT INTO transaction VALUES("574","44","X","-22.5","ML","1415535705","{\"orderID\":461,\"orderDetailId\":1116}","0","0","sub","461");
INSERT INTO transaction VALUES("575","43","X","-22.5","ML","1415535705","{\"orderID\":461,\"orderDetailId\":1116}","0","0","sub","461");
INSERT INTO transaction VALUES("576","51","X","-1","Goi","1415535705","{\"orderID\":461,\"orderDetailId\":1117}","0","0","sub","461");
INSERT INTO transaction VALUES("577","14","X","-30","ML","1415535705","{\"orderID\":461,\"orderDetailId\":1117}","0","0","sub","461");
INSERT INTO transaction VALUES("578","30","X","-0.5","Trai","1415537381","{\"orderID\":462,\"orderDetailId\":1118}","0","0","sub","462");
INSERT INTO transaction VALUES("579","53","X","-3","Trai","1415537381","{\"orderID\":462,\"orderDetailId\":1118}","0","0","sub","462");
INSERT INTO transaction VALUES("580","47","X","-0.5","Trai","1415537381","{\"orderID\":462,\"orderDetailId\":1118}","0","0","sub","462");
INSERT INTO transaction VALUES("581","21","X","-20","ML","1415537381","{\"orderID\":462,\"orderDetailId\":1118}","0","0","sub","462");
INSERT INTO transaction VALUES("582","46","X","-30","ML","1415537381","{\"orderID\":462,\"orderDetailId\":1118}","0","0","sub","462");
INSERT INTO transaction VALUES("583","46","X","-50","ML","1415539017","{\"orderID\":463,\"orderDetailId\":1120}","0","0","sub","463");
INSERT INTO transaction VALUES("584","22","X","-10","G","1415539017","{\"orderID\":463,\"orderDetailId\":1120}","0","0","sub","463");
INSERT INTO transaction VALUES("585","56","X","-10","G","1415539017","{\"orderID\":463,\"orderDetailId\":1120}","0","0","sub","463");
INSERT INTO transaction VALUES("586","21","X","-30","ML","1415539017","{\"orderID\":463,\"orderDetailId\":1120}","0","0","sub","463");
INSERT INTO transaction VALUES("587","55","X","-8","Cai","1415539017","{\"orderID\":463,\"orderDetailId\":1120}","0","0","sub","463");
INSERT INTO transaction VALUES("588","43","X","-22.5","ML","1415539017","{\"orderID\":463,\"orderDetailId\":1120}","0","0","sub","463");
INSERT INTO transaction VALUES("589","44","X","-22.5","ML","1415539017","{\"orderID\":463,\"orderDetailId\":1120}","0","0","sub","463");
INSERT INTO transaction VALUES("590","21","X","-10","ML","1415539017","{\"orderID\":463,\"orderDetailId\":1121}","0","0","sub","463");
INSERT INTO transaction VALUES("591","2","X","-15","ML","1415539017","{\"orderID\":463,\"orderDetailId\":1121}","0","0","sub","463");
INSERT INTO transaction VALUES("592","25","X","-20","G","1415539017","{\"orderID\":463,\"orderDetailId\":1121}","0","0","sub","463");
INSERT INTO transaction VALUES("593","39","X","-8","G","1415539017","{\"orderID\":463,\"orderDetailId\":1121}","0","0","sub","463");
INSERT INTO transaction VALUES("594","44","X","-22","ML","1415539017","{\"orderID\":463,\"orderDetailId\":1121}","0","0","sub","463");
INSERT INTO transaction VALUES("595","43","X","-22","ML","1415539017","{\"orderID\":463,\"orderDetailId\":1121}","0","0","sub","463");
INSERT INTO transaction VALUES("596","21","X","-10","ML","1415539060","{\"orderID\":464,\"orderDetailId\":1122}","0","0","sub","464");
INSERT INTO transaction VALUES("597","2","X","-15","ML","1415539060","{\"orderID\":464,\"orderDetailId\":1122}","0","0","sub","464");
INSERT INTO transaction VALUES("598","25","X","-20","G","1415539060","{\"orderID\":464,\"orderDetailId\":1122}","0","0","sub","464");
INSERT INTO transaction VALUES("599","39","X","-8","G","1415539060","{\"orderID\":464,\"orderDetailId\":1122}","0","0","sub","464");
INSERT INTO transaction VALUES("600","44","X","-22","ML","1415539060","{\"orderID\":464,\"orderDetailId\":1122}","0","0","sub","464");
INSERT INTO transaction VALUES("601","43","X","-22","ML","1415539060","{\"orderID\":464,\"orderDetailId\":1122}","0","0","sub","464");
INSERT INTO transaction VALUES("602","21","X","-20","ML","1415539060","{\"orderID\":464,\"orderDetailId\":1123}","0","0","sub","464");
INSERT INTO transaction VALUES("603","39","X","-30","G","1415539060","{\"orderID\":464,\"orderDetailId\":1123}","0","0","sub","464");
INSERT INTO transaction VALUES("610","39","X","-30","G","1415540299","{\"orderID\":\"459\",\"orderDetailId\":1127}","0","0","sub","459");
INSERT INTO transaction VALUES("611","39","X","-30","G","1415541480","{\"orderID\":\"465\",\"orderDetailId\":1128}","0","0","sub","465");
INSERT INTO transaction VALUES("612","30","X","0","Trai","1415541480","{\"orderID\":\"465\",\"orderDetailId\":1129}","0","0","sub","465");
INSERT INTO transaction VALUES("613","0","X","0","","1415541480","{\"orderID\":\"465\",\"orderDetailId\":1129}","0","0","sub","465");
INSERT INTO transaction VALUES("614","30","X","-1","Trai","1415541480","{\"orderID\":\"465\",\"orderDetailId\":1130}","0","0","sub","465");
INSERT INTO transaction VALUES("615","53","X","-4","Trai","1415541480","{\"orderID\":\"465\",\"orderDetailId\":1130}","0","0","sub","465");
INSERT INTO transaction VALUES("616","18","X","-15","ML","1415541480","{\"orderID\":\"465\",\"orderDetailId\":1130}","0","0","sub","465");
INSERT INTO transaction VALUES("617","39","X","-60","G","1415587160","{\"orderID\":466,\"orderDetailId\":1131}","0","0","sub","466");
INSERT INTO transaction VALUES("618","21","X","-10","ML","1415589418","{\"orderID\":467,\"orderDetailId\":1132}","0","0","sub","467");
INSERT INTO transaction VALUES("619","2","X","-15","ML","1415589418","{\"orderID\":467,\"orderDetailId\":1132}","0","0","sub","467");
INSERT INTO transaction VALUES("620","25","X","-20","G","1415589418","{\"orderID\":467,\"orderDetailId\":1132}","0","0","sub","467");
INSERT INTO transaction VALUES("621","39","X","-8","G","1415589418","{\"orderID\":467,\"orderDetailId\":1132}","0","0","sub","467");
INSERT INTO transaction VALUES("622","44","X","-22","ML","1415589418","{\"orderID\":467,\"orderDetailId\":1132}","0","0","sub","467");
INSERT INTO transaction VALUES("623","43","X","-22","ML","1415589418","{\"orderID\":467,\"orderDetailId\":1132}","0","0","sub","467");
INSERT INTO transaction VALUES("629","21","X","-20","ML","1415599458","{\"orderID\":\"469\",\"orderDetailId\":1144}","0","0","sub","469");
INSERT INTO transaction VALUES("630","39","X","-30","G","1415599458","{\"orderID\":\"469\",\"orderDetailId\":1144}","0","0","sub","469");
INSERT INTO transaction VALUES("631","21","X","-20","ML","1415599458","{\"orderID\":\"469\",\"orderDetailId\":1145}","0","0","sub","469");
INSERT INTO transaction VALUES("632","46","X","-50","ML","1415599458","{\"orderID\":\"469\",\"orderDetailId\":1145}","0","0","sub","469");
INSERT INTO transaction VALUES("633","39","X","-20","G","1415599458","{\"orderID\":\"469\",\"orderDetailId\":1145}","0","0","sub","469");
INSERT INTO transaction VALUES("634","60","N","11","Trai","1415605383","Nhập hàng","17000","8","main","0");
INSERT INTO transaction VALUES("635","30","X","-2","Trai","1415605804","{\"orderID\":473,\"orderDetailId\":1147}","0","0","sub","473");
INSERT INTO transaction VALUES("636","21","X","-20","ML","1415605804","{\"orderID\":473,\"orderDetailId\":1148}","0","0","sub","473");
INSERT INTO transaction VALUES("637","2","X","-30","ML","1415605804","{\"orderID\":473,\"orderDetailId\":1148}","0","0","sub","473");
INSERT INTO transaction VALUES("638","25","X","-40","G","1415605804","{\"orderID\":473,\"orderDetailId\":1148}","0","0","sub","473");
INSERT INTO transaction VALUES("639","39","X","-16","G","1415605804","{\"orderID\":473,\"orderDetailId\":1148}","0","0","sub","473");
INSERT INTO transaction VALUES("640","44","X","-44","ML","1415605804","{\"orderID\":473,\"orderDetailId\":1148}","0","0","sub","473");
INSERT INTO transaction VALUES("641","43","X","-44","ML","1415605804","{\"orderID\":473,\"orderDetailId\":1148}","0","0","sub","473");
INSERT INTO transaction VALUES("643","33","N","17","Trai","1415605917","Nhập hàng","23000","8","main","0");
INSERT INTO transaction VALUES("644","58","N","74","Trai","1415606045","Nhập hàng","30000","8","main","0");
INSERT INTO transaction VALUES("645","37","N","2","Trai","1415606117","Nhập hàng","20000","8","main","0");
INSERT INTO transaction VALUES("646","42","N","500","G","1415606262","Nhập hàng","75000","5","main","0");
INSERT INTO transaction VALUES("647","27","X","-20","G","1415607056","{\"orderID\":474,\"orderDetailId\":1152}","0","0","sub","474");
INSERT INTO transaction VALUES("648","0","X","0","","1415607056","{\"orderID\":474,\"orderDetailId\":1152}","0","0","sub","474");
INSERT INTO transaction VALUES("649","27","N","1000","G","1415607324","Nhập hàng","100000","5","main","0");
INSERT INTO transaction VALUES("652","30","X","-2","Trai","1415611005","{\"orderID\":475,\"orderDetailId\":1153}","0","0","sub","475");
INSERT INTO transaction VALUES("653","53","X","-6","Trai","1415611005","{\"orderID\":475,\"orderDetailId\":1154}","0","0","sub","475");
INSERT INTO transaction VALUES("654","46","X","-30","ML","1415611005","{\"orderID\":475,\"orderDetailId\":1154}","0","0","sub","475");
INSERT INTO transaction VALUES("655","21","X","-20","ML","1415611005","{\"orderID\":475,\"orderDetailId\":1154}","0","0","sub","475");
INSERT INTO transaction VALUES("656","18","X","-15","ML","1415611005","{\"orderID\":475,\"orderDetailId\":1154}","0","0","sub","475");
INSERT INTO transaction VALUES("657","21","X","-10","ML","1415611477","{\"orderID\":476,\"orderDetailId\":1155}","0","0","sub","476");
INSERT INTO transaction VALUES("658","2","X","-15","ML","1415611477","{\"orderID\":476,\"orderDetailId\":1155}","0","0","sub","476");
INSERT INTO transaction VALUES("659","25","X","-20","G","1415611477","{\"orderID\":476,\"orderDetailId\":1155}","0","0","sub","476");
INSERT INTO transaction VALUES("660","39","X","-8","G","1415611477","{\"orderID\":476,\"orderDetailId\":1155}","0","0","sub","476");
INSERT INTO transaction VALUES("661","44","X","-22","ML","1415611477","{\"orderID\":476,\"orderDetailId\":1155}","0","0","sub","476");
INSERT INTO transaction VALUES("662","43","X","-22","ML","1415611477","{\"orderID\":476,\"orderDetailId\":1155}","0","0","sub","476");
INSERT INTO transaction VALUES("663","57","N","11","Trai","1415612698","Nhập hàng","0","0","sub","0");
INSERT INTO transaction VALUES("664","60","X","-11","Trai","1415612698","Insert sub store","0","0","main","0");
INSERT INTO transaction VALUES("665","30","N","17","Trai","1415612718","Nhập hàng","0","0","sub","0");
INSERT INTO transaction VALUES("666","33","X","-17","Trai","1415612718","Insert sub store","0","0","main","0");
INSERT INTO transaction VALUES("667","53","N","74","Trai","1415612736","Nhập hàng","0","0","sub","0");
INSERT INTO transaction VALUES("668","58","X","-74","Trai","1415612736","Insert sub store","0","0","main","0");
INSERT INTO transaction VALUES("669","34","N","2","Trai","1415612878","Nhập hàng","0","0","sub","0");
INSERT INTO transaction VALUES("670","37","X","-2","Trai","1415612878","Insert sub store","0","0","main","0");
INSERT INTO transaction VALUES("671","39","N","500","G","1415612923","Nhập hàng","0","0","sub","0");
INSERT INTO transaction VALUES("672","42","X","-500","G","1415612923","Insert sub store","0","0","main","0");
INSERT INTO transaction VALUES("673","25","N","1000","G","1415612943","Nhập hàng","0","0","sub","0");
INSERT INTO transaction VALUES("674","27","X","-1000","G","1415612943","Insert sub store","0","0","main","0");
INSERT INTO transaction VALUES("675","42","N","4500","G","1415613034","Nhập hàng","595000","5","main","0");
INSERT INTO transaction VALUES("676","27","N","4000","G","1415613076","Nhập hàng","400000","5","main","0");
INSERT INTO transaction VALUES("677","45","N","8","Hu","1415613131","Nhập hàng","42000","4","main","0");
INSERT INTO transaction VALUES("678","42","N","8","Hu","1415613151","Nhập hàng","0","0","sub","0");
INSERT INTO transaction VALUES("679","45","X","-8","Hu","1415613151","Insert sub store","0","0","main","0");
INSERT INTO transaction VALUES("680","46","X","-50","ML","1415624358","{\"orderID\":478,\"orderDetailId\":1158}","0","0","sub","478");
INSERT INTO transaction VALUES("681","22","X","-10","G","1415624358","{\"orderID\":478,\"orderDetailId\":1158}","0","0","sub","478");
INSERT INTO transaction VALUES("682","56","X","-10","G","1415624358","{\"orderID\":478,\"orderDetailId\":1158}","0","0","sub","478");
INSERT INTO transaction VALUES("683","21","X","-30","ML","1415624358","{\"orderID\":478,\"orderDetailId\":1158}","0","0","sub","478");
INSERT INTO transaction VALUES("684","55","X","-8","Cai","1415624358","{\"orderID\":478,\"orderDetailId\":1158}","0","0","sub","478");
INSERT INTO transaction VALUES("685","43","X","-22.5","ML","1415624358","{\"orderID\":478,\"orderDetailId\":1158}","0","0","sub","478");
INSERT INTO transaction VALUES("686","44","X","-22.5","ML","1415624358","{\"orderID\":478,\"orderDetailId\":1158}","0","0","sub","478");
INSERT INTO transaction VALUES("687","8","X","-20","ML","1415624358","{\"orderID\":478,\"orderDetailId\":1159}","0","0","sub","478");
INSERT INTO transaction VALUES("688","3","X","-5","ML","1415624358","{\"orderID\":478,\"orderDetailId\":1159}","0","0","sub","478");
INSERT INTO transaction VALUES("689","5","X","-5","ML","1415624358","{\"orderID\":478,\"orderDetailId\":1159}","0","0","sub","478");
INSERT INTO transaction VALUES("690","52","X","-150","ML","1415624358","{\"orderID\":478,\"orderDetailId\":1159}","0","0","sub","478");
INSERT INTO transaction VALUES("691","43","X","-22.5","ML","1415624358","{\"orderID\":478,\"orderDetailId\":1159}","0","0","sub","478");
INSERT INTO transaction VALUES("692","44","X","-22.5","ML","1415624358","{\"orderID\":478,\"orderDetailId\":1159}","0","0","sub","478");
INSERT INTO transaction VALUES("694","39","X","-30","G","1415627561","{\"orderID\":\"479\",\"orderDetailId\":1161}","0","0","sub","479");
INSERT INTO transaction VALUES("695","53","X","-3","Trai","1415674396","{\"orderID\":480,\"orderDetailId\":1162}","0","0","sub","480");
INSERT INTO transaction VALUES("696","34","X","-0.125","Trai","1415674396","{\"orderID\":480,\"orderDetailId\":1162}","0","0","sub","480");
INSERT INTO transaction VALUES("697","35","X","-0.167","Trai","1415674396","{\"orderID\":480,\"orderDetailId\":1162}","0","0","sub","480");
INSERT INTO transaction VALUES("698","42","X","-0.5","Hu","1415674396","{\"orderID\":480,\"orderDetailId\":1162}","0","0","sub","480");
INSERT INTO transaction VALUES("699","39","X","-60","G","1415675984","{\"orderID\":481,\"orderDetailId\":1163}","0","0","sub","481");
INSERT INTO transaction VALUES("706","31","X","-1","Trai","1415682975","{\"orderID\":\"483\",\"orderDetailId\":1167}","0","0","sub","483");
INSERT INTO transaction VALUES("707","33","X","-1","Trai","1415682975","{\"orderID\":\"483\",\"orderDetailId\":1167}","0","0","sub","483");
INSERT INTO transaction VALUES("708","53","X","-6","Trai","1415682975","{\"orderID\":\"483\",\"orderDetailId\":1168}","0","0","sub","483");
INSERT INTO transaction VALUES("709","46","X","-30","ML","1415682975","{\"orderID\":\"483\",\"orderDetailId\":1168}","0","0","sub","483");
INSERT INTO transaction VALUES("710","21","X","-20","ML","1415682975","{\"orderID\":\"483\",\"orderDetailId\":1168}","0","0","sub","483");
INSERT INTO transaction VALUES("711","18","X","-15","ML","1415682975","{\"orderID\":\"483\",\"orderDetailId\":1168}","0","0","sub","483");
INSERT INTO transaction VALUES("723","21","X","-10","ML","1415685718","{\"orderID\":\"485\",\"orderDetailId\":1175}","0","0","sub","485");
INSERT INTO transaction VALUES("724","2","X","-15","ML","1415685718","{\"orderID\":\"485\",\"orderDetailId\":1175}","0","0","sub","485");
INSERT INTO transaction VALUES("725","25","X","-20","G","1415685718","{\"orderID\":\"485\",\"orderDetailId\":1175}","0","0","sub","485");
INSERT INTO transaction VALUES("726","39","X","-8","G","1415685718","{\"orderID\":\"485\",\"orderDetailId\":1175}","0","0","sub","485");
INSERT INTO transaction VALUES("727","44","X","-22.5","ML","1415685718","{\"orderID\":\"485\",\"orderDetailId\":1175}","0","0","sub","485");
INSERT INTO transaction VALUES("728","43","X","-22.5","ML","1415685718","{\"orderID\":\"485\",\"orderDetailId\":1175}","0","0","sub","485");
INSERT INTO transaction VALUES("729","54","X","-8","Cai","1415685718","{\"orderID\":\"485\",\"orderDetailId\":1175}","0","0","sub","485");
INSERT INTO transaction VALUES("730","53","X","-3","Trai","1415685718","{\"orderID\":\"485\",\"orderDetailId\":1176}","0","0","sub","485");
INSERT INTO transaction VALUES("731","34","X","-0.125","Trai","1415685718","{\"orderID\":\"485\",\"orderDetailId\":1176}","0","0","sub","485");
INSERT INTO transaction VALUES("732","3","X","-15","ML","1415685718","{\"orderID\":\"485\",\"orderDetailId\":1176}","0","0","sub","485");
INSERT INTO transaction VALUES("733","21","X","-30","ML","1415685718","{\"orderID\":\"485\",\"orderDetailId\":1176}","0","0","sub","485");
INSERT INTO transaction VALUES("734","21","X","-10","ML","1415688173","{\"orderID\":490,\"orderDetailId\":1179}","0","0","sub","490");
INSERT INTO transaction VALUES("735","2","X","-15","ML","1415688173","{\"orderID\":490,\"orderDetailId\":1179}","0","0","sub","490");
INSERT INTO transaction VALUES("736","25","X","-20","G","1415688173","{\"orderID\":490,\"orderDetailId\":1179}","0","0","sub","490");
INSERT INTO transaction VALUES("737","39","X","-8","G","1415688173","{\"orderID\":490,\"orderDetailId\":1179}","0","0","sub","490");
INSERT INTO transaction VALUES("738","44","X","-22.5","ML","1415688173","{\"orderID\":490,\"orderDetailId\":1179}","0","0","sub","490");
INSERT INTO transaction VALUES("739","43","X","-22.5","ML","1415688173","{\"orderID\":490,\"orderDetailId\":1179}","0","0","sub","490");
INSERT INTO transaction VALUES("740","54","X","-8","Cai","1415688173","{\"orderID\":490,\"orderDetailId\":1179}","0","0","sub","490");
INSERT INTO transaction VALUES("743","27","X","-20","G","1415694285","{\"orderID\":\"492\",\"orderDetailId\":1185}","0","0","sub","492");
INSERT INTO transaction VALUES("744","42","X","-1","Hu","1415694285","{\"orderID\":\"492\",\"orderDetailId\":1185}","0","0","sub","492");
INSERT INTO transaction VALUES("745","29","X","-1","Goi","1415694285","{\"orderID\":\"492\",\"orderDetailId\":1186}","0","0","sub","492");
INSERT INTO transaction VALUES("746","28","X","-2","Goi","1415694285","{\"orderID\":\"492\",\"orderDetailId\":1186}","0","0","sub","492");
INSERT INTO transaction VALUES("747","27","X","-20","G","1415694360","{\"orderID\":494,\"orderDetailId\":1187}","0","0","sub","494");
INSERT INTO transaction VALUES("748","42","X","-1","Hu","1415694360","{\"orderID\":494,\"orderDetailId\":1187}","0","0","sub","494");
INSERT INTO transaction VALUES("749","53","X","-6","Trai","1415695978","{\"orderID\":495,\"orderDetailId\":1188}","0","0","sub","495");
INSERT INTO transaction VALUES("750","46","X","-30","ML","1415695978","{\"orderID\":495,\"orderDetailId\":1188}","0","0","sub","495");
INSERT INTO transaction VALUES("751","21","X","-20","ML","1415695978","{\"orderID\":495,\"orderDetailId\":1188}","0","0","sub","495");
INSERT INTO transaction VALUES("752","18","X","-15","ML","1415695978","{\"orderID\":495,\"orderDetailId\":1188}","0","0","sub","495");
INSERT INTO transaction VALUES("753","21","X","-20","ML","1415696010","{\"orderID\":496,\"orderDetailId\":1189}","0","0","sub","496");
INSERT INTO transaction VALUES("754","23","X","-20","G","1415696010","{\"orderID\":496,\"orderDetailId\":1189}","0","0","sub","496");
INSERT INTO transaction VALUES("755","25","X","-20","G","1415696010","{\"orderID\":496,\"orderDetailId\":1189}","0","0","sub","496");
INSERT INTO transaction VALUES("756","39","X","-30","G","1415696010","{\"orderID\":496,\"orderDetailId\":1189}","0","0","sub","496");
INSERT INTO transaction VALUES("757","54","X","-8","Cai","1415696010","{\"orderID\":496,\"orderDetailId\":1189}","0","0","sub","496");
INSERT INTO transaction VALUES("758","43","X","-22.5","ML","1415696010","{\"orderID\":496,\"orderDetailId\":1189}","0","0","sub","496");
INSERT INTO transaction VALUES("759","44","X","-22.5","ML","1415696010","{\"orderID\":496,\"orderDetailId\":1189}","0","0","sub","496");
INSERT INTO transaction VALUES("760","31","X","-0.5","Trai","1415697503","{\"orderID\":497,\"orderDetailId\":1190}","0","0","sub","497");
INSERT INTO transaction VALUES("761","33","X","-0.5","Trai","1415697503","{\"orderID\":497,\"orderDetailId\":1190}","0","0","sub","497");
INSERT INTO transaction VALUES("762","34","N","3.5","Trai","1415697710","Nhập hàng","35000","4","main","0");
INSERT INTO transaction VALUES("763","34","N","3.5","Trai","1415697834","Nhập hàng","35","4","main","0");
INSERT INTO transaction VALUES("764","41","N","800","ML","1415698066","Nhập hàng","64000","5","main","0");
INSERT INTO transaction VALUES("765","38","N","800","ML","1415698086","Nhập hàng","0","0","sub","0");
INSERT INTO transaction VALUES("766","41","X","-800","ML","1415698086","Insert sub store","0","0","main","0");
INSERT INTO transaction VALUES("767","35","X","-0.5","Trai","1415699984","{\"orderID\":498,\"orderDetailId\":1191}","0","0","sub","498");
INSERT INTO transaction VALUES("768","21","X","-30","ML","1415699984","{\"orderID\":498,\"orderDetailId\":1191}","0","0","sub","498");
INSERT INTO transaction VALUES("769","46","X","-35","ML","1415699984","{\"orderID\":498,\"orderDetailId\":1191}","0","0","sub","498");
INSERT INTO transaction VALUES("783","30","X","-0.5","Trai","1415709446","{\"orderID\":502,\"orderDetailId\":1196}","0","0","sub","502");
INSERT INTO transaction VALUES("784","53","X","-3","Trai","1415709446","{\"orderID\":502,\"orderDetailId\":1196}","0","0","sub","502");
INSERT INTO transaction VALUES("785","47","X","-0.5","Trai","1415709446","{\"orderID\":502,\"orderDetailId\":1196}","0","0","sub","502");
INSERT INTO transaction VALUES("786","21","X","-20","ML","1415709446","{\"orderID\":502,\"orderDetailId\":1196}","0","0","sub","502");
INSERT INTO transaction VALUES("787","46","X","-30","ML","1415709446","{\"orderID\":502,\"orderDetailId\":1196}","0","0","sub","502");
INSERT INTO transaction VALUES("788","21","X","-20","ML","1415710268","{\"orderID\":\"500\",\"orderDetailId\":1197}","0","0","sub","500");
INSERT INTO transaction VALUES("789","39","X","-30","G","1415710268","{\"orderID\":\"500\",\"orderDetailId\":1197}","0","0","sub","500");
INSERT INTO transaction VALUES("790","21","X","-20","ML","1415710268","{\"orderID\":\"500\",\"orderDetailId\":1198}","0","0","sub","500");
INSERT INTO transaction VALUES("791","46","X","-50","ML","1415710268","{\"orderID\":\"500\",\"orderDetailId\":1198}","0","0","sub","500");
INSERT INTO transaction VALUES("792","39","X","-20","G","1415710268","{\"orderID\":\"500\",\"orderDetailId\":1198}","0","0","sub","500");
INSERT INTO transaction VALUES("793","21","X","-20","ML","1415712801","{\"orderID\":\"501\",\"orderDetailId\":1199}","0","0","sub","501");
INSERT INTO transaction VALUES("794","39","X","-30","G","1415712801","{\"orderID\":\"501\",\"orderDetailId\":1199}","0","0","sub","501");
INSERT INTO transaction VALUES("795","22","X","-10","G","1415712801","{\"orderID\":\"501\",\"orderDetailId\":1200}","0","0","sub","501");
INSERT INTO transaction VALUES("796","56","X","-10","G","1415712801","{\"orderID\":\"501\",\"orderDetailId\":1200}","0","0","sub","501");
INSERT INTO transaction VALUES("797","46","X","-50","ML","1415712801","{\"orderID\":\"501\",\"orderDetailId\":1200}","0","0","sub","501");
INSERT INTO transaction VALUES("798","21","X","-30","ML","1415712801","{\"orderID\":\"501\",\"orderDetailId\":1200}","0","0","sub","501");
INSERT INTO transaction VALUES("799","43","X","-22.5","ML","1415712801","{\"orderID\":\"501\",\"orderDetailId\":1200}","0","0","sub","501");
INSERT INTO transaction VALUES("800","44","X","-22.5","ML","1415712801","{\"orderID\":\"501\",\"orderDetailId\":1200}","0","0","sub","501");
INSERT INTO transaction VALUES("805","7","X","-80","ML","1415715973","{\"orderID\":\"503\",\"orderDetailId\":1202}","0","0","sub","503");
INSERT INTO transaction VALUES("806","12","X","-40","ML","1415715973","{\"orderID\":\"503\",\"orderDetailId\":1202}","0","0","sub","503");
INSERT INTO transaction VALUES("807","21","X","-40","ML","1415715973","{\"orderID\":\"503\",\"orderDetailId\":1202}","0","0","sub","503");
INSERT INTO transaction VALUES("808","46","X","-20","ML","1415715973","{\"orderID\":\"503\",\"orderDetailId\":1202}","0","0","sub","503");
INSERT INTO transaction VALUES("809","29","X","-1","Goi","1415762246","{\"orderID\":504,\"orderDetailId\":1203}","0","0","sub","504");
INSERT INTO transaction VALUES("810","28","X","-2","Goi","1415762246","{\"orderID\":504,\"orderDetailId\":1203}","0","0","sub","504");
INSERT INTO transaction VALUES("811","30","X","-2","Trai","1415762246","{\"orderID\":504,\"orderDetailId\":1204}","0","0","sub","504");
INSERT INTO transaction VALUES("813","21","X","-10","ML","1415769187","{\"orderID\":507,\"orderDetailId\":1207}","0","0","sub","507");
INSERT INTO transaction VALUES("814","2","X","-15","ML","1415769187","{\"orderID\":507,\"orderDetailId\":1207}","0","0","sub","507");
INSERT INTO transaction VALUES("815","25","X","-20","G","1415769187","{\"orderID\":507,\"orderDetailId\":1207}","0","0","sub","507");
INSERT INTO transaction VALUES("816","39","X","-8","G","1415769187","{\"orderID\":507,\"orderDetailId\":1207}","0","0","sub","507");
INSERT INTO transaction VALUES("817","44","X","-22.5","ML","1415769187","{\"orderID\":507,\"orderDetailId\":1207}","0","0","sub","507");
INSERT INTO transaction VALUES("818","43","X","-22.5","ML","1415769187","{\"orderID\":507,\"orderDetailId\":1207}","0","0","sub","507");
INSERT INTO transaction VALUES("819","54","X","-8","Cai","1415769187","{\"orderID\":507,\"orderDetailId\":1207}","0","0","sub","507");
INSERT INTO transaction VALUES("820","30","X","-2","Trai","1415769187","{\"orderID\":507,\"orderDetailId\":1208}","0","0","sub","507");
INSERT INTO transaction VALUES("844","42","X","0","Hu","1415771996","{\"orderID\":\"508\",\"orderDetailId\":1230}","0","0","sub","508");
INSERT INTO transaction VALUES("845","38","X","-30","ML","1415771996","{\"orderID\":\"508\",\"orderDetailId\":1230}","0","0","sub","508");
INSERT INTO transaction VALUES("846","21","X","-30","ML","1415771996","{\"orderID\":\"508\",\"orderDetailId\":1230}","0","0","sub","508");
INSERT INTO transaction VALUES("847","43","X","-22.5","ML","1415771996","{\"orderID\":\"508\",\"orderDetailId\":1230}","0","0","sub","508");
INSERT INTO transaction VALUES("848","44","X","-22.5","ML","1415771996","{\"orderID\":\"508\",\"orderDetailId\":1230}","0","0","sub","508");
INSERT INTO transaction VALUES("849","8","X","-20","ML","1415771996","{\"orderID\":\"508\",\"orderDetailId\":1231}","0","0","sub","508");
INSERT INTO transaction VALUES("850","3","X","-5","ML","1415771996","{\"orderID\":\"508\",\"orderDetailId\":1231}","0","0","sub","508");
INSERT INTO transaction VALUES("851","5","X","-5","ML","1415771996","{\"orderID\":\"508\",\"orderDetailId\":1231}","0","0","sub","508");
INSERT INTO transaction VALUES("852","52","X","-150","ML","1415771996","{\"orderID\":\"508\",\"orderDetailId\":1231}","0","0","sub","508");
INSERT INTO transaction VALUES("853","43","X","-22.5","ML","1415771996","{\"orderID\":\"508\",\"orderDetailId\":1231}","0","0","sub","508");
INSERT INTO transaction VALUES("854","44","X","-22.5","ML","1415771996","{\"orderID\":\"508\",\"orderDetailId\":1231}","0","0","sub","508");
INSERT INTO transaction VALUES("855","42","X","-1","Hu","1415773427","{\"orderID\":\"513\",\"orderDetailId\":1238}","0","0","sub","513");
INSERT INTO transaction VALUES("856","14","X","-30","ML","1415773427","{\"orderID\":\"513\",\"orderDetailId\":1238}","0","0","sub","513");
INSERT INTO transaction VALUES("857","21","X","-30","ML","1415773427","{\"orderID\":\"513\",\"orderDetailId\":1238}","0","0","sub","513");
INSERT INTO transaction VALUES("858","44","X","-22.5","ML","1415773427","{\"orderID\":\"513\",\"orderDetailId\":1238}","0","0","sub","513");
INSERT INTO transaction VALUES("859","43","X","-22.5","ML","1415773427","{\"orderID\":\"513\",\"orderDetailId\":1238}","0","0","sub","513");
INSERT INTO transaction VALUES("860","21","X","-20","ML","1415777932","{\"orderID\":\"517\",\"orderDetailId\":1247}","0","0","sub","517");
INSERT INTO transaction VALUES("861","46","X","-50","ML","1415777932","{\"orderID\":\"517\",\"orderDetailId\":1247}","0","0","sub","517");
INSERT INTO transaction VALUES("862","39","X","-20","G","1415777932","{\"orderID\":\"517\",\"orderDetailId\":1247}","0","0","sub","517");
INSERT INTO transaction VALUES("863","7","X","-40","ML","1415780621","{\"orderID\":519,\"orderDetailId\":1248}","0","0","sub","519");
INSERT INTO transaction VALUES("864","12","X","-20","ML","1415780621","{\"orderID\":519,\"orderDetailId\":1248}","0","0","sub","519");
INSERT INTO transaction VALUES("865","21","X","-20","ML","1415780621","{\"orderID\":519,\"orderDetailId\":1248}","0","0","sub","519");
INSERT INTO transaction VALUES("866","46","X","-10","ML","1415780621","{\"orderID\":519,\"orderDetailId\":1248}","0","0","sub","519");
INSERT INTO transaction VALUES("867","32","X","-1","Trai","1415780621","{\"orderID\":519,\"orderDetailId\":1249}","0","0","sub","519");
INSERT INTO transaction VALUES("868","20","X","-20","G","1415780621","{\"orderID\":519,\"orderDetailId\":1250}","0","0","sub","519");
INSERT INTO transaction VALUES("869","21","X","-10","ML","1415782358","{\"orderID\":\"512\",\"orderDetailId\":1251}","0","0","sub","512");
INSERT INTO transaction VALUES("870","2","X","-15","ML","1415782358","{\"orderID\":\"512\",\"orderDetailId\":1251}","0","0","sub","512");
INSERT INTO transaction VALUES("871","25","X","-20","G","1415782358","{\"orderID\":\"512\",\"orderDetailId\":1251}","0","0","sub","512");
INSERT INTO transaction VALUES("872","39","X","-8","G","1415782358","{\"orderID\":\"512\",\"orderDetailId\":1251}","0","0","sub","512");
INSERT INTO transaction VALUES("873","44","X","-22.5","ML","1415782358","{\"orderID\":\"512\",\"orderDetailId\":1251}","0","0","sub","512");
INSERT INTO transaction VALUES("874","43","X","-22.5","ML","1415782358","{\"orderID\":\"512\",\"orderDetailId\":1251}","0","0","sub","512");
INSERT INTO transaction VALUES("875","54","X","-8","Cai","1415782358","{\"orderID\":\"512\",\"orderDetailId\":1251}","0","0","sub","512");
INSERT INTO transaction VALUES("876","27","X","-20","G","1415782358","{\"orderID\":\"512\",\"orderDetailId\":1252}","0","0","sub","512");
INSERT INTO transaction VALUES("877","42","X","-1","Hu","1415782358","{\"orderID\":\"512\",\"orderDetailId\":1252}","0","0","sub","512");
INSERT INTO transaction VALUES("920","45","X","-2","Cai","1415797468","{\"orderID\":\"520\",\"orderDetailId\":1267}","0","0","sub","520");
INSERT INTO transaction VALUES("921","23","X","-20","G","1415797468","{\"orderID\":\"520\",\"orderDetailId\":1267}","0","0","sub","520");
INSERT INTO transaction VALUES("922","25","X","-20","G","1415797468","{\"orderID\":\"520\",\"orderDetailId\":1267}","0","0","sub","520");
INSERT INTO transaction VALUES("923","21","X","-10","ML","1415797468","{\"orderID\":\"520\",\"orderDetailId\":1267}","0","0","sub","520");
INSERT INTO transaction VALUES("924","46","X","-40","ML","1415797468","{\"orderID\":\"520\",\"orderDetailId\":1267}","0","0","sub","520");
INSERT INTO transaction VALUES("925","17","X","-5","G","1415797468","{\"orderID\":\"520\",\"orderDetailId\":1267}","0","0","sub","520");
INSERT INTO transaction VALUES("926","43","X","-22.5","ML","1415797468","{\"orderID\":\"520\",\"orderDetailId\":1267}","0","0","sub","520");
INSERT INTO transaction VALUES("927","44","X","-22.5","ML","1415797468","{\"orderID\":\"520\",\"orderDetailId\":1267}","0","0","sub","520");
INSERT INTO transaction VALUES("928","51","X","-1","Goi","1415797468","{\"orderID\":\"520\",\"orderDetailId\":1268}","0","0","sub","520");
INSERT INTO transaction VALUES("929","14","X","-30","ML","1415797468","{\"orderID\":\"520\",\"orderDetailId\":1268}","0","0","sub","520");
INSERT INTO transaction VALUES("930","30","X","-2","Trai","1415797468","{\"orderID\":\"520\",\"orderDetailId\":1269}","0","0","sub","520");
INSERT INTO transaction VALUES("931","7","X","-40","ML","1415798950","{\"orderID\":\"522\",\"orderDetailId\":1270}","0","0","sub","522");
INSERT INTO transaction VALUES("932","12","X","-20","ML","1415798950","{\"orderID\":\"522\",\"orderDetailId\":1270}","0","0","sub","522");
INSERT INTO transaction VALUES("933","21","X","-20","ML","1415798950","{\"orderID\":\"522\",\"orderDetailId\":1270}","0","0","sub","522");
INSERT INTO transaction VALUES("934","46","X","-10","ML","1415798950","{\"orderID\":\"522\",\"orderDetailId\":1270}","0","0","sub","522");
INSERT INTO transaction VALUES("935","45","X","-2","Cai","1415798950","{\"orderID\":\"522\",\"orderDetailId\":1271}","0","0","sub","522");
INSERT INTO transaction VALUES("936","46","X","-60","ML","1415798950","{\"orderID\":\"522\",\"orderDetailId\":1271}","0","0","sub","522");
INSERT INTO transaction VALUES("937","21","X","-10","ML","1415798950","{\"orderID\":\"522\",\"orderDetailId\":1271}","0","0","sub","522");
INSERT INTO transaction VALUES("938","25","X","-20","G","1415798950","{\"orderID\":\"522\",\"orderDetailId\":1271}","0","0","sub","522");
INSERT INTO transaction VALUES("939","43","X","-22.5","ML","1415798950","{\"orderID\":\"522\",\"orderDetailId\":1271}","0","0","sub","522");
INSERT INTO transaction VALUES("940","44","X","-22.5","ML","1415798950","{\"orderID\":\"522\",\"orderDetailId\":1271}","0","0","sub","522");
INSERT INTO transaction VALUES("958","42","X","0","Hu","1415858325","{\"orderID\":\"528\",\"orderDetailId\":1288}","0","0","sub","528");
INSERT INTO transaction VALUES("959","38","X","-30","ML","1415858325","{\"orderID\":\"528\",\"orderDetailId\":1288}","0","0","sub","528");
INSERT INTO transaction VALUES("960","21","X","-30","ML","1415858325","{\"orderID\":\"528\",\"orderDetailId\":1288}","0","0","sub","528");
INSERT INTO transaction VALUES("961","43","X","-22.5","ML","1415858325","{\"orderID\":\"528\",\"orderDetailId\":1288}","0","0","sub","528");
INSERT INTO transaction VALUES("962","44","X","-22.5","ML","1415858325","{\"orderID\":\"528\",\"orderDetailId\":1288}","0","0","sub","528");
INSERT INTO transaction VALUES("963","46","X","-50","ML","1415858349","{\"orderID\":\"530\",\"orderDetailId\":1290}","0","0","sub","530");
INSERT INTO transaction VALUES("964","22","X","-10","G","1415858349","{\"orderID\":\"530\",\"orderDetailId\":1290}","0","0","sub","530");
INSERT INTO transaction VALUES("965","56","X","-10","G","1415858349","{\"orderID\":\"530\",\"orderDetailId\":1290}","0","0","sub","530");
INSERT INTO transaction VALUES("966","21","X","-30","ML","1415858349","{\"orderID\":\"530\",\"orderDetailId\":1290}","0","0","sub","530");
INSERT INTO transaction VALUES("967","55","X","-8","Cai","1415858349","{\"orderID\":\"530\",\"orderDetailId\":1290}","0","0","sub","530");
INSERT INTO transaction VALUES("968","43","X","-22.5","ML","1415858349","{\"orderID\":\"530\",\"orderDetailId\":1290}","0","0","sub","530");
INSERT INTO transaction VALUES("969","44","X","-22.5","ML","1415858349","{\"orderID\":\"530\",\"orderDetailId\":1290}","0","0","sub","530");
INSERT INTO transaction VALUES("978","7","X","-40","ML","1415859245","{\"orderID\":534,\"orderDetailId\":1295}","0","0","sub","534");
INSERT INTO transaction VALUES("979","12","X","-20","ML","1415859245","{\"orderID\":534,\"orderDetailId\":1295}","0","0","sub","534");
INSERT INTO transaction VALUES("980","21","X","-20","ML","1415859245","{\"orderID\":534,\"orderDetailId\":1295}","0","0","sub","534");
INSERT INTO transaction VALUES("981","46","X","-10","ML","1415859245","{\"orderID\":534,\"orderDetailId\":1295}","0","0","sub","534");
INSERT INTO transaction VALUES("982","39","X","-30","G","1415859245","{\"orderID\":534,\"orderDetailId\":1296}","0","0","sub","534");
INSERT INTO transaction VALUES("995","21","X","-10","ML","1415860874","{\"orderID\":\"532\",\"orderDetailId\":1302}","0","0","sub","532");
INSERT INTO transaction VALUES("996","2","X","-15","ML","1415860874","{\"orderID\":\"532\",\"orderDetailId\":1302}","0","0","sub","532");
INSERT INTO transaction VALUES("997","25","X","-20","G","1415860874","{\"orderID\":\"532\",\"orderDetailId\":1302}","0","0","sub","532");
INSERT INTO transaction VALUES("998","39","X","-8","G","1415860874","{\"orderID\":\"532\",\"orderDetailId\":1302}","0","0","sub","532");
INSERT INTO transaction VALUES("999","44","X","-22.5","ML","1415860874","{\"orderID\":\"532\",\"orderDetailId\":1302}","0","0","sub","532");
INSERT INTO transaction VALUES("1000","43","X","-22.5","ML","1415860874","{\"orderID\":\"532\",\"orderDetailId\":1302}","0","0","sub","532");
INSERT INTO transaction VALUES("1001","54","X","-8","Cai","1415860874","{\"orderID\":\"532\",\"orderDetailId\":1302}","0","0","sub","532");
INSERT INTO transaction VALUES("1002","39","X","-30","G","1415860874","{\"orderID\":\"532\",\"orderDetailId\":1303}","0","0","sub","532");
INSERT INTO transaction VALUES("1003","39","X","-30","G","1415862840","{\"orderID\":\"535\",\"orderDetailId\":1306}","0","0","sub","535");
INSERT INTO transaction VALUES("1004","7","X","-40","ML","1415862840","{\"orderID\":\"535\",\"orderDetailId\":1307}","0","0","sub","535");
INSERT INTO transaction VALUES("1005","12","X","-20","ML","1415862840","{\"orderID\":\"535\",\"orderDetailId\":1307}","0","0","sub","535");
INSERT INTO transaction VALUES("1006","21","X","-20","ML","1415862840","{\"orderID\":\"535\",\"orderDetailId\":1307}","0","0","sub","535");
INSERT INTO transaction VALUES("1007","46","X","-10","ML","1415862840","{\"orderID\":\"535\",\"orderDetailId\":1307}","0","0","sub","535");
INSERT INTO transaction VALUES("1008","46","X","-50","ML","1415862865","{\"orderID\":\"537\",\"orderDetailId\":1308}","0","0","sub","537");
INSERT INTO transaction VALUES("1009","22","X","-10","G","1415862865","{\"orderID\":\"537\",\"orderDetailId\":1308}","0","0","sub","537");
INSERT INTO transaction VALUES("1010","56","X","-10","G","1415862865","{\"orderID\":\"537\",\"orderDetailId\":1308}","0","0","sub","537");
INSERT INTO transaction VALUES("1011","21","X","-30","ML","1415862865","{\"orderID\":\"537\",\"orderDetailId\":1308}","0","0","sub","537");
INSERT INTO transaction VALUES("1012","55","X","-8","Cai","1415862865","{\"orderID\":\"537\",\"orderDetailId\":1308}","0","0","sub","537");
INSERT INTO transaction VALUES("1013","43","X","-22.5","ML","1415862865","{\"orderID\":\"537\",\"orderDetailId\":1308}","0","0","sub","537");
INSERT INTO transaction VALUES("1014","44","X","-22.5","ML","1415862865","{\"orderID\":\"537\",\"orderDetailId\":1308}","0","0","sub","537");
INSERT INTO transaction VALUES("1015","31","X","-0.5","Trai","1415868519","{\"orderID\":539,\"orderDetailId\":1310}","0","0","sub","539");
INSERT INTO transaction VALUES("1016","33","X","-0.5","Trai","1415868519","{\"orderID\":539,\"orderDetailId\":1310}","0","0","sub","539");
INSERT INTO transaction VALUES("1017","30","X","-1","Trai","1415870179","{\"orderID\":541,\"orderDetailId\":1312}","0","0","sub","541");
INSERT INTO transaction VALUES("1018","53","X","-4","Trai","1415870179","{\"orderID\":541,\"orderDetailId\":1312}","0","0","sub","541");
INSERT INTO transaction VALUES("1019","18","X","-15","ML","1415870179","{\"orderID\":541,\"orderDetailId\":1312}","0","0","sub","541");
INSERT INTO transaction VALUES("1020","21","X","-10","ML","1415870435","{\"orderID\":542,\"orderDetailId\":1313}","0","0","sub","542");
INSERT INTO transaction VALUES("1021","2","X","-15","ML","1415870435","{\"orderID\":542,\"orderDetailId\":1313}","0","0","sub","542");
INSERT INTO transaction VALUES("1022","25","X","-20","G","1415870435","{\"orderID\":542,\"orderDetailId\":1313}","0","0","sub","542");
INSERT INTO transaction VALUES("1023","39","X","-8","G","1415870435","{\"orderID\":542,\"orderDetailId\":1313}","0","0","sub","542");
INSERT INTO transaction VALUES("1024","44","X","-22.5","ML","1415870435","{\"orderID\":542,\"orderDetailId\":1313}","0","0","sub","542");
INSERT INTO transaction VALUES("1025","43","X","-22.5","ML","1415870435","{\"orderID\":542,\"orderDetailId\":1313}","0","0","sub","542");
INSERT INTO transaction VALUES("1026","54","X","-8","Cai","1415870435","{\"orderID\":542,\"orderDetailId\":1313}","0","0","sub","542");
INSERT INTO transaction VALUES("1027","46","X","-50","ML","1415870467","{\"orderID\":543,\"orderDetailId\":1314}","0","0","sub","543");
INSERT INTO transaction VALUES("1028","22","X","-10","G","1415870467","{\"orderID\":543,\"orderDetailId\":1314}","0","0","sub","543");
INSERT INTO transaction VALUES("1029","56","X","-10","G","1415870467","{\"orderID\":543,\"orderDetailId\":1314}","0","0","sub","543");
INSERT INTO transaction VALUES("1030","21","X","-30","ML","1415870467","{\"orderID\":543,\"orderDetailId\":1314}","0","0","sub","543");
INSERT INTO transaction VALUES("1031","55","X","-8","Cai","1415870467","{\"orderID\":543,\"orderDetailId\":1314}","0","0","sub","543");
INSERT INTO transaction VALUES("1032","43","X","-22.5","ML","1415870467","{\"orderID\":543,\"orderDetailId\":1314}","0","0","sub","543");
INSERT INTO transaction VALUES("1033","44","X","-22.5","ML","1415870467","{\"orderID\":543,\"orderDetailId\":1314}","0","0","sub","543");
INSERT INTO transaction VALUES("1072","29","X","-1","Goi","1415882212","{\"orderID\":\"546\",\"orderDetailId\":1326}","0","0","sub","546");
INSERT INTO transaction VALUES("1073","28","X","-2","Goi","1415882212","{\"orderID\":\"546\",\"orderDetailId\":1326}","0","0","sub","546");
INSERT INTO transaction VALUES("1074","53","X","-3","Trai","1415882212","{\"orderID\":\"546\",\"orderDetailId\":1327}","0","0","sub","546");
INSERT INTO transaction VALUES("1075","34","X","-0.125","Trai","1415882212","{\"orderID\":\"546\",\"orderDetailId\":1327}","0","0","sub","546");
INSERT INTO transaction VALUES("1076","3","X","-15","ML","1415882212","{\"orderID\":\"546\",\"orderDetailId\":1327}","0","0","sub","546");
INSERT INTO transaction VALUES("1077","21","X","-30","ML","1415882212","{\"orderID\":\"546\",\"orderDetailId\":1327}","0","0","sub","546");
INSERT INTO transaction VALUES("1078","53","X","-3","Trai","1415882212","{\"orderID\":\"546\",\"orderDetailId\":1328}","0","0","sub","546");
INSERT INTO transaction VALUES("1079","34","X","-0.125","Trai","1415882212","{\"orderID\":\"546\",\"orderDetailId\":1328}","0","0","sub","546");
INSERT INTO transaction VALUES("1080","35","X","-0.167","Trai","1415882212","{\"orderID\":\"546\",\"orderDetailId\":1328}","0","0","sub","546");
INSERT INTO transaction VALUES("1081","42","X","-0.5","Hu","1415882212","{\"orderID\":\"546\",\"orderDetailId\":1328}","0","0","sub","546");
INSERT INTO transaction VALUES("1085","18","X","-10","ML","1415886582","{\"orderID\":\"545\",\"orderDetailId\":1331}","0","0","sub","545");
INSERT INTO transaction VALUES("1086","37","X","-20","ML","1415886582","{\"orderID\":\"545\",\"orderDetailId\":1331}","0","0","sub","545");
INSERT INTO transaction VALUES("1087","52","X","-150","ML","1415886582","{\"orderID\":\"545\",\"orderDetailId\":1331}","0","0","sub","545");
INSERT INTO transaction VALUES("1088","43","X","-22.5","ML","1415886582","{\"orderID\":\"545\",\"orderDetailId\":1331}","0","0","sub","545");
INSERT INTO transaction VALUES("1089","44","X","-22.5","ML","1415886582","{\"orderID\":\"545\",\"orderDetailId\":1331}","0","0","sub","545");
INSERT INTO transaction VALUES("1090","21","X","-20","ML","1415886582","{\"orderID\":\"545\",\"orderDetailId\":1332}","0","0","sub","545");
INSERT INTO transaction VALUES("1091","39","X","-30","G","1415886582","{\"orderID\":\"545\",\"orderDetailId\":1332}","0","0","sub","545");
INSERT INTO transaction VALUES("1099","21","X","-20","ML","1415886654","{\"orderID\":\"549\",\"orderDetailId\":1334}","0","0","sub","549");
INSERT INTO transaction VALUES("1100","23","X","-20","G","1415886654","{\"orderID\":\"549\",\"orderDetailId\":1334}","0","0","sub","549");
INSERT INTO transaction VALUES("1101","25","X","-20","G","1415886654","{\"orderID\":\"549\",\"orderDetailId\":1334}","0","0","sub","549");
INSERT INTO transaction VALUES("1102","39","X","-30","G","1415886654","{\"orderID\":\"549\",\"orderDetailId\":1334}","0","0","sub","549");
INSERT INTO transaction VALUES("1103","54","X","-8","Cai","1415886654","{\"orderID\":\"549\",\"orderDetailId\":1334}","0","0","sub","549");
INSERT INTO transaction VALUES("1104","43","X","-22.5","ML","1415886654","{\"orderID\":\"549\",\"orderDetailId\":1334}","0","0","sub","549");
INSERT INTO transaction VALUES("1105","44","X","-22.5","ML","1415886654","{\"orderID\":\"549\",\"orderDetailId\":1334}","0","0","sub","549");
INSERT INTO transaction VALUES("1106","45","X","-2","Cai","1415886708","{\"orderID\":\"544\",\"orderDetailId\":1335}","0","0","sub","544");
INSERT INTO transaction VALUES("1107","23","X","-20","G","1415886708","{\"orderID\":\"544\",\"orderDetailId\":1335}","0","0","sub","544");
INSERT INTO transaction VALUES("1108","21","X","-10","ML","1415886708","{\"orderID\":\"544\",\"orderDetailId\":1335}","0","0","sub","544");
INSERT INTO transaction VALUES("1109","46","X","-40","ML","1415886708","{\"orderID\":\"544\",\"orderDetailId\":1335}","0","0","sub","544");
INSERT INTO transaction VALUES("1110","25","X","-20","G","1415886708","{\"orderID\":\"544\",\"orderDetailId\":1335}","0","0","sub","544");
INSERT INTO transaction VALUES("1111","17","X","-5","G","1415886708","{\"orderID\":\"544\",\"orderDetailId\":1335}","0","0","sub","544");
INSERT INTO transaction VALUES("1112","43","X","-22.5","ML","1415886708","{\"orderID\":\"544\",\"orderDetailId\":1335}","0","0","sub","544");
INSERT INTO transaction VALUES("1113","44","X","-22.5","ML","1415886708","{\"orderID\":\"544\",\"orderDetailId\":1335}","0","0","sub","544");
INSERT INTO transaction VALUES("1114","3","X","-15","ML","1415886708","{\"orderID\":\"544\",\"orderDetailId\":1335}","0","0","sub","544");
INSERT INTO transaction VALUES("1115","30","X","-1","Trai","1415886727","{\"orderID\":\"548\",\"orderDetailId\":1336}","0","0","sub","548");
INSERT INTO transaction VALUES("1116","53","X","-4","Trai","1415886727","{\"orderID\":\"548\",\"orderDetailId\":1336}","0","0","sub","548");
INSERT INTO transaction VALUES("1117","18","X","-15","ML","1415886727","{\"orderID\":\"548\",\"orderDetailId\":1336}","0","0","sub","548");
INSERT INTO transaction VALUES("1142","21","X","-20","ML","1415949618","{\"orderID\":\"553\",\"orderDetailId\":1362}","0","0","sub","553");
INSERT INTO transaction VALUES("1143","39","X","-30","G","1415949618","{\"orderID\":\"553\",\"orderDetailId\":1362}","0","0","sub","553");
INSERT INTO transaction VALUES("1144","21","X","-20","ML","1415949618","{\"orderID\":\"553\",\"orderDetailId\":1363}","0","0","sub","553");
INSERT INTO transaction VALUES("1145","23","X","-20","G","1415949618","{\"orderID\":\"553\",\"orderDetailId\":1363}","0","0","sub","553");
INSERT INTO transaction VALUES("1146","25","X","-20","G","1415949618","{\"orderID\":\"553\",\"orderDetailId\":1363}","0","0","sub","553");
INSERT INTO transaction VALUES("1147","39","X","-30","G","1415949618","{\"orderID\":\"553\",\"orderDetailId\":1363}","0","0","sub","553");
INSERT INTO transaction VALUES("1148","54","X","-8","Cai","1415949618","{\"orderID\":\"553\",\"orderDetailId\":1363}","0","0","sub","553");
INSERT INTO transaction VALUES("1149","43","X","-22.5","ML","1415949618","{\"orderID\":\"553\",\"orderDetailId\":1363}","0","0","sub","553");
INSERT INTO transaction VALUES("1150","44","X","-22.5","ML","1415949618","{\"orderID\":\"553\",\"orderDetailId\":1363}","0","0","sub","553");
INSERT INTO transaction VALUES("1151","42","X","0","Hu","1415950551","{\"orderID\":\"552\",\"orderDetailId\":1366}","0","0","sub","552");
INSERT INTO transaction VALUES("1152","38","X","-30","ML","1415950551","{\"orderID\":\"552\",\"orderDetailId\":1366}","0","0","sub","552");
INSERT INTO transaction VALUES("1153","21","X","-30","ML","1415950551","{\"orderID\":\"552\",\"orderDetailId\":1366}","0","0","sub","552");
INSERT INTO transaction VALUES("1154","43","X","-22.5","ML","1415950551","{\"orderID\":\"552\",\"orderDetailId\":1366}","0","0","sub","552");
INSERT INTO transaction VALUES("1155","44","X","-22.5","ML","1415950551","{\"orderID\":\"552\",\"orderDetailId\":1366}","0","0","sub","552");
INSERT INTO transaction VALUES("1156","21","X","-10","ML","1415950574","{\"orderID\":\"558\",\"orderDetailId\":1367}","0","0","sub","558");
INSERT INTO transaction VALUES("1157","2","X","-15","ML","1415950574","{\"orderID\":\"558\",\"orderDetailId\":1367}","0","0","sub","558");
INSERT INTO transaction VALUES("1158","25","X","-20","G","1415950574","{\"orderID\":\"558\",\"orderDetailId\":1367}","0","0","sub","558");
INSERT INTO transaction VALUES("1159","39","X","-8","G","1415950574","{\"orderID\":\"558\",\"orderDetailId\":1367}","0","0","sub","558");
INSERT INTO transaction VALUES("1160","44","X","-22.5","ML","1415950574","{\"orderID\":\"558\",\"orderDetailId\":1367}","0","0","sub","558");
INSERT INTO transaction VALUES("1161","43","X","-22.5","ML","1415950574","{\"orderID\":\"558\",\"orderDetailId\":1367}","0","0","sub","558");
INSERT INTO transaction VALUES("1162","54","X","-8","Cai","1415950574","{\"orderID\":\"558\",\"orderDetailId\":1367}","0","0","sub","558");
INSERT INTO transaction VALUES("1163","11","X","-20","ML","1415950603","{\"orderID\":\"555\",\"orderDetailId\":1368}","0","0","sub","555");
INSERT INTO transaction VALUES("1164","19","X","-5","ML","1415950603","{\"orderID\":\"555\",\"orderDetailId\":1368}","0","0","sub","555");
INSERT INTO transaction VALUES("1165","10","X","-5","ML","1415950603","{\"orderID\":\"555\",\"orderDetailId\":1368}","0","0","sub","555");
INSERT INTO transaction VALUES("1166","52","X","-150","ML","1415950603","{\"orderID\":\"555\",\"orderDetailId\":1368}","0","0","sub","555");
INSERT INTO transaction VALUES("1167","44","X","-22.5","ML","1415950603","{\"orderID\":\"555\",\"orderDetailId\":1368}","0","0","sub","555");
INSERT INTO transaction VALUES("1168","43","X","-22.5","ML","1415950603","{\"orderID\":\"555\",\"orderDetailId\":1368}","0","0","sub","555");
INSERT INTO transaction VALUES("1169","21","X","-20","ML","1415950603","{\"orderID\":\"555\",\"orderDetailId\":1369}","0","0","sub","555");
INSERT INTO transaction VALUES("1170","39","X","-30","G","1415950603","{\"orderID\":\"555\",\"orderDetailId\":1369}","0","0","sub","555");
INSERT INTO transaction VALUES("1171","21","X","-10","ML","1415951256","{\"orderID\":561,\"orderDetailId\":1372}","0","0","sub","561");
INSERT INTO transaction VALUES("1172","2","X","-15","ML","1415951256","{\"orderID\":561,\"orderDetailId\":1372}","0","0","sub","561");
INSERT INTO transaction VALUES("1173","25","X","-20","G","1415951256","{\"orderID\":561,\"orderDetailId\":1372}","0","0","sub","561");
INSERT INTO transaction VALUES("1174","39","X","-8","G","1415951256","{\"orderID\":561,\"orderDetailId\":1372}","0","0","sub","561");
INSERT INTO transaction VALUES("1175","44","X","-22.5","ML","1415951256","{\"orderID\":561,\"orderDetailId\":1372}","0","0","sub","561");
INSERT INTO transaction VALUES("1176","43","X","-22.5","ML","1415951256","{\"orderID\":561,\"orderDetailId\":1372}","0","0","sub","561");
INSERT INTO transaction VALUES("1177","54","X","-8","Cai","1415951256","{\"orderID\":561,\"orderDetailId\":1372}","0","0","sub","561");
INSERT INTO transaction VALUES("1178","21","X","-20","ML","1415952206","{\"orderID\":562,\"orderDetailId\":1373}","0","0","sub","562");
INSERT INTO transaction VALUES("1179","2","X","-30","ML","1415952206","{\"orderID\":562,\"orderDetailId\":1373}","0","0","sub","562");
INSERT INTO transaction VALUES("1180","25","X","-40","G","1415952206","{\"orderID\":562,\"orderDetailId\":1373}","0","0","sub","562");
INSERT INTO transaction VALUES("1181","39","X","-16","G","1415952206","{\"orderID\":562,\"orderDetailId\":1373}","0","0","sub","562");
INSERT INTO transaction VALUES("1182","44","X","-45","ML","1415952206","{\"orderID\":562,\"orderDetailId\":1373}","0","0","sub","562");
INSERT INTO transaction VALUES("1183","43","X","-45","ML","1415952206","{\"orderID\":562,\"orderDetailId\":1373}","0","0","sub","562");
INSERT INTO transaction VALUES("1184","54","X","-16","Cai","1415952206","{\"orderID\":562,\"orderDetailId\":1373}","0","0","sub","562");
INSERT INTO transaction VALUES("1185","22","X","-10","G","1415957020","{\"orderID\":564,\"orderDetailId\":1375}","0","0","sub","564");
INSERT INTO transaction VALUES("1186","56","X","-10","G","1415957020","{\"orderID\":564,\"orderDetailId\":1375}","0","0","sub","564");
INSERT INTO transaction VALUES("1187","46","X","-50","ML","1415957020","{\"orderID\":564,\"orderDetailId\":1375}","0","0","sub","564");
INSERT INTO transaction VALUES("1188","21","X","-30","ML","1415957020","{\"orderID\":564,\"orderDetailId\":1375}","0","0","sub","564");
INSERT INTO transaction VALUES("1189","43","X","-22.5","ML","1415957020","{\"orderID\":564,\"orderDetailId\":1375}","0","0","sub","564");
INSERT INTO transaction VALUES("1190","44","X","-22.5","ML","1415957020","{\"orderID\":564,\"orderDetailId\":1375}","0","0","sub","564");
INSERT INTO transaction VALUES("1196","42","X","0","Hu","1415959594","{\"orderID\":\"565\",\"orderDetailId\":1377}","0","0","sub","565");
INSERT INTO transaction VALUES("1197","38","X","-30","ML","1415959594","{\"orderID\":\"565\",\"orderDetailId\":1377}","0","0","sub","565");
INSERT INTO transaction VALUES("1198","21","X","-30","ML","1415959594","{\"orderID\":\"565\",\"orderDetailId\":1377}","0","0","sub","565");
INSERT INTO transaction VALUES("1199","43","X","-22.5","ML","1415959594","{\"orderID\":\"565\",\"orderDetailId\":1377}","0","0","sub","565");
INSERT INTO transaction VALUES("1200","44","X","-22.5","ML","1415959594","{\"orderID\":\"565\",\"orderDetailId\":1377}","0","0","sub","565");
INSERT INTO transaction VALUES("1209","25","X","-20","G","1415973970","{\"orderID\":\"567\",\"orderDetailId\":1382}","0","0","sub","567");
INSERT INTO transaction VALUES("1210","23","X","-20","G","1415973970","{\"orderID\":\"567\",\"orderDetailId\":1382}","0","0","sub","567");
INSERT INTO transaction VALUES("1211","46","X","-40","ML","1415973970","{\"orderID\":\"567\",\"orderDetailId\":1382}","0","0","sub","567");
INSERT INTO transaction VALUES("1212","21","X","-30","ML","1415973970","{\"orderID\":\"567\",\"orderDetailId\":1382}","0","0","sub","567");
INSERT INTO transaction VALUES("1213","54","X","-8","Cai","1415973970","{\"orderID\":\"567\",\"orderDetailId\":1382}","0","0","sub","567");
INSERT INTO transaction VALUES("1214","43","X","-22.5","ML","1415973970","{\"orderID\":\"567\",\"orderDetailId\":1382}","0","0","sub","567");
INSERT INTO transaction VALUES("1215","44","X","-22.5","ML","1415973970","{\"orderID\":\"567\",\"orderDetailId\":1382}","0","0","sub","567");
INSERT INTO transaction VALUES("1216","30","X","-2","Trai","1415973970","{\"orderID\":\"567\",\"orderDetailId\":1383}","0","0","sub","567");
INSERT INTO transaction VALUES("1217","21","X","-20","ML","1416020745","{\"orderID\":569,\"orderDetailId\":1385}","0","0","sub","569");
INSERT INTO transaction VALUES("1218","39","X","-30","G","1416020745","{\"orderID\":569,\"orderDetailId\":1385}","0","0","sub","569");
INSERT INTO transaction VALUES("1219","29","X","-1","Goi","1416023671","{\"orderID\":570,\"orderDetailId\":1386}","0","0","sub","570");
INSERT INTO transaction VALUES("1220","28","X","-2","Goi","1416023671","{\"orderID\":570,\"orderDetailId\":1386}","0","0","sub","570");
INSERT INTO transaction VALUES("1221","27","X","-10","G","1416023671","{\"orderID\":570,\"orderDetailId\":1386}","0","0","sub","570");
INSERT INTO transaction VALUES("1222","32","X","-1","Trai","1416024594","{\"orderID\":571,\"orderDetailId\":1387}","0","0","sub","571");
INSERT INTO transaction VALUES("1223","53","X","-6","Trai","1416025254","{\"orderID\":572,\"orderDetailId\":1388}","0","0","sub","572");
INSERT INTO transaction VALUES("1224","46","X","-30","ML","1416025254","{\"orderID\":572,\"orderDetailId\":1388}","0","0","sub","572");
INSERT INTO transaction VALUES("1225","21","X","-20","ML","1416025254","{\"orderID\":572,\"orderDetailId\":1388}","0","0","sub","572");
INSERT INTO transaction VALUES("1226","18","X","-15","ML","1416025254","{\"orderID\":572,\"orderDetailId\":1388}","0","0","sub","572");
INSERT INTO transaction VALUES("1227","53","X","-6","Trai","1416025254","{\"orderID\":572,\"orderDetailId\":1389}","0","0","sub","572");
INSERT INTO transaction VALUES("1228","34","X","-0.25","Trai","1416025254","{\"orderID\":572,\"orderDetailId\":1389}","0","0","sub","572");
INSERT INTO transaction VALUES("1229","3","X","-30","ML","1416025254","{\"orderID\":572,\"orderDetailId\":1389}","0","0","sub","572");
INSERT INTO transaction VALUES("1230","21","X","-60","ML","1416025254","{\"orderID\":572,\"orderDetailId\":1389}","0","0","sub","572");
INSERT INTO transaction VALUES("1231","21","X","-20","ML","1416025254","{\"orderID\":572,\"orderDetailId\":1390}","0","0","sub","572");
INSERT INTO transaction VALUES("1232","39","X","-30","G","1416025254","{\"orderID\":572,\"orderDetailId\":1390}","0","0","sub","572");
INSERT INTO transaction VALUES("1233","21","X","-20","ML","1416025254","{\"orderID\":572,\"orderDetailId\":1391}","0","0","sub","572");
INSERT INTO transaction VALUES("1234","46","X","-50","ML","1416025254","{\"orderID\":572,\"orderDetailId\":1391}","0","0","sub","572");
INSERT INTO transaction VALUES("1235","39","X","-20","G","1416025254","{\"orderID\":572,\"orderDetailId\":1391}","0","0","sub","572");
INSERT INTO transaction VALUES("1236","29","X","-1","Goi","1416027512","{\"orderID\":573,\"orderDetailId\":1392}","0","0","sub","573");
INSERT INTO transaction VALUES("1237","28","X","-2","Goi","1416027512","{\"orderID\":573,\"orderDetailId\":1392}","0","0","sub","573");
INSERT INTO transaction VALUES("1238","39","X","-30","G","1416027512","{\"orderID\":573,\"orderDetailId\":1393}","0","0","sub","573");
INSERT INTO transaction VALUES("1239","46","X","-50","ML","1416027589","{\"orderID\":574,\"orderDetailId\":1394}","0","0","sub","574");
INSERT INTO transaction VALUES("1240","22","X","-10","G","1416027589","{\"orderID\":574,\"orderDetailId\":1394}","0","0","sub","574");
INSERT INTO transaction VALUES("1241","56","X","-10","G","1416027589","{\"orderID\":574,\"orderDetailId\":1394}","0","0","sub","574");
INSERT INTO transaction VALUES("1242","21","X","-30","ML","1416027589","{\"orderID\":574,\"orderDetailId\":1394}","0","0","sub","574");
INSERT INTO transaction VALUES("1243","55","X","-8","Cai","1416027589","{\"orderID\":574,\"orderDetailId\":1394}","0","0","sub","574");
INSERT INTO transaction VALUES("1244","43","X","-22.5","ML","1416027589","{\"orderID\":574,\"orderDetailId\":1394}","0","0","sub","574");
INSERT INTO transaction VALUES("1245","44","X","-22.5","ML","1416027589","{\"orderID\":574,\"orderDetailId\":1394}","0","0","sub","574");
INSERT INTO transaction VALUES("1273","18","X","-10","ML","1416029500","{\"orderID\":\"575\",\"orderDetailId\":1402}","0","0","sub","575");
INSERT INTO transaction VALUES("1274","37","X","-20","ML","1416029500","{\"orderID\":\"575\",\"orderDetailId\":1402}","0","0","sub","575");
INSERT INTO transaction VALUES("1275","52","X","-150","ML","1416029500","{\"orderID\":\"575\",\"orderDetailId\":1402}","0","0","sub","575");
INSERT INTO transaction VALUES("1276","43","X","-22.5","ML","1416029500","{\"orderID\":\"575\",\"orderDetailId\":1402}","0","0","sub","575");
INSERT INTO transaction VALUES("1277","44","X","-22.5","ML","1416029500","{\"orderID\":\"575\",\"orderDetailId\":1402}","0","0","sub","575");
INSERT INTO transaction VALUES("1278","6","X","-30","ML","1416029500","{\"orderID\":\"575\",\"orderDetailId\":1403}","0","0","sub","575");
INSERT INTO transaction VALUES("1279","52","X","-150","ML","1416029500","{\"orderID\":\"575\",\"orderDetailId\":1403}","0","0","sub","575");
INSERT INTO transaction VALUES("1280","44","X","-22.5","ML","1416029500","{\"orderID\":\"575\",\"orderDetailId\":1403}","0","0","sub","575");
INSERT INTO transaction VALUES("1281","43","X","-22.5","ML","1416029500","{\"orderID\":\"575\",\"orderDetailId\":1403}","0","0","sub","575");
INSERT INTO transaction VALUES("1282","27","X","-40","G","1416029500","{\"orderID\":\"575\",\"orderDetailId\":1404}","0","0","sub","575");
INSERT INTO transaction VALUES("1283","42","X","-2","Hu","1416029500","{\"orderID\":\"575\",\"orderDetailId\":1404}","0","0","sub","575");
INSERT INTO transaction VALUES("1284","33","X","-1","Trai","1416029559","{\"orderID\":577,\"orderDetailId\":1406}","0","0","sub","577");
INSERT INTO transaction VALUES("1293","32","X","-1","Trai","1416033805","{\"orderID\":581,\"orderDetailId\":1413}","0","0","sub","581");
INSERT INTO transaction VALUES("1329","21","X","-30","ML","1416036242","{\"orderID\":\"578\",\"orderDetailId\":1424}","0","0","sub","578");
INSERT INTO transaction VALUES("1330","2","X","-45","ML","1416036242","{\"orderID\":\"578\",\"orderDetailId\":1424}","0","0","sub","578");
INSERT INTO transaction VALUES("1331","25","X","-60","G","1416036242","{\"orderID\":\"578\",\"orderDetailId\":1424}","0","0","sub","578");
INSERT INTO transaction VALUES("1332","39","X","-24","G","1416036242","{\"orderID\":\"578\",\"orderDetailId\":1424}","0","0","sub","578");
INSERT INTO transaction VALUES("1333","44","X","-67.5","ML","1416036242","{\"orderID\":\"578\",\"orderDetailId\":1424}","0","0","sub","578");
INSERT INTO transaction VALUES("1334","43","X","-67.5","ML","1416036242","{\"orderID\":\"578\",\"orderDetailId\":1424}","0","0","sub","578");
INSERT INTO transaction VALUES("1335","54","X","-24","Cai","1416036242","{\"orderID\":\"578\",\"orderDetailId\":1424}","0","0","sub","578");
INSERT INTO transaction VALUES("1336","39","X","-30","G","1416036242","{\"orderID\":\"578\",\"orderDetailId\":1425}","0","0","sub","578");
INSERT INTO transaction VALUES("1337","53","X","-6","Trai","1416036242","{\"orderID\":\"578\",\"orderDetailId\":1426}","0","0","sub","578");
INSERT INTO transaction VALUES("1338","46","X","-30","ML","1416036242","{\"orderID\":\"578\",\"orderDetailId\":1426}","0","0","sub","578");
INSERT INTO transaction VALUES("1339","21","X","-20","ML","1416036242","{\"orderID\":\"578\",\"orderDetailId\":1426}","0","0","sub","578");
INSERT INTO transaction VALUES("1340","18","X","-15","ML","1416036242","{\"orderID\":\"578\",\"orderDetailId\":1426}","0","0","sub","578");
INSERT INTO transaction VALUES("1341","21","X","-20","ML","1416036278","{\"orderID\":\"582\",\"orderDetailId\":1427}","0","0","sub","582");
INSERT INTO transaction VALUES("1342","39","X","-30","G","1416036278","{\"orderID\":\"582\",\"orderDetailId\":1427}","0","0","sub","582");
INSERT INTO transaction VALUES("1343","51","X","-1","Goi","1416036375","{\"orderID\":\"583\",\"orderDetailId\":1428}","0","0","sub","583");
INSERT INTO transaction VALUES("1344","14","X","-30","ML","1416036375","{\"orderID\":\"583\",\"orderDetailId\":1428}","0","0","sub","583");
INSERT INTO transaction VALUES("1345","21","X","-20","ML","1416037695","{\"orderID\":\"576\",\"orderDetailId\":1429}","0","0","sub","576");
INSERT INTO transaction VALUES("1346","46","X","-50","ML","1416037695","{\"orderID\":\"576\",\"orderDetailId\":1429}","0","0","sub","576");
INSERT INTO transaction VALUES("1347","39","X","-20","G","1416037695","{\"orderID\":\"576\",\"orderDetailId\":1429}","0","0","sub","576");
INSERT INTO transaction VALUES("1348","30","X","-0.5","Trai","1416037695","{\"orderID\":\"576\",\"orderDetailId\":1430}","0","0","sub","576");
INSERT INTO transaction VALUES("1349","53","X","-3","Trai","1416037695","{\"orderID\":\"576\",\"orderDetailId\":1430}","0","0","sub","576");
INSERT INTO transaction VALUES("1350","47","X","-0.5","Trai","1416037695","{\"orderID\":\"576\",\"orderDetailId\":1430}","0","0","sub","576");
INSERT INTO transaction VALUES("1351","21","X","-20","ML","1416037695","{\"orderID\":\"576\",\"orderDetailId\":1430}","0","0","sub","576");
INSERT INTO transaction VALUES("1352","46","X","-30","ML","1416037695","{\"orderID\":\"576\",\"orderDetailId\":1430}","0","0","sub","576");
INSERT INTO transaction VALUES("1353","36","X","-15","ML","1416037695","{\"orderID\":\"576\",\"orderDetailId\":1431}","0","0","sub","576");
INSERT INTO transaction VALUES("1354","15","X","-15","ML","1416037695","{\"orderID\":\"576\",\"orderDetailId\":1431}","0","0","sub","576");
INSERT INTO transaction VALUES("1355","52","X","-150","ML","1416037695","{\"orderID\":\"576\",\"orderDetailId\":1431}","0","0","sub","576");
INSERT INTO transaction VALUES("1356","43","X","-22.5","ML","1416037695","{\"orderID\":\"576\",\"orderDetailId\":1431}","0","0","sub","576");
INSERT INTO transaction VALUES("1357","44","X","-22.5","ML","1416037695","{\"orderID\":\"576\",\"orderDetailId\":1431}","0","0","sub","576");
INSERT INTO transaction VALUES("1358","53","X","-6","Trai","1416037732","{\"orderID\":\"584\",\"orderDetailId\":1432}","0","0","sub","584");
INSERT INTO transaction VALUES("1359","46","X","-30","ML","1416037732","{\"orderID\":\"584\",\"orderDetailId\":1432}","0","0","sub","584");
INSERT INTO transaction VALUES("1360","21","X","-20","ML","1416037732","{\"orderID\":\"584\",\"orderDetailId\":1432}","0","0","sub","584");
INSERT INTO transaction VALUES("1361","18","X","-15","ML","1416037732","{\"orderID\":\"584\",\"orderDetailId\":1432}","0","0","sub","584");
INSERT INTO transaction VALUES("1362","21","X","-20","ML","1416037755","{\"orderID\":585,\"orderDetailId\":1433}","0","0","sub","585");
INSERT INTO transaction VALUES("1363","39","X","-30","G","1416037755","{\"orderID\":585,\"orderDetailId\":1433}","0","0","sub","585");
INSERT INTO transaction VALUES("1364","35","X","-0.5","Trai","1416037848","{\"orderID\":586,\"orderDetailId\":1435}","0","0","sub","586");
INSERT INTO transaction VALUES("1365","21","X","-30","ML","1416037848","{\"orderID\":586,\"orderDetailId\":1435}","0","0","sub","586");
INSERT INTO transaction VALUES("1366","46","X","-35","ML","1416037848","{\"orderID\":586,\"orderDetailId\":1435}","0","0","sub","586");
INSERT INTO transaction VALUES("1413","8","X","-30","ML","1416046427","{\"orderID\":\"589\",\"orderDetailId\":1450}","0","0","sub","589");
INSERT INTO transaction VALUES("1414","52","X","-150","ML","1416046427","{\"orderID\":\"589\",\"orderDetailId\":1450}","0","0","sub","589");
INSERT INTO transaction VALUES("1415","43","X","-22.5","ML","1416046427","{\"orderID\":\"589\",\"orderDetailId\":1450}","0","0","sub","589");
INSERT INTO transaction VALUES("1416","44","X","-22.5","ML","1416046427","{\"orderID\":\"589\",\"orderDetailId\":1450}","0","0","sub","589");
INSERT INTO transaction VALUES("1417","6","X","-30","ML","1416046427","{\"orderID\":\"589\",\"orderDetailId\":1451}","0","0","sub","589");
INSERT INTO transaction VALUES("1418","52","X","-150","ML","1416046427","{\"orderID\":\"589\",\"orderDetailId\":1451}","0","0","sub","589");
INSERT INTO transaction VALUES("1419","44","X","-22.5","ML","1416046427","{\"orderID\":\"589\",\"orderDetailId\":1451}","0","0","sub","589");
INSERT INTO transaction VALUES("1420","43","X","-22.5","ML","1416046427","{\"orderID\":\"589\",\"orderDetailId\":1451}","0","0","sub","589");
INSERT INTO transaction VALUES("1421","46","X","-50","ML","1416046427","{\"orderID\":\"589\",\"orderDetailId\":1452}","0","0","sub","589");
INSERT INTO transaction VALUES("1422","22","X","-10","G","1416046427","{\"orderID\":\"589\",\"orderDetailId\":1452}","0","0","sub","589");
INSERT INTO transaction VALUES("1423","56","X","-10","G","1416046427","{\"orderID\":\"589\",\"orderDetailId\":1452}","0","0","sub","589");
INSERT INTO transaction VALUES("1424","21","X","-30","ML","1416046427","{\"orderID\":\"589\",\"orderDetailId\":1452}","0","0","sub","589");
INSERT INTO transaction VALUES("1425","55","X","-8","Cai","1416046427","{\"orderID\":\"589\",\"orderDetailId\":1452}","0","0","sub","589");
INSERT INTO transaction VALUES("1426","43","X","-22.5","ML","1416046427","{\"orderID\":\"589\",\"orderDetailId\":1452}","0","0","sub","589");
INSERT INTO transaction VALUES("1427","44","X","-22.5","ML","1416046427","{\"orderID\":\"589\",\"orderDetailId\":1452}","0","0","sub","589");
INSERT INTO transaction VALUES("1428","45","X","-2","Cai","1416046427","{\"orderID\":\"589\",\"orderDetailId\":1453}","0","0","sub","589");
INSERT INTO transaction VALUES("1429","23","X","-20","G","1416046427","{\"orderID\":\"589\",\"orderDetailId\":1453}","0","0","sub","589");
INSERT INTO transaction VALUES("1430","25","X","-20","G","1416046427","{\"orderID\":\"589\",\"orderDetailId\":1453}","0","0","sub","589");
INSERT INTO transaction VALUES("1431","21","X","-10","ML","1416046427","{\"orderID\":\"589\",\"orderDetailId\":1453}","0","0","sub","589");
INSERT INTO transaction VALUES("1432","46","X","-40","ML","1416046427","{\"orderID\":\"589\",\"orderDetailId\":1453}","0","0","sub","589");
INSERT INTO transaction VALUES("1433","17","X","-5","G","1416046427","{\"orderID\":\"589\",\"orderDetailId\":1453}","0","0","sub","589");
INSERT INTO transaction VALUES("1434","43","X","-22.5","ML","1416046427","{\"orderID\":\"589\",\"orderDetailId\":1453}","0","0","sub","589");
INSERT INTO transaction VALUES("1435","44","X","-22.5","ML","1416046427","{\"orderID\":\"589\",\"orderDetailId\":1453}","0","0","sub","589");
INSERT INTO transaction VALUES("1448","11","X","-20","ML","1416053891","{\"orderID\":\"590\",\"orderDetailId\":1456}","0","0","sub","590");
INSERT INTO transaction VALUES("1449","19","X","-5","ML","1416053891","{\"orderID\":\"590\",\"orderDetailId\":1456}","0","0","sub","590");
INSERT INTO transaction VALUES("1450","10","X","-5","ML","1416053891","{\"orderID\":\"590\",\"orderDetailId\":1456}","0","0","sub","590");
INSERT INTO transaction VALUES("1451","52","X","-150","ML","1416053891","{\"orderID\":\"590\",\"orderDetailId\":1456}","0","0","sub","590");
INSERT INTO transaction VALUES("1452","44","X","-22.5","ML","1416053891","{\"orderID\":\"590\",\"orderDetailId\":1456}","0","0","sub","590");
INSERT INTO transaction VALUES("1453","43","X","-22.5","ML","1416053891","{\"orderID\":\"590\",\"orderDetailId\":1456}","0","0","sub","590");
INSERT INTO transaction VALUES("1454","45","X","-2","Cai","1416053891","{\"orderID\":\"590\",\"orderDetailId\":1457}","0","0","sub","590");
INSERT INTO transaction VALUES("1455","46","X","-60","ML","1416053891","{\"orderID\":\"590\",\"orderDetailId\":1457}","0","0","sub","590");
INSERT INTO transaction VALUES("1456","21","X","-10","ML","1416053891","{\"orderID\":\"590\",\"orderDetailId\":1457}","0","0","sub","590");
INSERT INTO transaction VALUES("1457","25","X","-20","G","1416053891","{\"orderID\":\"590\",\"orderDetailId\":1457}","0","0","sub","590");
INSERT INTO transaction VALUES("1458","43","X","-22.5","ML","1416053891","{\"orderID\":\"590\",\"orderDetailId\":1457}","0","0","sub","590");
INSERT INTO transaction VALUES("1459","44","X","-22.5","ML","1416053891","{\"orderID\":\"590\",\"orderDetailId\":1457}","0","0","sub","590");
INSERT INTO transaction VALUES("1460","11","X","-20","ML","1416053933","{\"orderID\":591,\"orderDetailId\":1458}","0","0","sub","591");
INSERT INTO transaction VALUES("1461","19","X","-5","ML","1416053933","{\"orderID\":591,\"orderDetailId\":1458}","0","0","sub","591");
INSERT INTO transaction VALUES("1462","10","X","-5","ML","1416053933","{\"orderID\":591,\"orderDetailId\":1458}","0","0","sub","591");
INSERT INTO transaction VALUES("1463","52","X","-150","ML","1416053933","{\"orderID\":591,\"orderDetailId\":1458}","0","0","sub","591");
INSERT INTO transaction VALUES("1464","44","X","-22.5","ML","1416053933","{\"orderID\":591,\"orderDetailId\":1458}","0","0","sub","591");
INSERT INTO transaction VALUES("1465","43","X","-22.5","ML","1416053933","{\"orderID\":591,\"orderDetailId\":1458}","0","0","sub","591");
INSERT INTO transaction VALUES("1466","45","X","-2","Cai","1416053933","{\"orderID\":591,\"orderDetailId\":1459}","0","0","sub","591");
INSERT INTO transaction VALUES("1467","46","X","-60","ML","1416053933","{\"orderID\":591,\"orderDetailId\":1459}","0","0","sub","591");
INSERT INTO transaction VALUES("1468","21","X","-10","ML","1416053933","{\"orderID\":591,\"orderDetailId\":1459}","0","0","sub","591");
INSERT INTO transaction VALUES("1469","25","X","-20","G","1416053933","{\"orderID\":591,\"orderDetailId\":1459}","0","0","sub","591");
INSERT INTO transaction VALUES("1470","43","X","-22.5","ML","1416053933","{\"orderID\":591,\"orderDetailId\":1459}","0","0","sub","591");
INSERT INTO transaction VALUES("1471","44","X","-22.5","ML","1416053933","{\"orderID\":591,\"orderDetailId\":1459}","0","0","sub","591");
INSERT INTO transaction VALUES("1486","29","X","-1","Goi","1416062916","{\"orderID\":\"592\",\"orderDetailId\":1465}","0","0","sub","592");
INSERT INTO transaction VALUES("1487","28","X","-2","Goi","1416062916","{\"orderID\":\"592\",\"orderDetailId\":1465}","0","0","sub","592");
INSERT INTO transaction VALUES("1488","36","X","-15","ML","1416062916","{\"orderID\":\"592\",\"orderDetailId\":1466}","0","0","sub","592");
INSERT INTO transaction VALUES("1489","15","X","-15","ML","1416062916","{\"orderID\":\"592\",\"orderDetailId\":1466}","0","0","sub","592");
INSERT INTO transaction VALUES("1490","52","X","-150","ML","1416062916","{\"orderID\":\"592\",\"orderDetailId\":1466}","0","0","sub","592");
INSERT INTO transaction VALUES("1491","43","X","-22.5","ML","1416062916","{\"orderID\":\"592\",\"orderDetailId\":1466}","0","0","sub","592");
INSERT INTO transaction VALUES("1492","44","X","-22.5","ML","1416062916","{\"orderID\":\"592\",\"orderDetailId\":1466}","0","0","sub","592");
INSERT INTO transaction VALUES("1496","21","X","-20","ML","1416113977","{\"orderID\":\"593\",\"orderDetailId\":1474}","0","0","sub","593");
INSERT INTO transaction VALUES("1497","39","X","-30","G","1416113977","{\"orderID\":\"593\",\"orderDetailId\":1474}","0","0","sub","593");
INSERT INTO transaction VALUES("1507","21","X","-40","ML","1416123662","{\"orderID\":\"597\",\"orderDetailId\":1484}","0","0","sub","597");
INSERT INTO transaction VALUES("1508","39","X","-60","G","1416123662","{\"orderID\":\"597\",\"orderDetailId\":1484}","0","0","sub","597");
INSERT INTO transaction VALUES("1509","39","X","-30","G","1416123662","{\"orderID\":\"597\",\"orderDetailId\":1485}","0","0","sub","597");
INSERT INTO transaction VALUES("1510","21","X","-20","ML","1416123662","{\"orderID\":\"597\",\"orderDetailId\":1486}","0","0","sub","597");
INSERT INTO transaction VALUES("1511","46","X","-50","ML","1416123662","{\"orderID\":\"597\",\"orderDetailId\":1486}","0","0","sub","597");
INSERT INTO transaction VALUES("1512","39","X","-20","G","1416123662","{\"orderID\":\"597\",\"orderDetailId\":1486}","0","0","sub","597");
INSERT INTO transaction VALUES("1513","29","X","-1","Goi","1416123662","{\"orderID\":\"597\",\"orderDetailId\":1487}","0","0","sub","597");
INSERT INTO transaction VALUES("1514","28","X","-2","Goi","1416123662","{\"orderID\":\"597\",\"orderDetailId\":1487}","0","0","sub","597");
INSERT INTO transaction VALUES("1515","34","X","-0.5","Trai","1416123662","{\"orderID\":\"597\",\"orderDetailId\":1488}","0","0","sub","597");
INSERT INTO transaction VALUES("1516","39","X","-60","G","1416124870","{\"orderID\":\"594\",\"orderDetailId\":1492}","0","0","sub","594");
INSERT INTO transaction VALUES("1555","21","X","-20","ML","1416130102","{\"orderID\":\"600\",\"orderDetailId\":1505}","0","0","sub","600");
INSERT INTO transaction VALUES("1556","23","X","-20","G","1416130102","{\"orderID\":\"600\",\"orderDetailId\":1505}","0","0","sub","600");
INSERT INTO transaction VALUES("1557","25","X","-20","G","1416130102","{\"orderID\":\"600\",\"orderDetailId\":1505}","0","0","sub","600");
INSERT INTO transaction VALUES("1558","39","X","-30","G","1416130102","{\"orderID\":\"600\",\"orderDetailId\":1505}","0","0","sub","600");
INSERT INTO transaction VALUES("1559","54","X","-8","Cai","1416130102","{\"orderID\":\"600\",\"orderDetailId\":1505}","0","0","sub","600");
INSERT INTO transaction VALUES("1560","43","X","-22.5","ML","1416130102","{\"orderID\":\"600\",\"orderDetailId\":1505}","0","0","sub","600");
INSERT INTO transaction VALUES("1561","44","X","-22.5","ML","1416130102","{\"orderID\":\"600\",\"orderDetailId\":1505}","0","0","sub","600");
INSERT INTO transaction VALUES("1562","22","X","-10","G","1416130102","{\"orderID\":\"600\",\"orderDetailId\":1506}","0","0","sub","600");
INSERT INTO transaction VALUES("1563","56","X","-10","G","1416130102","{\"orderID\":\"600\",\"orderDetailId\":1506}","0","0","sub","600");
INSERT INTO transaction VALUES("1564","46","X","-50","ML","1416130102","{\"orderID\":\"600\",\"orderDetailId\":1506}","0","0","sub","600");
INSERT INTO transaction VALUES("1565","21","X","-30","ML","1416130102","{\"orderID\":\"600\",\"orderDetailId\":1506}","0","0","sub","600");
INSERT INTO transaction VALUES("1566","43","X","-22.5","ML","1416130102","{\"orderID\":\"600\",\"orderDetailId\":1506}","0","0","sub","600");
INSERT INTO transaction VALUES("1567","44","X","-22.5","ML","1416130102","{\"orderID\":\"600\",\"orderDetailId\":1506}","0","0","sub","600");
INSERT INTO transaction VALUES("1568","6","X","-30","ML","1416130365","{\"orderID\":\"601\",\"orderDetailId\":1507}","0","0","sub","601");
INSERT INTO transaction VALUES("1569","52","X","-150","ML","1416130365","{\"orderID\":\"601\",\"orderDetailId\":1507}","0","0","sub","601");
INSERT INTO transaction VALUES("1570","44","X","-22.5","ML","1416130365","{\"orderID\":\"601\",\"orderDetailId\":1507}","0","0","sub","601");
INSERT INTO transaction VALUES("1571","43","X","-22.5","ML","1416130365","{\"orderID\":\"601\",\"orderDetailId\":1507}","0","0","sub","601");
INSERT INTO transaction VALUES("1572","18","X","-10","ML","1416130365","{\"orderID\":\"601\",\"orderDetailId\":1508}","0","0","sub","601");
INSERT INTO transaction VALUES("1573","37","X","-20","ML","1416130365","{\"orderID\":\"601\",\"orderDetailId\":1508}","0","0","sub","601");
INSERT INTO transaction VALUES("1574","52","X","-150","ML","1416130365","{\"orderID\":\"601\",\"orderDetailId\":1508}","0","0","sub","601");
INSERT INTO transaction VALUES("1575","43","X","-22.5","ML","1416130365","{\"orderID\":\"601\",\"orderDetailId\":1508}","0","0","sub","601");
INSERT INTO transaction VALUES("1576","44","X","-22.5","ML","1416130365","{\"orderID\":\"601\",\"orderDetailId\":1508}","0","0","sub","601");
INSERT INTO transaction VALUES("1577","35","X","-0.5","Trai","1416130365","{\"orderID\":\"601\",\"orderDetailId\":1509}","0","0","sub","601");
INSERT INTO transaction VALUES("1578","21","X","-30","ML","1416130365","{\"orderID\":\"601\",\"orderDetailId\":1509}","0","0","sub","601");
INSERT INTO transaction VALUES("1579","46","X","-35","ML","1416130365","{\"orderID\":\"601\",\"orderDetailId\":1509}","0","0","sub","601");
INSERT INTO transaction VALUES("1580","31","X","-1","Trai","1416144721","{\"orderID\":604,\"orderDetailId\":1512}","0","0","sub","604");
INSERT INTO transaction VALUES("1581","11","X","-20","ML","1416146486","{\"orderID\":605,\"orderDetailId\":1513}","0","0","sub","605");
INSERT INTO transaction VALUES("1582","19","X","-5","ML","1416146486","{\"orderID\":605,\"orderDetailId\":1513}","0","0","sub","605");
INSERT INTO transaction VALUES("1583","10","X","-5","ML","1416146486","{\"orderID\":605,\"orderDetailId\":1513}","0","0","sub","605");
INSERT INTO transaction VALUES("1584","52","X","-150","ML","1416146486","{\"orderID\":605,\"orderDetailId\":1513}","0","0","sub","605");
INSERT INTO transaction VALUES("1585","44","X","-22.5","ML","1416146486","{\"orderID\":605,\"orderDetailId\":1513}","0","0","sub","605");
INSERT INTO transaction VALUES("1586","43","X","-22.5","ML","1416146486","{\"orderID\":605,\"orderDetailId\":1513}","0","0","sub","605");
INSERT INTO transaction VALUES("1587","21","X","-10","ML","1416146486","{\"orderID\":605,\"orderDetailId\":1514}","0","0","sub","605");
INSERT INTO transaction VALUES("1588","2","X","-15","ML","1416146486","{\"orderID\":605,\"orderDetailId\":1514}","0","0","sub","605");
INSERT INTO transaction VALUES("1589","25","X","-20","G","1416146486","{\"orderID\":605,\"orderDetailId\":1514}","0","0","sub","605");
INSERT INTO transaction VALUES("1590","39","X","-8","G","1416146486","{\"orderID\":605,\"orderDetailId\":1514}","0","0","sub","605");
INSERT INTO transaction VALUES("1591","44","X","-22.5","ML","1416146486","{\"orderID\":605,\"orderDetailId\":1514}","0","0","sub","605");
INSERT INTO transaction VALUES("1592","43","X","-22.5","ML","1416146486","{\"orderID\":605,\"orderDetailId\":1514}","0","0","sub","605");
INSERT INTO transaction VALUES("1593","54","X","-8","Cai","1416146486","{\"orderID\":605,\"orderDetailId\":1514}","0","0","sub","605");
INSERT INTO transaction VALUES("1594","42","X","0","Hu","1416147395","{\"orderID\":607,\"orderDetailId\":1516}","0","0","sub","607");
INSERT INTO transaction VALUES("1595","38","X","-30","ML","1416147395","{\"orderID\":607,\"orderDetailId\":1516}","0","0","sub","607");
INSERT INTO transaction VALUES("1596","21","X","-30","ML","1416147395","{\"orderID\":607,\"orderDetailId\":1516}","0","0","sub","607");
INSERT INTO transaction VALUES("1597","43","X","-22.5","ML","1416147395","{\"orderID\":607,\"orderDetailId\":1516}","0","0","sub","607");
INSERT INTO transaction VALUES("1598","44","X","-22.5","ML","1416147395","{\"orderID\":607,\"orderDetailId\":1516}","0","0","sub","607");
INSERT INTO transaction VALUES("1599","30","X","-0.5","Trai","1416147395","{\"orderID\":607,\"orderDetailId\":1517}","0","0","sub","607");
INSERT INTO transaction VALUES("1600","53","X","-3","Trai","1416147395","{\"orderID\":607,\"orderDetailId\":1517}","0","0","sub","607");
INSERT INTO transaction VALUES("1601","47","X","-0.5","Trai","1416147395","{\"orderID\":607,\"orderDetailId\":1517}","0","0","sub","607");
INSERT INTO transaction VALUES("1602","21","X","-20","ML","1416147395","{\"orderID\":607,\"orderDetailId\":1517}","0","0","sub","607");
INSERT INTO transaction VALUES("1603","46","X","-30","ML","1416147395","{\"orderID\":607,\"orderDetailId\":1517}","0","0","sub","607");
INSERT INTO transaction VALUES("1604","45","X","-2","Cai","1416147458","{\"orderID\":608,\"orderDetailId\":1518}","0","0","sub","608");
INSERT INTO transaction VALUES("1605","23","X","-20","G","1416147458","{\"orderID\":608,\"orderDetailId\":1518}","0","0","sub","608");
INSERT INTO transaction VALUES("1606","25","X","-20","G","1416147458","{\"orderID\":608,\"orderDetailId\":1518}","0","0","sub","608");
INSERT INTO transaction VALUES("1607","21","X","-10","ML","1416147458","{\"orderID\":608,\"orderDetailId\":1518}","0","0","sub","608");
INSERT INTO transaction VALUES("1608","46","X","-40","ML","1416147458","{\"orderID\":608,\"orderDetailId\":1518}","0","0","sub","608");
INSERT INTO transaction VALUES("1609","17","X","-5","G","1416147458","{\"orderID\":608,\"orderDetailId\":1518}","0","0","sub","608");
INSERT INTO transaction VALUES("1610","43","X","-22.5","ML","1416147458","{\"orderID\":608,\"orderDetailId\":1518}","0","0","sub","608");
INSERT INTO transaction VALUES("1611","44","X","-22.5","ML","1416147458","{\"orderID\":608,\"orderDetailId\":1518}","0","0","sub","608");
INSERT INTO transaction VALUES("1612","53","X","-3","Trai","1416147458","{\"orderID\":608,\"orderDetailId\":1519}","0","0","sub","608");
INSERT INTO transaction VALUES("1613","34","X","-0.125","Trai","1416147458","{\"orderID\":608,\"orderDetailId\":1519}","0","0","sub","608");
INSERT INTO transaction VALUES("1614","35","X","-0.167","Trai","1416147458","{\"orderID\":608,\"orderDetailId\":1519}","0","0","sub","608");
INSERT INTO transaction VALUES("1615","42","X","-0.5","Hu","1416147458","{\"orderID\":608,\"orderDetailId\":1519}","0","0","sub","608");
INSERT INTO transaction VALUES("1616","53","X","-3","Trai","1416147581","{\"orderID\":609,\"orderDetailId\":1520}","0","0","sub","609");
INSERT INTO transaction VALUES("1617","34","X","-0.125","Trai","1416147581","{\"orderID\":609,\"orderDetailId\":1520}","0","0","sub","609");
INSERT INTO transaction VALUES("1618","3","X","-15","ML","1416147581","{\"orderID\":609,\"orderDetailId\":1520}","0","0","sub","609");
INSERT INTO transaction VALUES("1619","21","X","-30","ML","1416147581","{\"orderID\":609,\"orderDetailId\":1520}","0","0","sub","609");
INSERT INTO transaction VALUES("1620","45","X","-2","Cai","1416147581","{\"orderID\":609,\"orderDetailId\":1521}","0","0","sub","609");
INSERT INTO transaction VALUES("1621","23","X","-20","G","1416147581","{\"orderID\":609,\"orderDetailId\":1521}","0","0","sub","609");
INSERT INTO transaction VALUES("1622","21","X","-10","ML","1416147581","{\"orderID\":609,\"orderDetailId\":1521}","0","0","sub","609");
INSERT INTO transaction VALUES("1623","46","X","-40","ML","1416147581","{\"orderID\":609,\"orderDetailId\":1521}","0","0","sub","609");
INSERT INTO transaction VALUES("1624","25","X","-20","G","1416147581","{\"orderID\":609,\"orderDetailId\":1521}","0","0","sub","609");
INSERT INTO transaction VALUES("1625","17","X","-5","G","1416147581","{\"orderID\":609,\"orderDetailId\":1521}","0","0","sub","609");
INSERT INTO transaction VALUES("1626","43","X","-22.5","ML","1416147581","{\"orderID\":609,\"orderDetailId\":1521}","0","0","sub","609");
INSERT INTO transaction VALUES("1627","44","X","-22.5","ML","1416147581","{\"orderID\":609,\"orderDetailId\":1521}","0","0","sub","609");
INSERT INTO transaction VALUES("1628","19","X","-15","ML","1416147581","{\"orderID\":609,\"orderDetailId\":1521}","0","0","sub","609");
INSERT INTO transaction VALUES("1629","46","X","-50","ML","1416147667","{\"orderID\":610,\"orderDetailId\":1522}","0","0","sub","610");
INSERT INTO transaction VALUES("1630","22","X","-10","G","1416147667","{\"orderID\":610,\"orderDetailId\":1522}","0","0","sub","610");
INSERT INTO transaction VALUES("1631","56","X","-10","G","1416147667","{\"orderID\":610,\"orderDetailId\":1522}","0","0","sub","610");
INSERT INTO transaction VALUES("1632","21","X","-30","ML","1416147667","{\"orderID\":610,\"orderDetailId\":1522}","0","0","sub","610");
INSERT INTO transaction VALUES("1633","55","X","-8","Cai","1416147667","{\"orderID\":610,\"orderDetailId\":1522}","0","0","sub","610");
INSERT INTO transaction VALUES("1634","43","X","-22.5","ML","1416147667","{\"orderID\":610,\"orderDetailId\":1522}","0","0","sub","610");
INSERT INTO transaction VALUES("1635","44","X","-22.5","ML","1416147667","{\"orderID\":610,\"orderDetailId\":1522}","0","0","sub","610");
INSERT INTO transaction VALUES("1636","21","X","-10","ML","1416147667","{\"orderID\":610,\"orderDetailId\":1523}","0","0","sub","610");
INSERT INTO transaction VALUES("1637","2","X","-15","ML","1416147667","{\"orderID\":610,\"orderDetailId\":1523}","0","0","sub","610");
INSERT INTO transaction VALUES("1638","25","X","-20","G","1416147667","{\"orderID\":610,\"orderDetailId\":1523}","0","0","sub","610");
INSERT INTO transaction VALUES("1639","39","X","-8","G","1416147667","{\"orderID\":610,\"orderDetailId\":1523}","0","0","sub","610");
INSERT INTO transaction VALUES("1640","44","X","-22.5","ML","1416147667","{\"orderID\":610,\"orderDetailId\":1523}","0","0","sub","610");
INSERT INTO transaction VALUES("1641","43","X","-22.5","ML","1416147667","{\"orderID\":610,\"orderDetailId\":1523}","0","0","sub","610");
INSERT INTO transaction VALUES("1642","54","X","-8","Cai","1416147667","{\"orderID\":610,\"orderDetailId\":1523}","0","0","sub","610");
INSERT INTO transaction VALUES("1643","25","X","-20","G","1416147667","{\"orderID\":610,\"orderDetailId\":1524}","0","0","sub","610");
INSERT INTO transaction VALUES("1644","23","X","-20","G","1416147667","{\"orderID\":610,\"orderDetailId\":1524}","0","0","sub","610");
INSERT INTO transaction VALUES("1645","46","X","-40","ML","1416147667","{\"orderID\":610,\"orderDetailId\":1524}","0","0","sub","610");
INSERT INTO transaction VALUES("1646","21","X","-30","ML","1416147667","{\"orderID\":610,\"orderDetailId\":1524}","0","0","sub","610");
INSERT INTO transaction VALUES("1647","54","X","-8","Cai","1416147667","{\"orderID\":610,\"orderDetailId\":1524}","0","0","sub","610");
INSERT INTO transaction VALUES("1648","43","X","-22.5","ML","1416147667","{\"orderID\":610,\"orderDetailId\":1524}","0","0","sub","610");
INSERT INTO transaction VALUES("1649","44","X","-22.5","ML","1416147667","{\"orderID\":610,\"orderDetailId\":1524}","0","0","sub","610");
INSERT INTO transaction VALUES("1730","39","X","-30","G","1416148707","{\"orderID\":\"616\",\"orderDetailId\":1541}","0","0","sub","616");
INSERT INTO transaction VALUES("1731","29","X","-1","Goi","1416148707","{\"orderID\":\"616\",\"orderDetailId\":1542}","0","0","sub","616");
INSERT INTO transaction VALUES("1732","28","X","-2","Goi","1416148707","{\"orderID\":\"616\",\"orderDetailId\":1542}","0","0","sub","616");
INSERT INTO transaction VALUES("1733","27","X","-10","G","1416148707","{\"orderID\":\"616\",\"orderDetailId\":1542}","0","0","sub","616");
INSERT INTO transaction VALUES("1734","45","X","-2","Cai","1416148769","{\"orderID\":\"611\",\"orderDetailId\":1543}","0","0","sub","611");
INSERT INTO transaction VALUES("1735","23","X","-20","G","1416148769","{\"orderID\":\"611\",\"orderDetailId\":1543}","0","0","sub","611");
INSERT INTO transaction VALUES("1736","21","X","-10","ML","1416148769","{\"orderID\":\"611\",\"orderDetailId\":1543}","0","0","sub","611");
INSERT INTO transaction VALUES("1737","46","X","-40","ML","1416148769","{\"orderID\":\"611\",\"orderDetailId\":1543}","0","0","sub","611");
INSERT INTO transaction VALUES("1738","25","X","-20","G","1416148769","{\"orderID\":\"611\",\"orderDetailId\":1543}","0","0","sub","611");
INSERT INTO transaction VALUES("1739","17","X","-5","G","1416148769","{\"orderID\":\"611\",\"orderDetailId\":1543}","0","0","sub","611");
INSERT INTO transaction VALUES("1740","43","X","-22.5","ML","1416148769","{\"orderID\":\"611\",\"orderDetailId\":1543}","0","0","sub","611");
INSERT INTO transaction VALUES("1741","44","X","-22.5","ML","1416148769","{\"orderID\":\"611\",\"orderDetailId\":1543}","0","0","sub","611");
INSERT INTO transaction VALUES("1742","19","X","-15","ML","1416148769","{\"orderID\":\"611\",\"orderDetailId\":1543}","0","0","sub","611");
INSERT INTO transaction VALUES("1743","32","X","-1","Trai","1416148769","{\"orderID\":\"611\",\"orderDetailId\":1544}","0","0","sub","611");
INSERT INTO transaction VALUES("1744","34","X","-0.125","Trai","1416148928","{\"orderID\":\"612\",\"orderDetailId\":1545}","0","0","sub","612");
INSERT INTO transaction VALUES("1745","31","X","-0.125","Trai","1416148928","{\"orderID\":\"612\",\"orderDetailId\":1545}","0","0","sub","612");
INSERT INTO transaction VALUES("1746","33","X","-0.125","Trai","1416148928","{\"orderID\":\"612\",\"orderDetailId\":1545}","0","0","sub","612");
INSERT INTO transaction VALUES("1747","49","X","-1","KG","1416148928","{\"orderID\":\"612\",\"orderDetailId\":1545}","0","0","sub","612");
INSERT INTO transaction VALUES("1748","37","X","-15","ML","1416148928","{\"orderID\":\"612\",\"orderDetailId\":1545}","0","0","sub","612");
INSERT INTO transaction VALUES("1749","53","X","-2","Trai","1416148928","{\"orderID\":\"612\",\"orderDetailId\":1545}","0","0","sub","612");
INSERT INTO transaction VALUES("1750","30","X","-0.5","Trai","1416148928","{\"orderID\":\"612\",\"orderDetailId\":1546}","0","0","sub","612");
INSERT INTO transaction VALUES("1751","53","X","-3","Trai","1416148928","{\"orderID\":\"612\",\"orderDetailId\":1546}","0","0","sub","612");
INSERT INTO transaction VALUES("1752","47","X","-0.5","Trai","1416148928","{\"orderID\":\"612\",\"orderDetailId\":1546}","0","0","sub","612");
INSERT INTO transaction VALUES("1753","21","X","-20","ML","1416148928","{\"orderID\":\"612\",\"orderDetailId\":1546}","0","0","sub","612");
INSERT INTO transaction VALUES("1754","46","X","-30","ML","1416148928","{\"orderID\":\"612\",\"orderDetailId\":1546}","0","0","sub","612");
INSERT INTO transaction VALUES("1755","46","X","-50","ML","1416149154","{\"orderID\":\"613\",\"orderDetailId\":1547}","0","0","sub","613");
INSERT INTO transaction VALUES("1756","22","X","-10","G","1416149154","{\"orderID\":\"613\",\"orderDetailId\":1547}","0","0","sub","613");
INSERT INTO transaction VALUES("1757","56","X","-10","G","1416149154","{\"orderID\":\"613\",\"orderDetailId\":1547}","0","0","sub","613");
INSERT INTO transaction VALUES("1758","21","X","-30","ML","1416149154","{\"orderID\":\"613\",\"orderDetailId\":1547}","0","0","sub","613");
INSERT INTO transaction VALUES("1759","55","X","-8","Cai","1416149154","{\"orderID\":\"613\",\"orderDetailId\":1547}","0","0","sub","613");
INSERT INTO transaction VALUES("1760","43","X","-22.5","ML","1416149154","{\"orderID\":\"613\",\"orderDetailId\":1547}","0","0","sub","613");
INSERT INTO transaction VALUES("1761","44","X","-22.5","ML","1416149154","{\"orderID\":\"613\",\"orderDetailId\":1547}","0","0","sub","613");
INSERT INTO transaction VALUES("1762","45","X","-2","Cai","1416149154","{\"orderID\":\"613\",\"orderDetailId\":1548}","0","0","sub","613");
INSERT INTO transaction VALUES("1763","23","X","-20","G","1416149154","{\"orderID\":\"613\",\"orderDetailId\":1548}","0","0","sub","613");
INSERT INTO transaction VALUES("1764","21","X","-10","ML","1416149154","{\"orderID\":\"613\",\"orderDetailId\":1548}","0","0","sub","613");
INSERT INTO transaction VALUES("1765","46","X","-40","ML","1416149154","{\"orderID\":\"613\",\"orderDetailId\":1548}","0","0","sub","613");
INSERT INTO transaction VALUES("1766","25","X","-20","G","1416149154","{\"orderID\":\"613\",\"orderDetailId\":1548}","0","0","sub","613");
INSERT INTO transaction VALUES("1767","17","X","-5","G","1416149154","{\"orderID\":\"613\",\"orderDetailId\":1548}","0","0","sub","613");
INSERT INTO transaction VALUES("1768","43","X","-22.5","ML","1416149154","{\"orderID\":\"613\",\"orderDetailId\":1548}","0","0","sub","613");
INSERT INTO transaction VALUES("1769","44","X","-22.5","ML","1416149154","{\"orderID\":\"613\",\"orderDetailId\":1548}","0","0","sub","613");
INSERT INTO transaction VALUES("1770","3","X","-15","ML","1416149154","{\"orderID\":\"613\",\"orderDetailId\":1548}","0","0","sub","613");
INSERT INTO transaction VALUES("1771","11","X","-20","ML","1416149154","{\"orderID\":\"613\",\"orderDetailId\":1549}","0","0","sub","613");
INSERT INTO transaction VALUES("1772","19","X","-5","ML","1416149154","{\"orderID\":\"613\",\"orderDetailId\":1549}","0","0","sub","613");
INSERT INTO transaction VALUES("1773","10","X","-5","ML","1416149154","{\"orderID\":\"613\",\"orderDetailId\":1549}","0","0","sub","613");
INSERT INTO transaction VALUES("1774","52","X","-150","ML","1416149154","{\"orderID\":\"613\",\"orderDetailId\":1549}","0","0","sub","613");
INSERT INTO transaction VALUES("1775","44","X","-22.5","ML","1416149154","{\"orderID\":\"613\",\"orderDetailId\":1549}","0","0","sub","613");
INSERT INTO transaction VALUES("1776","43","X","-22.5","ML","1416149154","{\"orderID\":\"613\",\"orderDetailId\":1549}","0","0","sub","613");
INSERT INTO transaction VALUES("1777","7","X","-40","ML","1416149154","{\"orderID\":\"613\",\"orderDetailId\":1550}","0","0","sub","613");
INSERT INTO transaction VALUES("1778","12","X","-20","ML","1416149154","{\"orderID\":\"613\",\"orderDetailId\":1550}","0","0","sub","613");
INSERT INTO transaction VALUES("1779","21","X","-20","ML","1416149154","{\"orderID\":\"613\",\"orderDetailId\":1550}","0","0","sub","613");
INSERT INTO transaction VALUES("1780","46","X","-10","ML","1416149154","{\"orderID\":\"613\",\"orderDetailId\":1550}","0","0","sub","613");
INSERT INTO transaction VALUES("1781","30","X","-0.5","Trai","1416149154","{\"orderID\":\"613\",\"orderDetailId\":1551}","0","0","sub","613");
INSERT INTO transaction VALUES("1782","53","X","-3","Trai","1416149154","{\"orderID\":\"613\",\"orderDetailId\":1551}","0","0","sub","613");
INSERT INTO transaction VALUES("1783","47","X","-0.5","Trai","1416149154","{\"orderID\":\"613\",\"orderDetailId\":1551}","0","0","sub","613");
INSERT INTO transaction VALUES("1784","21","X","-20","ML","1416149154","{\"orderID\":\"613\",\"orderDetailId\":1551}","0","0","sub","613");
INSERT INTO transaction VALUES("1785","46","X","-30","ML","1416149154","{\"orderID\":\"613\",\"orderDetailId\":1551}","0","0","sub","613");
INSERT INTO transaction VALUES("1786","18","X","-10","ML","1416149154","{\"orderID\":\"613\",\"orderDetailId\":1552}","0","0","sub","613");
INSERT INTO transaction VALUES("1787","37","X","-20","ML","1416149154","{\"orderID\":\"613\",\"orderDetailId\":1552}","0","0","sub","613");
INSERT INTO transaction VALUES("1788","52","X","-150","ML","1416149154","{\"orderID\":\"613\",\"orderDetailId\":1552}","0","0","sub","613");
INSERT INTO transaction VALUES("1789","43","X","-22.5","ML","1416149154","{\"orderID\":\"613\",\"orderDetailId\":1552}","0","0","sub","613");
INSERT INTO transaction VALUES("1790","44","X","-22.5","ML","1416149154","{\"orderID\":\"613\",\"orderDetailId\":1552}","0","0","sub","613");
INSERT INTO transaction VALUES("1791","8","X","-30","ML","1416149154","{\"orderID\":\"613\",\"orderDetailId\":1553}","0","0","sub","613");
INSERT INTO transaction VALUES("1792","52","X","-150","ML","1416149155","{\"orderID\":\"613\",\"orderDetailId\":1553}","0","0","sub","613");
INSERT INTO transaction VALUES("1793","43","X","-22.5","ML","1416149155","{\"orderID\":\"613\",\"orderDetailId\":1553}","0","0","sub","613");
INSERT INTO transaction VALUES("1794","44","X","-22.5","ML","1416149155","{\"orderID\":\"613\",\"orderDetailId\":1553}","0","0","sub","613");
INSERT INTO transaction VALUES("1795","21","X","-10","ML","1416149155","{\"orderID\":\"613\",\"orderDetailId\":1554}","0","0","sub","613");
INSERT INTO transaction VALUES("1796","2","X","-15","ML","1416149155","{\"orderID\":\"613\",\"orderDetailId\":1554}","0","0","sub","613");
INSERT INTO transaction VALUES("1797","25","X","-20","G","1416149155","{\"orderID\":\"613\",\"orderDetailId\":1554}","0","0","sub","613");
INSERT INTO transaction VALUES("1798","39","X","-8","G","1416149155","{\"orderID\":\"613\",\"orderDetailId\":1554}","0","0","sub","613");
INSERT INTO transaction VALUES("1799","44","X","-22.5","ML","1416149155","{\"orderID\":\"613\",\"orderDetailId\":1554}","0","0","sub","613");
INSERT INTO transaction VALUES("1800","43","X","-22.5","ML","1416149155","{\"orderID\":\"613\",\"orderDetailId\":1554}","0","0","sub","613");
INSERT INTO transaction VALUES("1801","54","X","-8","Cai","1416149155","{\"orderID\":\"613\",\"orderDetailId\":1554}","0","0","sub","613");
INSERT INTO transaction VALUES("1802","31","X","-1","Trai","1416149208","{\"orderID\":\"615\",\"orderDetailId\":1555}","0","0","sub","615");
INSERT INTO transaction VALUES("1803","34","X","-0.125","Trai","1416149966","{\"orderID\":617,\"orderDetailId\":1556}","0","0","sub","617");
INSERT INTO transaction VALUES("1804","31","X","-0.125","Trai","1416149966","{\"orderID\":617,\"orderDetailId\":1556}","0","0","sub","617");
INSERT INTO transaction VALUES("1805","33","X","-0.125","Trai","1416149966","{\"orderID\":617,\"orderDetailId\":1556}","0","0","sub","617");
INSERT INTO transaction VALUES("1806","49","X","-1","KG","1416149966","{\"orderID\":617,\"orderDetailId\":1556}","0","0","sub","617");
INSERT INTO transaction VALUES("1807","37","X","-15","ML","1416149966","{\"orderID\":617,\"orderDetailId\":1556}","0","0","sub","617");
INSERT INTO transaction VALUES("1808","53","X","-2","Trai","1416149966","{\"orderID\":617,\"orderDetailId\":1556}","0","0","sub","617");
INSERT INTO transaction VALUES("1809","51","X","-1","Goi","1416150009","{\"orderID\":618,\"orderDetailId\":1557}","0","0","sub","618");
INSERT INTO transaction VALUES("1810","14","X","-30","ML","1416150009","{\"orderID\":618,\"orderDetailId\":1557}","0","0","sub","618");
INSERT INTO transaction VALUES("1811","27","X","-20","G","1416150104","{\"orderID\":\"614\",\"orderDetailId\":1558}","0","0","sub","614");
INSERT INTO transaction VALUES("1812","42","X","-1","Hu","1416150104","{\"orderID\":\"614\",\"orderDetailId\":1558}","0","0","sub","614");
INSERT INTO transaction VALUES("1813","39","X","-30","G","1416150104","{\"orderID\":\"614\",\"orderDetailId\":1559}","0","0","sub","614");
INSERT INTO transaction VALUES("1814","11","X","-40","ML","1416150509","{\"orderID\":619,\"orderDetailId\":1560}","0","0","sub","619");
INSERT INTO transaction VALUES("1815","19","X","-10","ML","1416150509","{\"orderID\":619,\"orderDetailId\":1560}","0","0","sub","619");
INSERT INTO transaction VALUES("1816","10","X","-10","ML","1416150509","{\"orderID\":619,\"orderDetailId\":1560}","0","0","sub","619");
INSERT INTO transaction VALUES("1817","52","X","-300","ML","1416150509","{\"orderID\":619,\"orderDetailId\":1560}","0","0","sub","619");
INSERT INTO transaction VALUES("1818","44","X","-45","ML","1416150509","{\"orderID\":619,\"orderDetailId\":1560}","0","0","sub","619");
INSERT INTO transaction VALUES("1819","43","X","-45","ML","1416150509","{\"orderID\":619,\"orderDetailId\":1560}","0","0","sub","619");
INSERT INTO transaction VALUES("1820","34","X","-0.125","Trai","1416150509","{\"orderID\":619,\"orderDetailId\":1561}","0","0","sub","619");
INSERT INTO transaction VALUES("1821","31","X","-0.125","Trai","1416150509","{\"orderID\":619,\"orderDetailId\":1561}","0","0","sub","619");
INSERT INTO transaction VALUES("1822","33","X","-0.125","Trai","1416150509","{\"orderID\":619,\"orderDetailId\":1561}","0","0","sub","619");
INSERT INTO transaction VALUES("1823","49","X","-1","KG","1416150509","{\"orderID\":619,\"orderDetailId\":1561}","0","0","sub","619");
INSERT INTO transaction VALUES("1824","37","X","-15","ML","1416150509","{\"orderID\":619,\"orderDetailId\":1561}","0","0","sub","619");
INSERT INTO transaction VALUES("1825","53","X","-2","Trai","1416150509","{\"orderID\":619,\"orderDetailId\":1561}","0","0","sub","619");
INSERT INTO transaction VALUES("1893","36","X","-15","ML","1416196675","{\"orderID\":\"621\",\"orderDetailId\":1584}","0","0","sub","621");
INSERT INTO transaction VALUES("1894","15","X","-15","ML","1416196675","{\"orderID\":\"621\",\"orderDetailId\":1584}","0","0","sub","621");
INSERT INTO transaction VALUES("1895","52","X","-150","ML","1416196675","{\"orderID\":\"621\",\"orderDetailId\":1584}","0","0","sub","621");
INSERT INTO transaction VALUES("1896","43","X","-22.5","ML","1416196675","{\"orderID\":\"621\",\"orderDetailId\":1584}","0","0","sub","621");
INSERT INTO transaction VALUES("1897","44","X","-22.5","ML","1416196675","{\"orderID\":\"621\",\"orderDetailId\":1584}","0","0","sub","621");
INSERT INTO transaction VALUES("1898","21","X","-40","ML","1416196675","{\"orderID\":\"621\",\"orderDetailId\":1585}","0","0","sub","621");
INSERT INTO transaction VALUES("1899","39","X","-60","G","1416196675","{\"orderID\":\"621\",\"orderDetailId\":1585}","0","0","sub","621");
INSERT INTO transaction VALUES("1946","39","X","-150","G","1416201199","{\"orderID\":\"620\",\"orderDetailId\":1604}","0","0","sub","620");
INSERT INTO transaction VALUES("1947","21","X","-10","ML","1416201199","{\"orderID\":\"620\",\"orderDetailId\":1605}","0","0","sub","620");
INSERT INTO transaction VALUES("1948","2","X","-15","ML","1416201199","{\"orderID\":\"620\",\"orderDetailId\":1605}","0","0","sub","620");
INSERT INTO transaction VALUES("1949","25","X","-20","G","1416201199","{\"orderID\":\"620\",\"orderDetailId\":1605}","0","0","sub","620");
INSERT INTO transaction VALUES("1950","39","X","-8","G","1416201199","{\"orderID\":\"620\",\"orderDetailId\":1605}","0","0","sub","620");
INSERT INTO transaction VALUES("1951","44","X","-22.5","ML","1416201199","{\"orderID\":\"620\",\"orderDetailId\":1605}","0","0","sub","620");
INSERT INTO transaction VALUES("1952","43","X","-22.5","ML","1416201199","{\"orderID\":\"620\",\"orderDetailId\":1605}","0","0","sub","620");
INSERT INTO transaction VALUES("1953","54","X","-8","Cai","1416201199","{\"orderID\":\"620\",\"orderDetailId\":1605}","0","0","sub","620");
INSERT INTO transaction VALUES("1954","21","X","-20","ML","1416201199","{\"orderID\":\"620\",\"orderDetailId\":1606}","0","0","sub","620");
INSERT INTO transaction VALUES("1955","39","X","-30","G","1416201199","{\"orderID\":\"620\",\"orderDetailId\":1606}","0","0","sub","620");
INSERT INTO transaction VALUES("1956","27","X","-20","G","1416204615","{\"orderID\":629,\"orderDetailId\":1613}","0","0","sub","629");
INSERT INTO transaction VALUES("1957","42","X","-1","Hu","1416204615","{\"orderID\":629,\"orderDetailId\":1613}","0","0","sub","629");
INSERT INTO transaction VALUES("1965","40","X","-2","Trai","1416212832","{\"orderID\":\"623\",\"orderDetailId\":1616}","0","0","sub","623");
INSERT INTO transaction VALUES("1966","22","X","-10","G","1416212832","{\"orderID\":\"623\",\"orderDetailId\":1618}","0","0","sub","623");
INSERT INTO transaction VALUES("1967","56","X","-10","G","1416212833","{\"orderID\":\"623\",\"orderDetailId\":1618}","0","0","sub","623");
INSERT INTO transaction VALUES("1968","46","X","-50","ML","1416212833","{\"orderID\":\"623\",\"orderDetailId\":1618}","0","0","sub","623");
INSERT INTO transaction VALUES("1969","21","X","-30","ML","1416212833","{\"orderID\":\"623\",\"orderDetailId\":1618}","0","0","sub","623");
INSERT INTO transaction VALUES("1970","43","X","-22.5","ML","1416212833","{\"orderID\":\"623\",\"orderDetailId\":1618}","0","0","sub","623");
INSERT INTO transaction VALUES("1971","44","X","-22.5","ML","1416212833","{\"orderID\":\"623\",\"orderDetailId\":1618}","0","0","sub","623");
INSERT INTO transaction VALUES("1972","8","X","-30","ML","1416212833","{\"orderID\":\"623\",\"orderDetailId\":1619}","0","0","sub","623");
INSERT INTO transaction VALUES("1973","52","X","-150","ML","1416212833","{\"orderID\":\"623\",\"orderDetailId\":1619}","0","0","sub","623");
INSERT INTO transaction VALUES("1974","43","X","-22.5","ML","1416212833","{\"orderID\":\"623\",\"orderDetailId\":1619}","0","0","sub","623");
INSERT INTO transaction VALUES("1975","44","X","-22.5","ML","1416212833","{\"orderID\":\"623\",\"orderDetailId\":1619}","0","0","sub","623");
INSERT INTO transaction VALUES("1976","25","X","-20","G","1416212833","{\"orderID\":\"623\",\"orderDetailId\":1620}","0","0","sub","623");
INSERT INTO transaction VALUES("1977","23","X","-20","G","1416212833","{\"orderID\":\"623\",\"orderDetailId\":1620}","0","0","sub","623");
INSERT INTO transaction VALUES("1978","46","X","-40","ML","1416212833","{\"orderID\":\"623\",\"orderDetailId\":1620}","0","0","sub","623");
INSERT INTO transaction VALUES("1979","21","X","-30","ML","1416212833","{\"orderID\":\"623\",\"orderDetailId\":1620}","0","0","sub","623");
INSERT INTO transaction VALUES("1980","54","X","-8","Cai","1416212833","{\"orderID\":\"623\",\"orderDetailId\":1620}","0","0","sub","623");
INSERT INTO transaction VALUES("1981","43","X","-22.5","ML","1416212833","{\"orderID\":\"623\",\"orderDetailId\":1620}","0","0","sub","623");
INSERT INTO transaction VALUES("1982","44","X","-22.5","ML","1416212833","{\"orderID\":\"623\",\"orderDetailId\":1620}","0","0","sub","623");
INSERT INTO transaction VALUES("1983","53","X","-3","Trai","1416216292","{\"orderID\":631,\"orderDetailId\":1622}","0","0","sub","631");
INSERT INTO transaction VALUES("1984","34","X","-0.125","Trai","1416216292","{\"orderID\":631,\"orderDetailId\":1622}","0","0","sub","631");
INSERT INTO transaction VALUES("1985","35","X","-0.167","Trai","1416216292","{\"orderID\":631,\"orderDetailId\":1622}","0","0","sub","631");
INSERT INTO transaction VALUES("1986","42","X","-0.5","Hu","1416216292","{\"orderID\":631,\"orderDetailId\":1622}","0","0","sub","631");
INSERT INTO transaction VALUES("1993","31","X","-0.5","Trai","1416216844","{\"orderID\":\"632\",\"orderDetailId\":1625}","0","0","sub","632");
INSERT INTO transaction VALUES("1994","33","X","-0.5","Trai","1416216844","{\"orderID\":\"632\",\"orderDetailId\":1625}","0","0","sub","632");
INSERT INTO transaction VALUES("2002","21","X","-10","ML","1416216975","{\"orderID\":\"630\",\"orderDetailId\":1629}","0","0","sub","630");
INSERT INTO transaction VALUES("2003","2","X","-15","ML","1416216975","{\"orderID\":\"630\",\"orderDetailId\":1629}","0","0","sub","630");
INSERT INTO transaction VALUES("2004","25","X","-20","G","1416216975","{\"orderID\":\"630\",\"orderDetailId\":1629}","0","0","sub","630");
INSERT INTO transaction VALUES("2005","39","X","-8","G","1416216975","{\"orderID\":\"630\",\"orderDetailId\":1629}","0","0","sub","630");
INSERT INTO transaction VALUES("2006","44","X","-22.5","ML","1416216975","{\"orderID\":\"630\",\"orderDetailId\":1629}","0","0","sub","630");
INSERT INTO transaction VALUES("2007","43","X","-22.5","ML","1416216975","{\"orderID\":\"630\",\"orderDetailId\":1629}","0","0","sub","630");
INSERT INTO transaction VALUES("2008","54","X","-8","Cai","1416216975","{\"orderID\":\"630\",\"orderDetailId\":1629}","0","0","sub","630");
INSERT INTO transaction VALUES("2009","53","X","-3","Trai","1416217159","{\"orderID\":\"633\",\"orderDetailId\":1630}","0","0","sub","633");
INSERT INTO transaction VALUES("2010","34","X","-0.125","Trai","1416217159","{\"orderID\":\"633\",\"orderDetailId\":1630}","0","0","sub","633");
INSERT INTO transaction VALUES("2011","35","X","-0.167","Trai","1416217159","{\"orderID\":\"633\",\"orderDetailId\":1630}","0","0","sub","633");
INSERT INTO transaction VALUES("2012","42","X","-0.5","Hu","1416217159","{\"orderID\":\"633\",\"orderDetailId\":1630}","0","0","sub","633");
INSERT INTO transaction VALUES("2090","45","X","-2","Cai","1416225357","{\"orderID\":\"634\",\"orderDetailId\":1643}","0","0","sub","634");
INSERT INTO transaction VALUES("2091","23","X","-20","G","1416225357","{\"orderID\":\"634\",\"orderDetailId\":1643}","0","0","sub","634");
INSERT INTO transaction VALUES("2092","21","X","-10","ML","1416225357","{\"orderID\":\"634\",\"orderDetailId\":1643}","0","0","sub","634");
INSERT INTO transaction VALUES("2093","46","X","-40","ML","1416225357","{\"orderID\":\"634\",\"orderDetailId\":1643}","0","0","sub","634");
INSERT INTO transaction VALUES("2094","25","X","-20","G","1416225357","{\"orderID\":\"634\",\"orderDetailId\":1643}","0","0","sub","634");
INSERT INTO transaction VALUES("2095","17","X","-5","G","1416225357","{\"orderID\":\"634\",\"orderDetailId\":1643}","0","0","sub","634");
INSERT INTO transaction VALUES("2096","43","X","-22.5","ML","1416225357","{\"orderID\":\"634\",\"orderDetailId\":1643}","0","0","sub","634");
INSERT INTO transaction VALUES("2097","44","X","-22.5","ML","1416225357","{\"orderID\":\"634\",\"orderDetailId\":1643}","0","0","sub","634");
INSERT INTO transaction VALUES("2098","3","X","-15","ML","1416225357","{\"orderID\":\"634\",\"orderDetailId\":1643}","0","0","sub","634");
INSERT INTO transaction VALUES("2099","25","X","-20","G","1416226346","{\"orderID\":\"635\",\"orderDetailId\":1644}","0","0","sub","635");
INSERT INTO transaction VALUES("2100","23","X","-20","G","1416226346","{\"orderID\":\"635\",\"orderDetailId\":1644}","0","0","sub","635");
INSERT INTO transaction VALUES("2101","46","X","-40","ML","1416226346","{\"orderID\":\"635\",\"orderDetailId\":1644}","0","0","sub","635");
INSERT INTO transaction VALUES("2102","21","X","-30","ML","1416226346","{\"orderID\":\"635\",\"orderDetailId\":1644}","0","0","sub","635");
INSERT INTO transaction VALUES("2103","54","X","-8","Cai","1416226346","{\"orderID\":\"635\",\"orderDetailId\":1644}","0","0","sub","635");
INSERT INTO transaction VALUES("2104","43","X","-22.5","ML","1416226346","{\"orderID\":\"635\",\"orderDetailId\":1644}","0","0","sub","635");
INSERT INTO transaction VALUES("2105","44","X","-22.5","ML","1416226346","{\"orderID\":\"635\",\"orderDetailId\":1644}","0","0","sub","635");
INSERT INTO transaction VALUES("2106","21","X","-10","ML","1416226346","{\"orderID\":\"635\",\"orderDetailId\":1645}","0","0","sub","635");
INSERT INTO transaction VALUES("2107","2","X","-15","ML","1416226346","{\"orderID\":\"635\",\"orderDetailId\":1645}","0","0","sub","635");
INSERT INTO transaction VALUES("2108","25","X","-20","G","1416226346","{\"orderID\":\"635\",\"orderDetailId\":1645}","0","0","sub","635");
INSERT INTO transaction VALUES("2109","39","X","-8","G","1416226346","{\"orderID\":\"635\",\"orderDetailId\":1645}","0","0","sub","635");
INSERT INTO transaction VALUES("2110","44","X","-22.5","ML","1416226346","{\"orderID\":\"635\",\"orderDetailId\":1645}","0","0","sub","635");
INSERT INTO transaction VALUES("2111","43","X","-22.5","ML","1416226346","{\"orderID\":\"635\",\"orderDetailId\":1645}","0","0","sub","635");
INSERT INTO transaction VALUES("2112","54","X","-8","Cai","1416226346","{\"orderID\":\"635\",\"orderDetailId\":1645}","0","0","sub","635");
INSERT INTO transaction VALUES("2113","45","X","-2","Cai","1416226346","{\"orderID\":\"635\",\"orderDetailId\":1646}","0","0","sub","635");
INSERT INTO transaction VALUES("2114","21","X","-10","ML","1416226346","{\"orderID\":\"635\",\"orderDetailId\":1646}","0","0","sub","635");
INSERT INTO transaction VALUES("2115","46","X","-60","ML","1416226346","{\"orderID\":\"635\",\"orderDetailId\":1646}","0","0","sub","635");
INSERT INTO transaction VALUES("2116","25","X","-20","G","1416226346","{\"orderID\":\"635\",\"orderDetailId\":1646}","0","0","sub","635");
INSERT INTO transaction VALUES("2117","44","X","-22.5","ML","1416226346","{\"orderID\":\"635\",\"orderDetailId\":1646}","0","0","sub","635");
INSERT INTO transaction VALUES("2118","43","X","-22.5","ML","1416226346","{\"orderID\":\"635\",\"orderDetailId\":1646}","0","0","sub","635");
INSERT INTO transaction VALUES("2119","13","X","-15","ML","1416226346","{\"orderID\":\"635\",\"orderDetailId\":1646}","0","0","sub","635");
INSERT INTO transaction VALUES("2120","13","X","-20","ML","1416226346","{\"orderID\":\"635\",\"orderDetailId\":1647}","0","0","sub","635");
INSERT INTO transaction VALUES("2121","40","X","-0.5","Trai","1416226346","{\"orderID\":\"635\",\"orderDetailId\":1647}","0","0","sub","635");
INSERT INTO transaction VALUES("2122","52","X","-150","ML","1416226346","{\"orderID\":\"635\",\"orderDetailId\":1647}","0","0","sub","635");
INSERT INTO transaction VALUES("2123","44","X","-22.5","ML","1416226346","{\"orderID\":\"635\",\"orderDetailId\":1647}","0","0","sub","635");
INSERT INTO transaction VALUES("2124","43","X","-22.5","ML","1416226346","{\"orderID\":\"635\",\"orderDetailId\":1647}","0","0","sub","635");
INSERT INTO transaction VALUES("2125","21","X","-40","ML","1416226387","{\"orderID\":\"636\",\"orderDetailId\":1648}","0","0","sub","636");
INSERT INTO transaction VALUES("2126","39","X","-60","G","1416226387","{\"orderID\":\"636\",\"orderDetailId\":1648}","0","0","sub","636");
INSERT INTO transaction VALUES("2127","46","X","-50","ML","1416226627","{\"orderID\":637,\"orderDetailId\":1649}","0","0","sub","637");
INSERT INTO transaction VALUES("2128","22","X","-10","G","1416226627","{\"orderID\":637,\"orderDetailId\":1649}","0","0","sub","637");
INSERT INTO transaction VALUES("2129","56","X","-10","G","1416226627","{\"orderID\":637,\"orderDetailId\":1649}","0","0","sub","637");
INSERT INTO transaction VALUES("2130","21","X","-30","ML","1416226627","{\"orderID\":637,\"orderDetailId\":1649}","0","0","sub","637");
INSERT INTO transaction VALUES("2131","55","X","-8","Cai","1416226627","{\"orderID\":637,\"orderDetailId\":1649}","0","0","sub","637");
INSERT INTO transaction VALUES("2132","43","X","-22.5","ML","1416226627","{\"orderID\":637,\"orderDetailId\":1649}","0","0","sub","637");
INSERT INTO transaction VALUES("2133","44","X","-22.5","ML","1416226627","{\"orderID\":637,\"orderDetailId\":1649}","0","0","sub","637");
INSERT INTO transaction VALUES("2134","46","X","-50","ML","1416226916","{\"orderID\":638,\"orderDetailId\":1650}","0","0","sub","638");
INSERT INTO transaction VALUES("2135","22","X","-10","G","1416226916","{\"orderID\":638,\"orderDetailId\":1650}","0","0","sub","638");
INSERT INTO transaction VALUES("2136","56","X","-10","G","1416226916","{\"orderID\":638,\"orderDetailId\":1650}","0","0","sub","638");
INSERT INTO transaction VALUES("2137","21","X","-30","ML","1416226916","{\"orderID\":638,\"orderDetailId\":1650}","0","0","sub","638");
INSERT INTO transaction VALUES("2138","55","X","-8","Cai","1416226916","{\"orderID\":638,\"orderDetailId\":1650}","0","0","sub","638");
INSERT INTO transaction VALUES("2139","43","X","-22.5","ML","1416226916","{\"orderID\":638,\"orderDetailId\":1650}","0","0","sub","638");
INSERT INTO transaction VALUES("2140","44","X","-22.5","ML","1416226916","{\"orderID\":638,\"orderDetailId\":1650}","0","0","sub","638");
INSERT INTO transaction VALUES("2162","46","X","-50","ML","1416289995","{\"orderID\":\"640\",\"orderDetailId\":1673}","0","0","sub","640");
INSERT INTO transaction VALUES("2163","22","X","-10","G","1416289995","{\"orderID\":\"640\",\"orderDetailId\":1673}","0","0","sub","640");
INSERT INTO transaction VALUES("2164","56","X","-10","G","1416289995","{\"orderID\":\"640\",\"orderDetailId\":1673}","0","0","sub","640");
INSERT INTO transaction VALUES("2165","21","X","-30","ML","1416289995","{\"orderID\":\"640\",\"orderDetailId\":1673}","0","0","sub","640");
INSERT INTO transaction VALUES("2166","55","X","-8","Cai","1416289995","{\"orderID\":\"640\",\"orderDetailId\":1673}","0","0","sub","640");
INSERT INTO transaction VALUES("2167","43","X","-22.5","ML","1416289995","{\"orderID\":\"640\",\"orderDetailId\":1673}","0","0","sub","640");
INSERT INTO transaction VALUES("2168","44","X","-22.5","ML","1416289995","{\"orderID\":\"640\",\"orderDetailId\":1673}","0","0","sub","640");
INSERT INTO transaction VALUES("2169","53","X","-3","Trai","1416291299","{\"orderID\":\"648\",\"orderDetailId\":1679}","0","0","sub","648");
INSERT INTO transaction VALUES("2170","34","X","-0.125","Trai","1416291299","{\"orderID\":\"648\",\"orderDetailId\":1679}","0","0","sub","648");
INSERT INTO transaction VALUES("2171","3","X","-15","ML","1416291299","{\"orderID\":\"648\",\"orderDetailId\":1679}","0","0","sub","648");
INSERT INTO transaction VALUES("2172","21","X","-30","ML","1416291299","{\"orderID\":\"648\",\"orderDetailId\":1679}","0","0","sub","648");
INSERT INTO transaction VALUES("2206","21","X","-20","ML","1416302038","{\"orderID\":\"650\",\"orderDetailId\":1696}","0","0","sub","650");
INSERT INTO transaction VALUES("2207","2","X","-30","ML","1416302038","{\"orderID\":\"650\",\"orderDetailId\":1696}","0","0","sub","650");
INSERT INTO transaction VALUES("2208","25","X","-40","G","1416302038","{\"orderID\":\"650\",\"orderDetailId\":1696}","0","0","sub","650");
INSERT INTO transaction VALUES("2209","39","X","-16","G","1416302038","{\"orderID\":\"650\",\"orderDetailId\":1696}","0","0","sub","650");
INSERT INTO transaction VALUES("2210","44","X","-45","ML","1416302038","{\"orderID\":\"650\",\"orderDetailId\":1696}","0","0","sub","650");
INSERT INTO transaction VALUES("2211","43","X","-45","ML","1416302038","{\"orderID\":\"650\",\"orderDetailId\":1696}","0","0","sub","650");
INSERT INTO transaction VALUES("2212","54","X","-16","Cai","1416302038","{\"orderID\":\"650\",\"orderDetailId\":1696}","0","0","sub","650");
INSERT INTO transaction VALUES("2213","30","X","-2","Trai","1416302038","{\"orderID\":\"650\",\"orderDetailId\":1697}","0","0","sub","650");
INSERT INTO transaction VALUES("2214","32","X","-1","Trai","1416302038","{\"orderID\":\"650\",\"orderDetailId\":1698}","0","0","sub","650");
INSERT INTO transaction VALUES("2215","39","X","-30","G","1416302038","{\"orderID\":\"650\",\"orderDetailId\":1700}","0","0","sub","650");
INSERT INTO transaction VALUES("2216","39","X","-30","G","1416302164","{\"orderID\":651,\"orderDetailId\":1701}","0","0","sub","651");
INSERT INTO transaction VALUES("2217","21","X","-20","ML","1416302164","{\"orderID\":651,\"orderDetailId\":1702}","0","0","sub","651");
INSERT INTO transaction VALUES("2218","2","X","-30","ML","1416302164","{\"orderID\":651,\"orderDetailId\":1702}","0","0","sub","651");
INSERT INTO transaction VALUES("2219","25","X","-40","G","1416302164","{\"orderID\":651,\"orderDetailId\":1702}","0","0","sub","651");
INSERT INTO transaction VALUES("2220","39","X","-16","G","1416302164","{\"orderID\":651,\"orderDetailId\":1702}","0","0","sub","651");
INSERT INTO transaction VALUES("2221","44","X","-45","ML","1416302164","{\"orderID\":651,\"orderDetailId\":1702}","0","0","sub","651");
INSERT INTO transaction VALUES("2222","43","X","-45","ML","1416302164","{\"orderID\":651,\"orderDetailId\":1702}","0","0","sub","651");
INSERT INTO transaction VALUES("2223","54","X","-16","Cai","1416302164","{\"orderID\":651,\"orderDetailId\":1702}","0","0","sub","651");
INSERT INTO transaction VALUES("2224","30","X","-2","Trai","1416302164","{\"orderID\":651,\"orderDetailId\":1703}","0","0","sub","651");
INSERT INTO transaction VALUES("2225","32","X","-1","Trai","1416302164","{\"orderID\":651,\"orderDetailId\":1704}","0","0","sub","651");
INSERT INTO transaction VALUES("2226","53","X","-6","Trai","1416302948","{\"orderID\":652,\"orderDetailId\":1706}","0","0","sub","652");
INSERT INTO transaction VALUES("2227","46","X","-30","ML","1416302948","{\"orderID\":652,\"orderDetailId\":1706}","0","0","sub","652");
INSERT INTO transaction VALUES("2228","21","X","-20","ML","1416302948","{\"orderID\":652,\"orderDetailId\":1706}","0","0","sub","652");
INSERT INTO transaction VALUES("2229","18","X","-15","ML","1416302948","{\"orderID\":652,\"orderDetailId\":1706}","0","0","sub","652");
INSERT INTO transaction VALUES("2248","36","X","-15","ML","1416311958","{\"orderID\":\"653\",\"orderDetailId\":1710}","0","0","sub","653");
INSERT INTO transaction VALUES("2249","15","X","-15","ML","1416311958","{\"orderID\":\"653\",\"orderDetailId\":1710}","0","0","sub","653");
INSERT INTO transaction VALUES("2250","52","X","-150","ML","1416311958","{\"orderID\":\"653\",\"orderDetailId\":1710}","0","0","sub","653");
INSERT INTO transaction VALUES("2251","43","X","-22.5","ML","1416311958","{\"orderID\":\"653\",\"orderDetailId\":1710}","0","0","sub","653");
INSERT INTO transaction VALUES("2252","44","X","-22.5","ML","1416311958","{\"orderID\":\"653\",\"orderDetailId\":1710}","0","0","sub","653");
INSERT INTO transaction VALUES("2253","46","X","-50","ML","1416311958","{\"orderID\":\"653\",\"orderDetailId\":1711}","0","0","sub","653");
INSERT INTO transaction VALUES("2254","22","X","-10","G","1416311958","{\"orderID\":\"653\",\"orderDetailId\":1711}","0","0","sub","653");
INSERT INTO transaction VALUES("2255","56","X","-10","G","1416311958","{\"orderID\":\"653\",\"orderDetailId\":1711}","0","0","sub","653");
INSERT INTO transaction VALUES("2256","21","X","-30","ML","1416311958","{\"orderID\":\"653\",\"orderDetailId\":1711}","0","0","sub","653");
INSERT INTO transaction VALUES("2257","55","X","-8","Cai","1416311958","{\"orderID\":\"653\",\"orderDetailId\":1711}","0","0","sub","653");
INSERT INTO transaction VALUES("2258","43","X","-22.5","ML","1416311958","{\"orderID\":\"653\",\"orderDetailId\":1711}","0","0","sub","653");
INSERT INTO transaction VALUES("2259","44","X","-22.5","ML","1416311958","{\"orderID\":\"653\",\"orderDetailId\":1711}","0","0","sub","653");
INSERT INTO transaction VALUES("2260","8","X","-20","ML","1416311958","{\"orderID\":\"653\",\"orderDetailId\":1712}","0","0","sub","653");
INSERT INTO transaction VALUES("2261","3","X","-5","ML","1416311958","{\"orderID\":\"653\",\"orderDetailId\":1712}","0","0","sub","653");
INSERT INTO transaction VALUES("2262","5","X","-5","ML","1416311958","{\"orderID\":\"653\",\"orderDetailId\":1712}","0","0","sub","653");
INSERT INTO transaction VALUES("2263","52","X","-150","ML","1416311958","{\"orderID\":\"653\",\"orderDetailId\":1712}","0","0","sub","653");
INSERT INTO transaction VALUES("2264","43","X","-22.5","ML","1416311958","{\"orderID\":\"653\",\"orderDetailId\":1712}","0","0","sub","653");
INSERT INTO transaction VALUES("2265","44","X","-22.5","ML","1416311958","{\"orderID\":\"653\",\"orderDetailId\":1712}","0","0","sub","653");
INSERT INTO transaction VALUES("2266","42","X","0","Hu","1416312976","{\"orderID\":654,\"orderDetailId\":1713}","0","0","sub","654");
INSERT INTO transaction VALUES("2267","38","X","-30","ML","1416312976","{\"orderID\":654,\"orderDetailId\":1713}","0","0","sub","654");
INSERT INTO transaction VALUES("2268","21","X","-30","ML","1416312976","{\"orderID\":654,\"orderDetailId\":1713}","0","0","sub","654");
INSERT INTO transaction VALUES("2269","43","X","-22.5","ML","1416312976","{\"orderID\":654,\"orderDetailId\":1713}","0","0","sub","654");
INSERT INTO transaction VALUES("2270","44","X","-22.5","ML","1416312976","{\"orderID\":654,\"orderDetailId\":1713}","0","0","sub","654");
INSERT INTO transaction VALUES("2271","42","X","0","Hu","1416313049","{\"orderID\":655,\"orderDetailId\":1714}","0","0","sub","655");
INSERT INTO transaction VALUES("2272","38","X","-30","ML","1416313049","{\"orderID\":655,\"orderDetailId\":1714}","0","0","sub","655");
INSERT INTO transaction VALUES("2273","21","X","-30","ML","1416313049","{\"orderID\":655,\"orderDetailId\":1714}","0","0","sub","655");
INSERT INTO transaction VALUES("2274","43","X","-22.5","ML","1416313049","{\"orderID\":655,\"orderDetailId\":1714}","0","0","sub","655");
INSERT INTO transaction VALUES("2275","44","X","-22.5","ML","1416313049","{\"orderID\":655,\"orderDetailId\":1714}","0","0","sub","655");
INSERT INTO transaction VALUES("2344","46","X","-100","ML","1416321908","{\"orderID\":\"656\",\"orderDetailId\":1727}","0","0","sub","656");
INSERT INTO transaction VALUES("2345","22","X","-20","G","1416321908","{\"orderID\":\"656\",\"orderDetailId\":1727}","0","0","sub","656");
INSERT INTO transaction VALUES("2346","56","X","-20","G","1416321908","{\"orderID\":\"656\",\"orderDetailId\":1727}","0","0","sub","656");
INSERT INTO transaction VALUES("2347","21","X","-60","ML","1416321908","{\"orderID\":\"656\",\"orderDetailId\":1727}","0","0","sub","656");
INSERT INTO transaction VALUES("2348","55","X","-16","Cai","1416321908","{\"orderID\":\"656\",\"orderDetailId\":1727}","0","0","sub","656");
INSERT INTO transaction VALUES("2349","43","X","-45","ML","1416321908","{\"orderID\":\"656\",\"orderDetailId\":1727}","0","0","sub","656");
INSERT INTO transaction VALUES("2350","44","X","-45","ML","1416321908","{\"orderID\":\"656\",\"orderDetailId\":1727}","0","0","sub","656");
INSERT INTO transaction VALUES("2351","21","X","-10","ML","1416321908","{\"orderID\":\"656\",\"orderDetailId\":1728}","0","0","sub","656");
INSERT INTO transaction VALUES("2352","2","X","-15","ML","1416321908","{\"orderID\":\"656\",\"orderDetailId\":1728}","0","0","sub","656");
INSERT INTO transaction VALUES("2353","25","X","-20","G","1416321908","{\"orderID\":\"656\",\"orderDetailId\":1728}","0","0","sub","656");
INSERT INTO transaction VALUES("2354","39","X","-8","G","1416321908","{\"orderID\":\"656\",\"orderDetailId\":1728}","0","0","sub","656");
INSERT INTO transaction VALUES("2355","44","X","-22.5","ML","1416321908","{\"orderID\":\"656\",\"orderDetailId\":1728}","0","0","sub","656");
INSERT INTO transaction VALUES("2356","43","X","-22.5","ML","1416321908","{\"orderID\":\"656\",\"orderDetailId\":1728}","0","0","sub","656");
INSERT INTO transaction VALUES("2357","54","X","-8","Cai","1416321908","{\"orderID\":\"656\",\"orderDetailId\":1728}","0","0","sub","656");
INSERT INTO transaction VALUES("2358","36","X","-15","ML","1416321908","{\"orderID\":\"656\",\"orderDetailId\":1729}","0","0","sub","656");
INSERT INTO transaction VALUES("2359","15","X","-15","ML","1416321908","{\"orderID\":\"656\",\"orderDetailId\":1729}","0","0","sub","656");
INSERT INTO transaction VALUES("2360","52","X","-150","ML","1416321908","{\"orderID\":\"656\",\"orderDetailId\":1729}","0","0","sub","656");
INSERT INTO transaction VALUES("2361","43","X","-22.5","ML","1416321908","{\"orderID\":\"656\",\"orderDetailId\":1729}","0","0","sub","656");
INSERT INTO transaction VALUES("2362","44","X","-22.5","ML","1416321908","{\"orderID\":\"656\",\"orderDetailId\":1729}","0","0","sub","656");
INSERT INTO transaction VALUES("2363","21","X","-10","ML","1416321908","{\"orderID\":\"656\",\"orderDetailId\":1730}","0","0","sub","656");
INSERT INTO transaction VALUES("2364","2","X","-15","ML","1416321908","{\"orderID\":\"656\",\"orderDetailId\":1730}","0","0","sub","656");
INSERT INTO transaction VALUES("2365","25","X","-20","G","1416321908","{\"orderID\":\"656\",\"orderDetailId\":1730}","0","0","sub","656");
INSERT INTO transaction VALUES("2366","39","X","-8","G","1416321908","{\"orderID\":\"656\",\"orderDetailId\":1730}","0","0","sub","656");
INSERT INTO transaction VALUES("2367","44","X","-22.5","ML","1416321908","{\"orderID\":\"656\",\"orderDetailId\":1730}","0","0","sub","656");
INSERT INTO transaction VALUES("2368","43","X","-22.5","ML","1416321908","{\"orderID\":\"656\",\"orderDetailId\":1730}","0","0","sub","656");
INSERT INTO transaction VALUES("2369","54","X","-8","Cai","1416321908","{\"orderID\":\"656\",\"orderDetailId\":1730}","0","0","sub","656");
INSERT INTO transaction VALUES("2370","24","N","1000","G","1416326920","Nhập hàng","280000","5","main","0");
INSERT INTO transaction VALUES("2371","22","N","1000","G","1416327193","Nhập hàng","0","0","sub","0");
INSERT INTO transaction VALUES("2372","24","X","-1000","G","1416327193","Insert sub store","0","0","main","0");
INSERT INTO transaction VALUES("2373","55","N","5500","ML","1416327633","Nhập hàng","80000","4","main","0");
INSERT INTO transaction VALUES("2374","52","N","5500","ML","1416327729","Nhập hàng","0","0","sub","0");
INSERT INTO transaction VALUES("2375","55","X","-5500","ML","1416327729","Insert sub store","0","0","main","0");
INSERT INTO transaction VALUES("2379","30","X","-2","Trai","1416335662","{\"orderID\":\"657\",\"orderDetailId\":1736}","0","0","sub","657");
INSERT INTO transaction VALUES("2380","30","X","-2","Trai","1416335996","{\"orderID\":\"658\",\"orderDetailId\":1737}","0","0","sub","658");
INSERT INTO transaction VALUES("2387","29","X","-1","Goi","1416346795","{\"orderID\":\"665\",\"orderDetailId\":1755}","0","0","sub","665");
INSERT INTO transaction VALUES("2388","28","X","-2","Goi","1416346795","{\"orderID\":\"665\",\"orderDetailId\":1755}","0","0","sub","665");
INSERT INTO transaction VALUES("2389","30","X","-2","Trai","1416346795","{\"orderID\":\"665\",\"orderDetailId\":1756}","0","0","sub","665");
INSERT INTO transaction VALUES("2390","48","N","50","Cai","1416348037","Nhập hàng","55000","4","main","0");
INSERT INTO transaction VALUES("2391","49","N","5000","ML","1416348230","Nhập hàng","140000","6","main","0");
INSERT INTO transaction VALUES("2396","45","N","32","Hu","1416348403","Nhập hàng","120000","4","main","0");
INSERT INTO transaction VALUES("2397","29","N","130000","ML","1416348802","Nhập hàng","90000","8","main","0");
INSERT INTO transaction VALUES("2398","24","N","1000","G","1416348871","Nhập hàng","280000","5","main","0");
INSERT INTO transaction VALUES("2399","45","N","12","Cai","1416348955","Nhập hàng","0","0","sub","0");
INSERT INTO transaction VALUES("2400","48","X","-12","Cai","1416348955","Insert sub store","0","0","main","0");
INSERT INTO transaction VALUES("2401","46","N","5000","ML","1416349001","Nhập hàng","0","0","sub","0");
INSERT INTO transaction VALUES("2402","49","X","-5000","ML","1416349001","Insert sub store","0","0","main","0");
INSERT INTO transaction VALUES("2403","23","N","9000","ML","1416349209","Nhập hàng","477000","4","main","0");
INSERT INTO transaction VALUES("2404","22","N","1000","G","1416349528","Nhập hàng","0","0","sub","0");
INSERT INTO transaction VALUES("2405","24","X","-1000","G","1416349528","Insert sub store","0","0","main","0");
INSERT INTO transaction VALUES("2406","42","N","4000","G","1416350058","Nhập hàng","520000","5","main","0");
INSERT INTO transaction VALUES("2407","39","N","4000","G","1416350091","Nhập hàng","0","0","sub","0");
INSERT INTO transaction VALUES("2408","42","X","-4000","G","1416350091","Insert sub store","0","0","main","0");
INSERT INTO transaction VALUES("2409","21","N","3000","ML","1416350169","Nhập hàng","0","0","sub","0");
INSERT INTO transaction VALUES("2410","23","X","-3000","ML","1416350169","Insert sub store","0","0","main","0");
INSERT INTO transaction VALUES("2411","38","N","5","Trai","1416350342","Nhập hàng","50000","8","main","0");
INSERT INTO transaction VALUES("2412","36","N","3","Trai","1416350421","Nhập hàng","19000","4","main","0");
INSERT INTO transaction VALUES("2413","35","N","5","Trai","1416350472","Nhập hàng","0","0","sub","0");
INSERT INTO transaction VALUES("2414","38","X","-5","Trai","1416350472","Insert sub store","0","0","main","0");
INSERT INTO transaction VALUES("2415","33","N","3","Trai","1416350551","Nhập hàng","0","0","sub","0");
INSERT INTO transaction VALUES("2416","36","X","-3","Trai","1416350551","Insert sub store","0","0","main","0");
INSERT INTO transaction VALUES("2417","61","N","0","KG","1416350582","Nhập hàng","0","4","main","0");
INSERT INTO transaction VALUES("2418","4","N","750","ML","1416350643","Nhập hàng","17000","5","main","0");
INSERT INTO transaction VALUES("2419","13","N","750","ML","1416350789","Nhập hàng","170000","5","main","0");
INSERT INTO transaction VALUES("2420","11","N","750","ML","1416350822","Nhập hàng","0","0","sub","0");
INSERT INTO transaction VALUES("2421","13","X","-750","ML","1416350822","Insert sub store","0","0","main","0");
INSERT INTO transaction VALUES("2422","39","X","-30","G","1416350887","{\"orderID\":\"666\",\"orderDetailId\":1760}","0","0","sub","666");
INSERT INTO transaction VALUES("2423","21","X","-40","ML","1416350887","{\"orderID\":\"666\",\"orderDetailId\":1761}","0","0","sub","666");
INSERT INTO transaction VALUES("2424","39","X","-60","G","1416350887","{\"orderID\":\"666\",\"orderDetailId\":1761}","0","0","sub","666");
INSERT INTO transaction VALUES("2425","39","X","-30","G","1416350887","{\"orderID\":\"666\",\"orderDetailId\":1762}","0","0","sub","666");
INSERT INTO transaction VALUES("2426","58","N","65","Trai","1416350921","Nhập hàng","30000","8","main","0");
INSERT INTO transaction VALUES("2427","53","N","65","Trai","1416351063","Nhập hàng","0","0","sub","0");
INSERT INTO transaction VALUES("2428","58","X","-65","Trai","1416351063","Insert sub store","0","0","main","0");
INSERT INTO transaction VALUES("2439","33","X","-1","Trai","1416366198","{\"orderID\":\"667\",\"orderDetailId\":1770}","0","0","sub","667");
INSERT INTO transaction VALUES("2440","40","X","-2","Trai","1416366198","{\"orderID\":\"667\",\"orderDetailId\":1771}","0","0","sub","667");
INSERT INTO transaction VALUES("2441","45","X","-2","Cai","1416366232","{\"orderID\":\"668\",\"orderDetailId\":1773}","0","0","sub","668");
INSERT INTO transaction VALUES("2442","46","X","-60","ML","1416366232","{\"orderID\":\"668\",\"orderDetailId\":1773}","0","0","sub","668");
INSERT INTO transaction VALUES("2443","21","X","-10","ML","1416366232","{\"orderID\":\"668\",\"orderDetailId\":1773}","0","0","sub","668");
INSERT INTO transaction VALUES("2444","25","X","-20","G","1416366232","{\"orderID\":\"668\",\"orderDetailId\":1773}","0","0","sub","668");
INSERT INTO transaction VALUES("2445","43","X","-22.5","ML","1416366232","{\"orderID\":\"668\",\"orderDetailId\":1773}","0","0","sub","668");
INSERT INTO transaction VALUES("2446","44","X","-22.5","ML","1416366232","{\"orderID\":\"668\",\"orderDetailId\":1773}","0","0","sub","668");
INSERT INTO transaction VALUES("2447","21","X","-40","ML","1416445454","{\"orderID\":669,\"orderDetailId\":1774}","0","0","sub","669");
INSERT INTO transaction VALUES("2448","39","X","-60","G","1416445454","{\"orderID\":669,\"orderDetailId\":1774}","0","0","sub","669");
INSERT INTO transaction VALUES("2505","46","X","-50","ML","1416455334","{\"orderID\":\"673\",\"orderDetailId\":1791}","0","0","sub","673");
INSERT INTO transaction VALUES("2506","22","X","-10","G","1416455334","{\"orderID\":\"673\",\"orderDetailId\":1791}","0","0","sub","673");
INSERT INTO transaction VALUES("2507","56","X","-10","G","1416455334","{\"orderID\":\"673\",\"orderDetailId\":1791}","0","0","sub","673");
INSERT INTO transaction VALUES("2508","21","X","-30","ML","1416455334","{\"orderID\":\"673\",\"orderDetailId\":1791}","0","0","sub","673");
INSERT INTO transaction VALUES("2509","55","X","-8","Cai","1416455334","{\"orderID\":\"673\",\"orderDetailId\":1791}","0","0","sub","673");
INSERT INTO transaction VALUES("2510","43","X","-22.5","ML","1416455334","{\"orderID\":\"673\",\"orderDetailId\":1791}","0","0","sub","673");
INSERT INTO transaction VALUES("2511","44","X","-22.5","ML","1416455334","{\"orderID\":\"673\",\"orderDetailId\":1791}","0","0","sub","673");
INSERT INTO transaction VALUES("2512","21","X","-20","ML","1416455334","{\"orderID\":\"673\",\"orderDetailId\":1792}","0","0","sub","673");
INSERT INTO transaction VALUES("2513","39","X","-30","G","1416455334","{\"orderID\":\"673\",\"orderDetailId\":1792}","0","0","sub","673");
INSERT INTO transaction VALUES("2514","21","X","-20","ML","1416455881","{\"orderID\":\"672\",\"orderDetailId\":1793}","0","0","sub","672");
INSERT INTO transaction VALUES("2515","39","X","-30","G","1416455881","{\"orderID\":\"672\",\"orderDetailId\":1793}","0","0","sub","672");
INSERT INTO transaction VALUES("2516","7","X","-40","ML","1416455881","{\"orderID\":\"672\",\"orderDetailId\":1794}","0","0","sub","672");
INSERT INTO transaction VALUES("2517","12","X","-20","ML","1416455881","{\"orderID\":\"672\",\"orderDetailId\":1794}","0","0","sub","672");
INSERT INTO transaction VALUES("2518","21","X","-20","ML","1416455881","{\"orderID\":\"672\",\"orderDetailId\":1794}","0","0","sub","672");
INSERT INTO transaction VALUES("2519","46","X","-10","ML","1416455881","{\"orderID\":\"672\",\"orderDetailId\":1794}","0","0","sub","672");
INSERT INTO transaction VALUES("2520","40","X","-2","Trai","1416456691","{\"orderID\":\"671\",\"orderDetailId\":1795}","0","0","sub","671");
INSERT INTO transaction VALUES("2521","46","X","-50","ML","1416456724","{\"orderID\":\"670\",\"orderDetailId\":1796}","0","0","sub","670");
INSERT INTO transaction VALUES("2522","22","X","-10","G","1416456724","{\"orderID\":\"670\",\"orderDetailId\":1796}","0","0","sub","670");
INSERT INTO transaction VALUES("2523","56","X","-10","G","1416456724","{\"orderID\":\"670\",\"orderDetailId\":1796}","0","0","sub","670");
INSERT INTO transaction VALUES("2524","21","X","-30","ML","1416456724","{\"orderID\":\"670\",\"orderDetailId\":1796}","0","0","sub","670");
INSERT INTO transaction VALUES("2525","55","X","-8","Cai","1416456724","{\"orderID\":\"670\",\"orderDetailId\":1796}","0","0","sub","670");
INSERT INTO transaction VALUES("2526","43","X","-22.5","ML","1416456724","{\"orderID\":\"670\",\"orderDetailId\":1796}","0","0","sub","670");
INSERT INTO transaction VALUES("2527","44","X","-22.5","ML","1416456724","{\"orderID\":\"670\",\"orderDetailId\":1796}","0","0","sub","670");
INSERT INTO transaction VALUES("2528","45","X","-2","Cai","1416456724","{\"orderID\":\"670\",\"orderDetailId\":1797}","0","0","sub","670");
INSERT INTO transaction VALUES("2529","23","X","-20","G","1416456724","{\"orderID\":\"670\",\"orderDetailId\":1797}","0","0","sub","670");
INSERT INTO transaction VALUES("2530","21","X","-10","ML","1416456724","{\"orderID\":\"670\",\"orderDetailId\":1797}","0","0","sub","670");
INSERT INTO transaction VALUES("2531","46","X","-40","ML","1416456724","{\"orderID\":\"670\",\"orderDetailId\":1797}","0","0","sub","670");
INSERT INTO transaction VALUES("2532","25","X","-20","G","1416456724","{\"orderID\":\"670\",\"orderDetailId\":1797}","0","0","sub","670");
INSERT INTO transaction VALUES("2533","17","X","-5","G","1416456724","{\"orderID\":\"670\",\"orderDetailId\":1797}","0","0","sub","670");
INSERT INTO transaction VALUES("2534","43","X","-22.5","ML","1416456724","{\"orderID\":\"670\",\"orderDetailId\":1797}","0","0","sub","670");
INSERT INTO transaction VALUES("2535","44","X","-22.5","ML","1416456724","{\"orderID\":\"670\",\"orderDetailId\":1797}","0","0","sub","670");
INSERT INTO transaction VALUES("2536","19","X","-15","ML","1416456724","{\"orderID\":\"670\",\"orderDetailId\":1797}","0","0","sub","670");
INSERT INTO transaction VALUES("2559","21","X","-20","ML","1416457792","{\"orderID\":\"676\",\"orderDetailId\":1803}","0","0","sub","676");
INSERT INTO transaction VALUES("2560","39","X","-30","G","1416457792","{\"orderID\":\"676\",\"orderDetailId\":1803}","0","0","sub","676");
INSERT INTO transaction VALUES("2561","11","X","-20","ML","1416457792","{\"orderID\":\"676\",\"orderDetailId\":1804}","0","0","sub","676");
INSERT INTO transaction VALUES("2562","19","X","-5","ML","1416457792","{\"orderID\":\"676\",\"orderDetailId\":1804}","0","0","sub","676");
INSERT INTO transaction VALUES("2563","10","X","-5","ML","1416457792","{\"orderID\":\"676\",\"orderDetailId\":1804}","0","0","sub","676");
INSERT INTO transaction VALUES("2564","52","X","-150","ML","1416457792","{\"orderID\":\"676\",\"orderDetailId\":1804}","0","0","sub","676");
INSERT INTO transaction VALUES("2565","44","X","-22.5","ML","1416457792","{\"orderID\":\"676\",\"orderDetailId\":1804}","0","0","sub","676");
INSERT INTO transaction VALUES("2566","43","X","-22.5","ML","1416457792","{\"orderID\":\"676\",\"orderDetailId\":1804}","0","0","sub","676");
INSERT INTO transaction VALUES("2567","46","X","-50","ML","1416459345","{\"orderID\":\"675\",\"orderDetailId\":1806}","0","0","sub","675");
INSERT INTO transaction VALUES("2568","22","X","-10","G","1416459345","{\"orderID\":\"675\",\"orderDetailId\":1806}","0","0","sub","675");
INSERT INTO transaction VALUES("2569","56","X","-10","G","1416459345","{\"orderID\":\"675\",\"orderDetailId\":1806}","0","0","sub","675");
INSERT INTO transaction VALUES("2570","21","X","-30","ML","1416459345","{\"orderID\":\"675\",\"orderDetailId\":1806}","0","0","sub","675");
INSERT INTO transaction VALUES("2571","55","X","-8","Cai","1416459345","{\"orderID\":\"675\",\"orderDetailId\":1806}","0","0","sub","675");
INSERT INTO transaction VALUES("2572","43","X","-22.5","ML","1416459345","{\"orderID\":\"675\",\"orderDetailId\":1806}","0","0","sub","675");
INSERT INTO transaction VALUES("2573","44","X","-22.5","ML","1416459345","{\"orderID\":\"675\",\"orderDetailId\":1806}","0","0","sub","675");
INSERT INTO transaction VALUES("2576","27","X","-20","G","1416461762","{\"orderID\":\"678\",\"orderDetailId\":1813}","0","0","sub","678");
INSERT INTO transaction VALUES("2577","42","X","-1","Hu","1416461762","{\"orderID\":\"678\",\"orderDetailId\":1813}","0","0","sub","678");
INSERT INTO transaction VALUES("2578","27","X","-20","G","1416466507","{\"orderID\":683,\"orderDetailId\":1816}","0","0","sub","683");
INSERT INTO transaction VALUES("2579","42","X","-1","Hu","1416466507","{\"orderID\":683,\"orderDetailId\":1816}","0","0","sub","683");
INSERT INTO transaction VALUES("2591","21","X","-10","ML","1416470280","{\"orderID\":687,\"orderDetailId\":1820}","0","0","sub","687");
INSERT INTO transaction VALUES("2592","2","X","-15","ML","1416470280","{\"orderID\":687,\"orderDetailId\":1820}","0","0","sub","687");
INSERT INTO transaction VALUES("2593","25","X","-20","G","1416470280","{\"orderID\":687,\"orderDetailId\":1820}","0","0","sub","687");
INSERT INTO transaction VALUES("2594","39","X","-8","G","1416470280","{\"orderID\":687,\"orderDetailId\":1820}","0","0","sub","687");
INSERT INTO transaction VALUES("2595","44","X","-22.5","ML","1416470280","{\"orderID\":687,\"orderDetailId\":1820}","0","0","sub","687");
INSERT INTO transaction VALUES("2596","43","X","-22.5","ML","1416470280","{\"orderID\":687,\"orderDetailId\":1820}","0","0","sub","687");
INSERT INTO transaction VALUES("2597","54","X","-8","Cai","1416470280","{\"orderID\":687,\"orderDetailId\":1820}","0","0","sub","687");
INSERT INTO transaction VALUES("2598","45","X","-2","Cai","1416473288","{\"orderID\":\"684\",\"orderDetailId\":1821}","0","0","sub","684");
INSERT INTO transaction VALUES("2599","23","X","-20","G","1416473288","{\"orderID\":\"684\",\"orderDetailId\":1821}","0","0","sub","684");
INSERT INTO transaction VALUES("2600","25","X","-20","G","1416473288","{\"orderID\":\"684\",\"orderDetailId\":1821}","0","0","sub","684");
INSERT INTO transaction VALUES("2601","21","X","-10","ML","1416473288","{\"orderID\":\"684\",\"orderDetailId\":1821}","0","0","sub","684");
INSERT INTO transaction VALUES("2602","46","X","-40","ML","1416473288","{\"orderID\":\"684\",\"orderDetailId\":1821}","0","0","sub","684");
INSERT INTO transaction VALUES("2603","17","X","-5","G","1416473288","{\"orderID\":\"684\",\"orderDetailId\":1821}","0","0","sub","684");
INSERT INTO transaction VALUES("2604","43","X","-22.5","ML","1416473288","{\"orderID\":\"684\",\"orderDetailId\":1821}","0","0","sub","684");
INSERT INTO transaction VALUES("2605","44","X","-22.5","ML","1416473288","{\"orderID\":\"684\",\"orderDetailId\":1821}","0","0","sub","684");
INSERT INTO transaction VALUES("2606","30","X","-2","Trai","1416473325","{\"orderID\":\"685\",\"orderDetailId\":1822}","0","0","sub","685");
INSERT INTO transaction VALUES("2607","62","N","12","Trai","1416473675","Nhập hàng","14000","8","main","0");
INSERT INTO transaction VALUES("2608","33","N","8","Trai","1416474252","Nhập hàng","24000","8","main","0");
INSERT INTO transaction VALUES("2609","30","N","8","Trai","1416474357","Nhập hàng","0","0","sub","0");
INSERT INTO transaction VALUES("2610","33","X","-8","Trai","1416474357","Insert sub store","0","0","main","0");
INSERT INTO transaction VALUES("2611","45","X","-2","Cai","1416474422","{\"orderID\":688,\"orderDetailId\":1823}","0","0","sub","688");
INSERT INTO transaction VALUES("2612","23","X","-20","G","1416474422","{\"orderID\":688,\"orderDetailId\":1823}","0","0","sub","688");
INSERT INTO transaction VALUES("2613","21","X","-10","ML","1416474422","{\"orderID\":688,\"orderDetailId\":1823}","0","0","sub","688");
INSERT INTO transaction VALUES("2614","46","X","-40","ML","1416474422","{\"orderID\":688,\"orderDetailId\":1823}","0","0","sub","688");
INSERT INTO transaction VALUES("2615","25","X","-20","G","1416474422","{\"orderID\":688,\"orderDetailId\":1823}","0","0","sub","688");
INSERT INTO transaction VALUES("2616","17","X","-5","G","1416474422","{\"orderID\":688,\"orderDetailId\":1823}","0","0","sub","688");
INSERT INTO transaction VALUES("2617","43","X","-22.5","ML","1416474422","{\"orderID\":688,\"orderDetailId\":1823}","0","0","sub","688");
INSERT INTO transaction VALUES("2618","44","X","-22.5","ML","1416474422","{\"orderID\":688,\"orderDetailId\":1823}","0","0","sub","688");
INSERT INTO transaction VALUES("2619","19","X","-15","ML","1416474422","{\"orderID\":688,\"orderDetailId\":1823}","0","0","sub","688");
INSERT INTO transaction VALUES("2620","60","N","12","Trai","1416474499","Nhập hàng","14000","8","main","0");
INSERT INTO transaction VALUES("2621","57","N","12","Trai","1416474633","Nhập hàng","0","0","sub","0");
INSERT INTO transaction VALUES("2622","60","X","-12","Trai","1416474633","Insert sub store","0","0","main","0");
INSERT INTO transaction VALUES("2623","56","N","100","Cai","1416474721","Nhập hàng","10000","5","main","0");
INSERT INTO transaction VALUES("2624","57","N","100","Cai","1416474960","Nhập hàng","15000","5","main","0");
INSERT INTO transaction VALUES("2625","55","N","100","Cai","1416475004","Nhập hàng","0","0","sub","0");
INSERT INTO transaction VALUES("2626","57","X","-100","Cai","1416475004","Insert sub store","0","0","main","0");
INSERT INTO transaction VALUES("2627","54","N","100","Cai","1416475043","Nhập hàng","0","0","sub","0");
INSERT INTO transaction VALUES("2628","56","X","-100","Cai","1416475043","Insert sub store","0","0","main","0");
INSERT INTO transaction VALUES("2629","53","X","-6","Trai","1416475148","{\"orderID\":689,\"orderDetailId\":1824}","0","0","sub","689");
INSERT INTO transaction VALUES("2630","34","X","-0.25","Trai","1416475148","{\"orderID\":689,\"orderDetailId\":1824}","0","0","sub","689");
INSERT INTO transaction VALUES("2631","35","X","-0.334","Trai","1416475148","{\"orderID\":689,\"orderDetailId\":1824}","0","0","sub","689");
INSERT INTO transaction VALUES("2632","42","X","-1","Hu","1416475148","{\"orderID\":689,\"orderDetailId\":1824}","0","0","sub","689");
INSERT INTO transaction VALUES("2633","45","X","-2","Cai","1416475148","{\"orderID\":689,\"orderDetailId\":1825}","0","0","sub","689");
INSERT INTO transaction VALUES("2634","23","X","-20","G","1416475148","{\"orderID\":689,\"orderDetailId\":1825}","0","0","sub","689");
INSERT INTO transaction VALUES("2635","21","X","-10","ML","1416475148","{\"orderID\":689,\"orderDetailId\":1825}","0","0","sub","689");
INSERT INTO transaction VALUES("2636","46","X","-40","ML","1416475148","{\"orderID\":689,\"orderDetailId\":1825}","0","0","sub","689");
INSERT INTO transaction VALUES("2637","25","X","-20","G","1416475148","{\"orderID\":689,\"orderDetailId\":1825}","0","0","sub","689");
INSERT INTO transaction VALUES("2638","17","X","-5","G","1416475148","{\"orderID\":689,\"orderDetailId\":1825}","0","0","sub","689");
INSERT INTO transaction VALUES("2639","43","X","-22.5","ML","1416475148","{\"orderID\":689,\"orderDetailId\":1825}","0","0","sub","689");
INSERT INTO transaction VALUES("2640","44","X","-22.5","ML","1416475148","{\"orderID\":689,\"orderDetailId\":1825}","0","0","sub","689");
INSERT INTO transaction VALUES("2641","19","X","-15","ML","1416475148","{\"orderID\":689,\"orderDetailId\":1825}","0","0","sub","689");
INSERT INTO transaction VALUES("2642","27","X","-20","G","1416475148","{\"orderID\":689,\"orderDetailId\":1826}","0","0","sub","689");
INSERT INTO transaction VALUES("2643","42","X","-1","Hu","1416475148","{\"orderID\":689,\"orderDetailId\":1826}","0","0","sub","689");
INSERT INTO transaction VALUES("2644","39","X","-30","G","1416475148","{\"orderID\":689,\"orderDetailId\":1827}","0","0","sub","689");
INSERT INTO transaction VALUES("2653","51","X","-1","Goi","1416476347","{\"orderID\":\"686\",\"orderDetailId\":1829}","0","0","sub","686");
INSERT INTO transaction VALUES("2654","14","X","-30","ML","1416476347","{\"orderID\":\"686\",\"orderDetailId\":1829}","0","0","sub","686");
INSERT INTO transaction VALUES("2655","45","X","-2","Cai","1416476371","{\"orderID\":\"690\",\"orderDetailId\":1830}","0","0","sub","690");
INSERT INTO transaction VALUES("2656","23","X","-20","G","1416476371","{\"orderID\":\"690\",\"orderDetailId\":1830}","0","0","sub","690");
INSERT INTO transaction VALUES("2657","25","X","-20","G","1416476371","{\"orderID\":\"690\",\"orderDetailId\":1830}","0","0","sub","690");
INSERT INTO transaction VALUES("2658","21","X","-10","ML","1416476371","{\"orderID\":\"690\",\"orderDetailId\":1830}","0","0","sub","690");
INSERT INTO transaction VALUES("2659","46","X","-40","ML","1416476371","{\"orderID\":\"690\",\"orderDetailId\":1830}","0","0","sub","690");
INSERT INTO transaction VALUES("2660","17","X","-5","G","1416476371","{\"orderID\":\"690\",\"orderDetailId\":1830}","0","0","sub","690");
INSERT INTO transaction VALUES("2661","43","X","-22.5","ML","1416476371","{\"orderID\":\"690\",\"orderDetailId\":1830}","0","0","sub","690");
INSERT INTO transaction VALUES("2662","44","X","-22.5","ML","1416476371","{\"orderID\":\"690\",\"orderDetailId\":1830}","0","0","sub","690");
INSERT INTO transaction VALUES("2663","21","N","1000","ML","1416477294","Nhập hàng","0","0","sub","0");
INSERT INTO transaction VALUES("2664","23","X","-1000","ML","1416477294","Insert sub store","0","0","main","0");
INSERT INTO transaction VALUES("2665","45","N","12","Cai","1416477325","Nhập hàng","0","0","sub","0");
INSERT INTO transaction VALUES("2666","48","X","-12","Cai","1416477325","Insert sub store","0","0","main","0");
INSERT INTO transaction VALUES("2667","4","N","750","ML","1416477525","Nhập hàng","170000","5","main","0");
INSERT INTO transaction VALUES("2700","21","X","-10","ML","1416483030","{\"orderID\":694,\"orderDetailId\":1839}","0","0","sub","694");
INSERT INTO transaction VALUES("2701","2","X","-15","ML","1416483030","{\"orderID\":694,\"orderDetailId\":1839}","0","0","sub","694");
INSERT INTO transaction VALUES("2702","25","X","-20","G","1416483030","{\"orderID\":694,\"orderDetailId\":1839}","0","0","sub","694");
INSERT INTO transaction VALUES("2703","39","X","-8","G","1416483030","{\"orderID\":694,\"orderDetailId\":1839}","0","0","sub","694");
INSERT INTO transaction VALUES("2704","44","X","-22.5","ML","1416483030","{\"orderID\":694,\"orderDetailId\":1839}","0","0","sub","694");
INSERT INTO transaction VALUES("2705","43","X","-22.5","ML","1416483030","{\"orderID\":694,\"orderDetailId\":1839}","0","0","sub","694");
INSERT INTO transaction VALUES("2706","54","X","-8","Cai","1416483030","{\"orderID\":694,\"orderDetailId\":1839}","0","0","sub","694");
INSERT INTO transaction VALUES("2729","27","X","-20","G","1416483578","{\"orderID\":\"691\",\"orderDetailId\":1849}","0","0","sub","691");
INSERT INTO transaction VALUES("2730","42","X","-1","Hu","1416483578","{\"orderID\":\"691\",\"orderDetailId\":1849}","0","0","sub","691");
INSERT INTO transaction VALUES("2731","21","X","-40","ML","1416483897","{\"orderID\":\"692\",\"orderDetailId\":1850}","0","0","sub","692");
INSERT INTO transaction VALUES("2732","46","X","-100","ML","1416483897","{\"orderID\":\"692\",\"orderDetailId\":1850}","0","0","sub","692");
INSERT INTO transaction VALUES("2733","39","X","-40","G","1416483897","{\"orderID\":\"692\",\"orderDetailId\":1850}","0","0","sub","692");
INSERT INTO transaction VALUES("2734","21","X","-20","ML","1416483897","{\"orderID\":\"692\",\"orderDetailId\":1851}","0","0","sub","692");
INSERT INTO transaction VALUES("2735","23","X","-20","G","1416483897","{\"orderID\":\"692\",\"orderDetailId\":1851}","0","0","sub","692");
INSERT INTO transaction VALUES("2736","25","X","-20","G","1416483897","{\"orderID\":\"692\",\"orderDetailId\":1851}","0","0","sub","692");
INSERT INTO transaction VALUES("2737","39","X","-30","G","1416483897","{\"orderID\":\"692\",\"orderDetailId\":1851}","0","0","sub","692");
INSERT INTO transaction VALUES("2738","54","X","-8","Cai","1416483897","{\"orderID\":\"692\",\"orderDetailId\":1851}","0","0","sub","692");
INSERT INTO transaction VALUES("2739","43","X","-22.5","ML","1416483897","{\"orderID\":\"692\",\"orderDetailId\":1851}","0","0","sub","692");
INSERT INTO transaction VALUES("2740","44","X","-22.5","ML","1416483897","{\"orderID\":\"692\",\"orderDetailId\":1851}","0","0","sub","692");
INSERT INTO transaction VALUES("2815","21","X","-10","ML","1416486671","{\"orderID\":696,\"orderDetailId\":1883}","0","0","sub","696");
INSERT INTO transaction VALUES("2816","2","X","-15","ML","1416486671","{\"orderID\":696,\"orderDetailId\":1883}","0","0","sub","696");
INSERT INTO transaction VALUES("2817","25","X","-20","G","1416486671","{\"orderID\":696,\"orderDetailId\":1883}","0","0","sub","696");
INSERT INTO transaction VALUES("2818","39","X","-8","G","1416486671","{\"orderID\":696,\"orderDetailId\":1883}","0","0","sub","696");
INSERT INTO transaction VALUES("2819","44","X","-22.5","ML","1416486671","{\"orderID\":696,\"orderDetailId\":1883}","0","0","sub","696");
INSERT INTO transaction VALUES("2820","43","X","-22.5","ML","1416486671","{\"orderID\":696,\"orderDetailId\":1883}","0","0","sub","696");
INSERT INTO transaction VALUES("2821","54","X","-8","Cai","1416486671","{\"orderID\":696,\"orderDetailId\":1883}","0","0","sub","696");
INSERT INTO transaction VALUES("2832","42","X","-1","Hu","1416488589","{\"orderID\":\"693\",\"orderDetailId\":1886}","0","0","sub","693");
INSERT INTO transaction VALUES("2833","14","X","-30","ML","1416488589","{\"orderID\":\"693\",\"orderDetailId\":1886}","0","0","sub","693");
INSERT INTO transaction VALUES("2834","21","X","-30","ML","1416488589","{\"orderID\":\"693\",\"orderDetailId\":1886}","0","0","sub","693");
INSERT INTO transaction VALUES("2835","44","X","-22.5","ML","1416488589","{\"orderID\":\"693\",\"orderDetailId\":1886}","0","0","sub","693");
INSERT INTO transaction VALUES("2836","43","X","-22.5","ML","1416488589","{\"orderID\":\"693\",\"orderDetailId\":1886}","0","0","sub","693");
INSERT INTO transaction VALUES("2837","42","X","0","Hu","1416488589","{\"orderID\":\"693\",\"orderDetailId\":1887}","0","0","sub","693");
INSERT INTO transaction VALUES("2838","38","X","-30","ML","1416488589","{\"orderID\":\"693\",\"orderDetailId\":1887}","0","0","sub","693");
INSERT INTO transaction VALUES("2839","21","X","-30","ML","1416488589","{\"orderID\":\"693\",\"orderDetailId\":1887}","0","0","sub","693");
INSERT INTO transaction VALUES("2840","43","X","-22.5","ML","1416488589","{\"orderID\":\"693\",\"orderDetailId\":1887}","0","0","sub","693");
INSERT INTO transaction VALUES("2841","44","X","-22.5","ML","1416488589","{\"orderID\":\"693\",\"orderDetailId\":1887}","0","0","sub","693");
INSERT INTO transaction VALUES("2842","21","X","-40","ML","1416488589","{\"orderID\":\"693\",\"orderDetailId\":1890}","0","0","sub","693");
INSERT INTO transaction VALUES("2843","39","X","-60","G","1416488589","{\"orderID\":\"693\",\"orderDetailId\":1890}","0","0","sub","693");
INSERT INTO transaction VALUES("2844","53","X","-12","Trai","1416488589","{\"orderID\":\"693\",\"orderDetailId\":1891}","0","0","sub","693");
INSERT INTO transaction VALUES("2845","46","X","-60","ML","1416488589","{\"orderID\":\"693\",\"orderDetailId\":1891}","0","0","sub","693");
INSERT INTO transaction VALUES("2846","21","X","-40","ML","1416488589","{\"orderID\":\"693\",\"orderDetailId\":1891}","0","0","sub","693");
INSERT INTO transaction VALUES("2847","18","X","-30","ML","1416488589","{\"orderID\":\"693\",\"orderDetailId\":1891}","0","0","sub","693");
INSERT INTO transaction VALUES("2848","29","X","-1","Goi","1416488589","{\"orderID\":\"693\",\"orderDetailId\":1893}","0","0","sub","693");
INSERT INTO transaction VALUES("2849","28","X","-2","Goi","1416488589","{\"orderID\":\"693\",\"orderDetailId\":1893}","0","0","sub","693");
INSERT INTO transaction VALUES("2850","8","X","-30","ML","1416492847","{\"orderID\":\"695\",\"orderDetailId\":1894}","0","0","sub","695");
INSERT INTO transaction VALUES("2851","52","X","-150","ML","1416492847","{\"orderID\":\"695\",\"orderDetailId\":1894}","0","0","sub","695");
INSERT INTO transaction VALUES("2852","43","X","-22.5","ML","1416492847","{\"orderID\":\"695\",\"orderDetailId\":1894}","0","0","sub","695");
INSERT INTO transaction VALUES("2853","44","X","-22.5","ML","1416492847","{\"orderID\":\"695\",\"orderDetailId\":1894}","0","0","sub","695");
INSERT INTO transaction VALUES("2854","36","X","-15","ML","1416492972","{\"orderID\":\"697\",\"orderDetailId\":1895}","0","0","sub","697");
INSERT INTO transaction VALUES("2855","15","X","-15","ML","1416492972","{\"orderID\":\"697\",\"orderDetailId\":1895}","0","0","sub","697");
INSERT INTO transaction VALUES("2856","52","X","-150","ML","1416492972","{\"orderID\":\"697\",\"orderDetailId\":1895}","0","0","sub","697");
INSERT INTO transaction VALUES("2857","43","X","-22.5","ML","1416492972","{\"orderID\":\"697\",\"orderDetailId\":1895}","0","0","sub","697");
INSERT INTO transaction VALUES("2858","44","X","-22.5","ML","1416492972","{\"orderID\":\"697\",\"orderDetailId\":1895}","0","0","sub","697");
INSERT INTO transaction VALUES("2859","42","X","-1","Hu","1416492972","{\"orderID\":\"697\",\"orderDetailId\":1896}","0","0","sub","697");
INSERT INTO transaction VALUES("2860","14","X","-30","ML","1416492972","{\"orderID\":\"697\",\"orderDetailId\":1896}","0","0","sub","697");
INSERT INTO transaction VALUES("2861","21","X","-30","ML","1416492972","{\"orderID\":\"697\",\"orderDetailId\":1896}","0","0","sub","697");
INSERT INTO transaction VALUES("2862","44","X","-22.5","ML","1416492972","{\"orderID\":\"697\",\"orderDetailId\":1896}","0","0","sub","697");
INSERT INTO transaction VALUES("2863","43","X","-22.5","ML","1416492972","{\"orderID\":\"697\",\"orderDetailId\":1896}","0","0","sub","697");
INSERT INTO transaction VALUES("2875","30","X","-0.5","Trai","1416493874","{\"orderID\":\"698\",\"orderDetailId\":1899}","0","0","sub","698");
INSERT INTO transaction VALUES("2876","53","X","-3","Trai","1416493874","{\"orderID\":\"698\",\"orderDetailId\":1899}","0","0","sub","698");
INSERT INTO transaction VALUES("2877","47","X","-0.5","Trai","1416493874","{\"orderID\":\"698\",\"orderDetailId\":1899}","0","0","sub","698");
INSERT INTO transaction VALUES("2878","21","X","-20","ML","1416493874","{\"orderID\":\"698\",\"orderDetailId\":1899}","0","0","sub","698");
INSERT INTO transaction VALUES("2879","46","X","-30","ML","1416493874","{\"orderID\":\"698\",\"orderDetailId\":1899}","0","0","sub","698");
INSERT INTO transaction VALUES("2880","11","X","-20","ML","1416493874","{\"orderID\":\"698\",\"orderDetailId\":1900}","0","0","sub","698");
INSERT INTO transaction VALUES("2881","19","X","-5","ML","1416493874","{\"orderID\":\"698\",\"orderDetailId\":1900}","0","0","sub","698");
INSERT INTO transaction VALUES("2882","10","X","-5","ML","1416493874","{\"orderID\":\"698\",\"orderDetailId\":1900}","0","0","sub","698");
INSERT INTO transaction VALUES("2883","52","X","-150","ML","1416493874","{\"orderID\":\"698\",\"orderDetailId\":1900}","0","0","sub","698");
INSERT INTO transaction VALUES("2884","44","X","-22.5","ML","1416493874","{\"orderID\":\"698\",\"orderDetailId\":1900}","0","0","sub","698");
INSERT INTO transaction VALUES("2885","43","X","-22.5","ML","1416493874","{\"orderID\":\"698\",\"orderDetailId\":1900}","0","0","sub","698");
INSERT INTO transaction VALUES("2886","21","X","-10","ML","1416507458","{\"orderID\":699,\"orderDetailId\":1901}","0","0","sub","699");
INSERT INTO transaction VALUES("2887","2","X","-15","ML","1416507458","{\"orderID\":699,\"orderDetailId\":1901}","0","0","sub","699");
INSERT INTO transaction VALUES("2888","25","X","-20","G","1416507458","{\"orderID\":699,\"orderDetailId\":1901}","0","0","sub","699");
INSERT INTO transaction VALUES("2889","39","X","-8","G","1416507458","{\"orderID\":699,\"orderDetailId\":1901}","0","0","sub","699");
INSERT INTO transaction VALUES("2890","44","X","-22.5","ML","1416507458","{\"orderID\":699,\"orderDetailId\":1901}","0","0","sub","699");
INSERT INTO transaction VALUES("2891","43","X","-22.5","ML","1416507458","{\"orderID\":699,\"orderDetailId\":1901}","0","0","sub","699");
INSERT INTO transaction VALUES("2892","54","X","-8","Cai","1416507458","{\"orderID\":699,\"orderDetailId\":1901}","0","0","sub","699");
INSERT INTO transaction VALUES("2893","39","X","-30","G","1416507458","{\"orderID\":699,\"orderDetailId\":1902}","0","0","sub","699");
INSERT INTO transaction VALUES("2894","30","X","-2","Trai","1416507458","{\"orderID\":699,\"orderDetailId\":1903}","0","0","sub","699");
INSERT INTO transaction VALUES("2897","21","X","-20","ML","1416512890","{\"orderID\":\"700\",\"orderDetailId\":1907}","0","0","sub","700");
INSERT INTO transaction VALUES("2898","39","X","-30","G","1416512890","{\"orderID\":\"700\",\"orderDetailId\":1907}","0","0","sub","700");
INSERT INTO transaction VALUES("2910","53","X","-3","Trai","1416522095","{\"orderID\":\"701\",\"orderDetailId\":1935}","0","0","sub","701");
INSERT INTO transaction VALUES("2911","34","X","-0.125","Trai","1416522095","{\"orderID\":\"701\",\"orderDetailId\":1935}","0","0","sub","701");
INSERT INTO transaction VALUES("2912","35","X","-0.167","Trai","1416522095","{\"orderID\":\"701\",\"orderDetailId\":1935}","0","0","sub","701");
INSERT INTO transaction VALUES("2913","42","X","-0.5","Hu","1416522095","{\"orderID\":\"701\",\"orderDetailId\":1935}","0","0","sub","701");
INSERT INTO transaction VALUES("2914","29","X","-1","Goi","1416522122","{\"orderID\":\"709\",\"orderDetailId\":1936}","0","0","sub","709");
INSERT INTO transaction VALUES("2915","28","X","-2","Goi","1416522122","{\"orderID\":\"709\",\"orderDetailId\":1936}","0","0","sub","709");
INSERT INTO transaction VALUES("2916","42","X","-1","Hu","1416522151","{\"orderID\":\"708\",\"orderDetailId\":1938}","0","0","sub","708");
INSERT INTO transaction VALUES("2917","53","X","-3","Trai","1416522151","{\"orderID\":\"708\",\"orderDetailId\":1939}","0","0","sub","708");
INSERT INTO transaction VALUES("2918","34","X","-0.125","Trai","1416522151","{\"orderID\":\"708\",\"orderDetailId\":1939}","0","0","sub","708");
INSERT INTO transaction VALUES("2919","35","X","-0.167","Trai","1416522151","{\"orderID\":\"708\",\"orderDetailId\":1939}","0","0","sub","708");
INSERT INTO transaction VALUES("2920","42","X","-0.5","Hu","1416522151","{\"orderID\":\"708\",\"orderDetailId\":1939}","0","0","sub","708");
INSERT INTO transaction VALUES("2921","42","X","0","Hu","1416524855","{\"orderID\":711,\"orderDetailId\":1940}","0","0","sub","711");
INSERT INTO transaction VALUES("2922","38","X","-30","ML","1416524855","{\"orderID\":711,\"orderDetailId\":1940}","0","0","sub","711");
INSERT INTO transaction VALUES("2923","21","X","-30","ML","1416524855","{\"orderID\":711,\"orderDetailId\":1940}","0","0","sub","711");
INSERT INTO transaction VALUES("2924","43","X","-22.5","ML","1416524855","{\"orderID\":711,\"orderDetailId\":1940}","0","0","sub","711");
INSERT INTO transaction VALUES("2925","44","X","-22.5","ML","1416524855","{\"orderID\":711,\"orderDetailId\":1940}","0","0","sub","711");
INSERT INTO transaction VALUES("2926","27","X","-20","G","1416526005","{\"orderID\":712,\"orderDetailId\":1941}","0","0","sub","712");
INSERT INTO transaction VALUES("2927","42","X","-1","Hu","1416526005","{\"orderID\":712,\"orderDetailId\":1941}","0","0","sub","712");
INSERT INTO transaction VALUES("2960","5","X","-30","ML","1416540894","{\"orderID\":\"713\",\"orderDetailId\":1952}","0","0","sub","713");
INSERT INTO transaction VALUES("2961","4","X","-30","ML","1416540894","{\"orderID\":\"713\",\"orderDetailId\":1952}","0","0","sub","713");
INSERT INTO transaction VALUES("2962","18","X","-30","ML","1416540894","{\"orderID\":\"713\",\"orderDetailId\":1952}","0","0","sub","713");
INSERT INTO transaction VALUES("2963","43","X","-22.5","ML","1416540894","{\"orderID\":\"713\",\"orderDetailId\":1952}","0","0","sub","713");
INSERT INTO transaction VALUES("2964","44","X","-22.5","ML","1416540894","{\"orderID\":\"713\",\"orderDetailId\":1952}","0","0","sub","713");
INSERT INTO transaction VALUES("2965","52","X","-150","ML","1416540894","{\"orderID\":\"713\",\"orderDetailId\":1952}","0","0","sub","713");
INSERT INTO transaction VALUES("2966","45","X","-2","Cai","1416540894","{\"orderID\":\"713\",\"orderDetailId\":1953}","0","0","sub","713");
INSERT INTO transaction VALUES("2967","23","X","-20","G","1416540894","{\"orderID\":\"713\",\"orderDetailId\":1953}","0","0","sub","713");
INSERT INTO transaction VALUES("2968","25","X","-20","G","1416540894","{\"orderID\":\"713\",\"orderDetailId\":1953}","0","0","sub","713");
INSERT INTO transaction VALUES("2969","21","X","-10","ML","1416540894","{\"orderID\":\"713\",\"orderDetailId\":1953}","0","0","sub","713");
INSERT INTO transaction VALUES("2970","46","X","-40","ML","1416540894","{\"orderID\":\"713\",\"orderDetailId\":1953}","0","0","sub","713");
INSERT INTO transaction VALUES("2971","17","X","-5","G","1416540894","{\"orderID\":\"713\",\"orderDetailId\":1953}","0","0","sub","713");
INSERT INTO transaction VALUES("2972","43","X","-22.5","ML","1416540894","{\"orderID\":\"713\",\"orderDetailId\":1953}","0","0","sub","713");
INSERT INTO transaction VALUES("2973","44","X","-22.5","ML","1416540894","{\"orderID\":\"713\",\"orderDetailId\":1953}","0","0","sub","713");
INSERT INTO transaction VALUES("2974","21","X","-20","ML","1416542707","{\"orderID\":\"714\",\"orderDetailId\":1955}","0","0","sub","714");
INSERT INTO transaction VALUES("2975","46","X","-50","ML","1416542707","{\"orderID\":\"714\",\"orderDetailId\":1955}","0","0","sub","714");
INSERT INTO transaction VALUES("2976","39","X","-20","G","1416542707","{\"orderID\":\"714\",\"orderDetailId\":1955}","0","0","sub","714");
INSERT INTO transaction VALUES("2986","46","X","-50","ML","1416543796","{\"orderID\":\"717\",\"orderDetailId\":1958}","0","0","sub","717");
INSERT INTO transaction VALUES("2987","22","X","-10","G","1416543796","{\"orderID\":\"717\",\"orderDetailId\":1958}","0","0","sub","717");
INSERT INTO transaction VALUES("2988","56","X","-10","G","1416543796","{\"orderID\":\"717\",\"orderDetailId\":1958}","0","0","sub","717");
INSERT INTO transaction VALUES("2989","21","X","-30","ML","1416543796","{\"orderID\":\"717\",\"orderDetailId\":1958}","0","0","sub","717");
INSERT INTO transaction VALUES("2990","55","X","-8","Cai","1416543796","{\"orderID\":\"717\",\"orderDetailId\":1958}","0","0","sub","717");
INSERT INTO transaction VALUES("2991","43","X","-22.5","ML","1416543796","{\"orderID\":\"717\",\"orderDetailId\":1958}","0","0","sub","717");
INSERT INTO transaction VALUES("2992","44","X","-22.5","ML","1416543796","{\"orderID\":\"717\",\"orderDetailId\":1958}","0","0","sub","717");
INSERT INTO transaction VALUES("2993","53","X","-6","Trai","1416544594","{\"orderID\":\"715\",\"orderDetailId\":1959}","0","0","sub","715");
INSERT INTO transaction VALUES("2994","46","X","-30","ML","1416544594","{\"orderID\":\"715\",\"orderDetailId\":1959}","0","0","sub","715");
INSERT INTO transaction VALUES("2995","21","X","-20","ML","1416544594","{\"orderID\":\"715\",\"orderDetailId\":1959}","0","0","sub","715");
INSERT INTO transaction VALUES("2996","18","X","-15","ML","1416544594","{\"orderID\":\"715\",\"orderDetailId\":1959}","0","0","sub","715");
INSERT INTO transaction VALUES("2997","53","X","-6","Trai","1416544684","{\"orderID\":718,\"orderDetailId\":1960}","0","0","sub","718");
INSERT INTO transaction VALUES("2998","46","X","-30","ML","1416544684","{\"orderID\":718,\"orderDetailId\":1960}","0","0","sub","718");
INSERT INTO transaction VALUES("2999","21","X","-20","ML","1416544684","{\"orderID\":718,\"orderDetailId\":1960}","0","0","sub","718");
INSERT INTO transaction VALUES("3000","18","X","-15","ML","1416544684","{\"orderID\":718,\"orderDetailId\":1960}","0","0","sub","718");
INSERT INTO transaction VALUES("3001","31","X","-1","Trai","1416547991","{\"orderID\":\"716\",\"orderDetailId\":1961}","0","0","sub","716");
INSERT INTO transaction VALUES("3002","33","X","-1","Trai","1416547991","{\"orderID\":\"716\",\"orderDetailId\":1961}","0","0","sub","716");
INSERT INTO transaction VALUES("3028","36","X","-15","ML","1416632046","{\"orderID\":\"722\",\"orderDetailId\":1970}","0","0","sub","722");
INSERT INTO transaction VALUES("3029","15","X","-15","ML","1416632046","{\"orderID\":\"722\",\"orderDetailId\":1970}","0","0","sub","722");
INSERT INTO transaction VALUES("3030","52","X","-150","ML","1416632046","{\"orderID\":\"722\",\"orderDetailId\":1970}","0","0","sub","722");
INSERT INTO transaction VALUES("3031","43","X","-22.5","ML","1416632046","{\"orderID\":\"722\",\"orderDetailId\":1970}","0","0","sub","722");
INSERT INTO transaction VALUES("3032","44","X","-22.5","ML","1416632046","{\"orderID\":\"722\",\"orderDetailId\":1970}","0","0","sub","722");
INSERT INTO transaction VALUES("3033","29","X","-1","Goi","1416632046","{\"orderID\":\"722\",\"orderDetailId\":1971}","0","0","sub","722");
INSERT INTO transaction VALUES("3034","28","X","-2","Goi","1416632046","{\"orderID\":\"722\",\"orderDetailId\":1971}","0","0","sub","722");
INSERT INTO transaction VALUES("3035","27","X","-10","G","1416632046","{\"orderID\":\"722\",\"orderDetailId\":1971}","0","0","sub","722");
INSERT INTO transaction VALUES("3036","21","X","-20","ML","1416632046","{\"orderID\":\"722\",\"orderDetailId\":1972}","0","0","sub","722");
INSERT INTO transaction VALUES("3037","39","X","-30","G","1416632046","{\"orderID\":\"722\",\"orderDetailId\":1972}","0","0","sub","722");
INSERT INTO transaction VALUES("3038","32","X","-1","Trai","1416632093","{\"orderID\":\"720\",\"orderDetailId\":1973}","0","0","sub","720");
INSERT INTO transaction VALUES("3039","46","X","-50","ML","1416632372","{\"orderID\":\"719\",\"orderDetailId\":1974}","0","0","sub","719");
INSERT INTO transaction VALUES("3040","22","X","-10","G","1416632372","{\"orderID\":\"719\",\"orderDetailId\":1974}","0","0","sub","719");
INSERT INTO transaction VALUES("3041","56","X","-10","G","1416632372","{\"orderID\":\"719\",\"orderDetailId\":1974}","0","0","sub","719");
INSERT INTO transaction VALUES("3042","21","X","-30","ML","1416632372","{\"orderID\":\"719\",\"orderDetailId\":1974}","0","0","sub","719");
INSERT INTO transaction VALUES("3043","55","X","-8","Cai","1416632372","{\"orderID\":\"719\",\"orderDetailId\":1974}","0","0","sub","719");
INSERT INTO transaction VALUES("3044","43","X","-22.5","ML","1416632372","{\"orderID\":\"719\",\"orderDetailId\":1974}","0","0","sub","719");
INSERT INTO transaction VALUES("3045","44","X","-22.5","ML","1416632372","{\"orderID\":\"719\",\"orderDetailId\":1974}","0","0","sub","719");
INSERT INTO transaction VALUES("3047","27","X","-20","G","1416635128","{\"orderID\":\"723\",\"orderDetailId\":1979}","0","0","sub","723");
INSERT INTO transaction VALUES("3048","42","X","-1","Hu","1416635128","{\"orderID\":\"723\",\"orderDetailId\":1979}","0","0","sub","723");
INSERT INTO transaction VALUES("3064","39","X","-30","G","1416637842","{\"orderID\":\"721\",\"orderDetailId\":1988}","0","0","sub","721");
INSERT INTO transaction VALUES("3065","53","X","-3","Trai","1416637842","{\"orderID\":\"721\",\"orderDetailId\":1990}","0","0","sub","721");
INSERT INTO transaction VALUES("3066","34","X","-0.125","Trai","1416637842","{\"orderID\":\"721\",\"orderDetailId\":1990}","0","0","sub","721");
INSERT INTO transaction VALUES("3067","35","X","-0.167","Trai","1416637842","{\"orderID\":\"721\",\"orderDetailId\":1990}","0","0","sub","721");
INSERT INTO transaction VALUES("3068","42","X","-0.5","Hu","1416637842","{\"orderID\":\"721\",\"orderDetailId\":1990}","0","0","sub","721");
INSERT INTO transaction VALUES("3069","6","X","-30","ML","1416639107","{\"orderID\":\"727\",\"orderDetailId\":1991}","0","0","sub","727");
INSERT INTO transaction VALUES("3070","52","X","-150","ML","1416639107","{\"orderID\":\"727\",\"orderDetailId\":1991}","0","0","sub","727");
INSERT INTO transaction VALUES("3071","44","X","-22.5","ML","1416639107","{\"orderID\":\"727\",\"orderDetailId\":1991}","0","0","sub","727");
INSERT INTO transaction VALUES("3072","43","X","-22.5","ML","1416639107","{\"orderID\":\"727\",\"orderDetailId\":1991}","0","0","sub","727");
INSERT INTO transaction VALUES("3078","27","X","-20","G","1416642054","{\"orderID\":\"728\",\"orderDetailId\":1993}","0","0","sub","728");
INSERT INTO transaction VALUES("3079","42","X","-1","Hu","1416642054","{\"orderID\":\"728\",\"orderDetailId\":1993}","0","0","sub","728");
INSERT INTO transaction VALUES("3080","53","X","-3","Trai","1416644627","{\"orderID\":\"726\",\"orderDetailId\":1994}","0","0","sub","726");
INSERT INTO transaction VALUES("3081","34","X","-0.125","Trai","1416644627","{\"orderID\":\"726\",\"orderDetailId\":1994}","0","0","sub","726");
INSERT INTO transaction VALUES("3082","35","X","-0.167","Trai","1416644627","{\"orderID\":\"726\",\"orderDetailId\":1994}","0","0","sub","726");
INSERT INTO transaction VALUES("3083","42","X","-0.5","Hu","1416644627","{\"orderID\":\"726\",\"orderDetailId\":1994}","0","0","sub","726");
INSERT INTO transaction VALUES("3084","36","X","-15","ML","1416644644","{\"orderID\":\"729\",\"orderDetailId\":1995}","0","0","sub","729");
INSERT INTO transaction VALUES("3085","15","X","-15","ML","1416644644","{\"orderID\":\"729\",\"orderDetailId\":1995}","0","0","sub","729");
INSERT INTO transaction VALUES("3086","52","X","-150","ML","1416644644","{\"orderID\":\"729\",\"orderDetailId\":1995}","0","0","sub","729");
INSERT INTO transaction VALUES("3087","43","X","-22.5","ML","1416644644","{\"orderID\":\"729\",\"orderDetailId\":1995}","0","0","sub","729");
INSERT INTO transaction VALUES("3088","44","X","-22.5","ML","1416644644","{\"orderID\":\"729\",\"orderDetailId\":1995}","0","0","sub","729");
INSERT INTO transaction VALUES("3089","46","X","-50","ML","1416664238","{\"orderID\":730,\"orderDetailId\":1996}","0","0","sub","730");
INSERT INTO transaction VALUES("3090","22","X","-10","G","1416664238","{\"orderID\":730,\"orderDetailId\":1996}","0","0","sub","730");
INSERT INTO transaction VALUES("3091","56","X","-10","G","1416664238","{\"orderID\":730,\"orderDetailId\":1996}","0","0","sub","730");
INSERT INTO transaction VALUES("3092","21","X","-30","ML","1416664238","{\"orderID\":730,\"orderDetailId\":1996}","0","0","sub","730");
INSERT INTO transaction VALUES("3093","55","X","-8","Cai","1416664238","{\"orderID\":730,\"orderDetailId\":1996}","0","0","sub","730");
INSERT INTO transaction VALUES("3094","43","X","-22.5","ML","1416664238","{\"orderID\":730,\"orderDetailId\":1996}","0","0","sub","730");
INSERT INTO transaction VALUES("3095","44","X","-22.5","ML","1416664238","{\"orderID\":730,\"orderDetailId\":1996}","0","0","sub","730");
INSERT INTO transaction VALUES("3096","45","X","-2","Cai","1416664238","{\"orderID\":730,\"orderDetailId\":1997}","0","0","sub","730");
INSERT INTO transaction VALUES("3097","23","X","-20","G","1416664238","{\"orderID\":730,\"orderDetailId\":1997}","0","0","sub","730");
INSERT INTO transaction VALUES("3098","25","X","-20","G","1416664238","{\"orderID\":730,\"orderDetailId\":1997}","0","0","sub","730");
INSERT INTO transaction VALUES("3099","21","X","-10","ML","1416664238","{\"orderID\":730,\"orderDetailId\":1997}","0","0","sub","730");
INSERT INTO transaction VALUES("3100","46","X","-40","ML","1416664238","{\"orderID\":730,\"orderDetailId\":1997}","0","0","sub","730");
INSERT INTO transaction VALUES("3101","17","X","-5","G","1416664238","{\"orderID\":730,\"orderDetailId\":1997}","0","0","sub","730");
INSERT INTO transaction VALUES("3102","43","X","-22.5","ML","1416664238","{\"orderID\":730,\"orderDetailId\":1997}","0","0","sub","730");
INSERT INTO transaction VALUES("3103","44","X","-22.5","ML","1416664238","{\"orderID\":730,\"orderDetailId\":1997}","0","0","sub","730");
INSERT INTO transaction VALUES("3104","34","X","-0.125","Trai","1416664238","{\"orderID\":730,\"orderDetailId\":1998}","0","0","sub","730");
INSERT INTO transaction VALUES("3105","31","X","-0.125","Trai","1416664238","{\"orderID\":730,\"orderDetailId\":1998}","0","0","sub","730");
INSERT INTO transaction VALUES("3106","33","X","-0.125","Trai","1416664238","{\"orderID\":730,\"orderDetailId\":1998}","0","0","sub","730");
INSERT INTO transaction VALUES("3107","49","X","-1","KG","1416664238","{\"orderID\":730,\"orderDetailId\":1998}","0","0","sub","730");
INSERT INTO transaction VALUES("3108","37","X","-15","ML","1416664238","{\"orderID\":730,\"orderDetailId\":1998}","0","0","sub","730");
INSERT INTO transaction VALUES("3109","53","X","-2","Trai","1416664238","{\"orderID\":730,\"orderDetailId\":1998}","0","0","sub","730");
INSERT INTO transaction VALUES("3110","47","X","-1","Trai","1416664280","{\"orderID\":731,\"orderDetailId\":1999}","0","0","sub","731");
INSERT INTO transaction VALUES("3111","46","X","-40","ML","1416664280","{\"orderID\":731,\"orderDetailId\":1999}","0","0","sub","731");
INSERT INTO transaction VALUES("3112","21","X","-30","ML","1416664280","{\"orderID\":731,\"orderDetailId\":1999}","0","0","sub","731");
INSERT INTO transaction VALUES("3113","45","X","-2","Cai","1416664280","{\"orderID\":731,\"orderDetailId\":2000}","0","0","sub","731");
INSERT INTO transaction VALUES("3114","23","X","-20","G","1416664280","{\"orderID\":731,\"orderDetailId\":2000}","0","0","sub","731");
INSERT INTO transaction VALUES("3115","25","X","-20","G","1416664280","{\"orderID\":731,\"orderDetailId\":2000}","0","0","sub","731");
INSERT INTO transaction VALUES("3116","21","X","-10","ML","1416664280","{\"orderID\":731,\"orderDetailId\":2000}","0","0","sub","731");
INSERT INTO transaction VALUES("3117","46","X","-40","ML","1416664280","{\"orderID\":731,\"orderDetailId\":2000}","0","0","sub","731");
INSERT INTO transaction VALUES("3118","17","X","-5","G","1416664280","{\"orderID\":731,\"orderDetailId\":2000}","0","0","sub","731");
INSERT INTO transaction VALUES("3119","43","X","-22.5","ML","1416664280","{\"orderID\":731,\"orderDetailId\":2000}","0","0","sub","731");
INSERT INTO transaction VALUES("3120","44","X","-22.5","ML","1416664280","{\"orderID\":731,\"orderDetailId\":2000}","0","0","sub","731");
INSERT INTO transaction VALUES("3121","45","X","-2","Cai","1416664280","{\"orderID\":731,\"orderDetailId\":2001}","0","0","sub","731");
INSERT INTO transaction VALUES("3122","46","X","-60","ML","1416664280","{\"orderID\":731,\"orderDetailId\":2001}","0","0","sub","731");
INSERT INTO transaction VALUES("3123","21","X","-10","ML","1416664280","{\"orderID\":731,\"orderDetailId\":2001}","0","0","sub","731");
INSERT INTO transaction VALUES("3124","25","X","-20","G","1416664280","{\"orderID\":731,\"orderDetailId\":2001}","0","0","sub","731");
INSERT INTO transaction VALUES("3125","43","X","-22.5","ML","1416664280","{\"orderID\":731,\"orderDetailId\":2001}","0","0","sub","731");
INSERT INTO transaction VALUES("3126","44","X","-22.5","ML","1416664280","{\"orderID\":731,\"orderDetailId\":2001}","0","0","sub","731");
INSERT INTO transaction VALUES("3127","39","X","-30","G","1416664302","{\"orderID\":732,\"orderDetailId\":2002}","0","0","sub","732");
INSERT INTO transaction VALUES("3128","34","X","-0.125","Trai","1416666786","{\"orderID\":733,\"orderDetailId\":2003}","0","0","sub","733");
INSERT INTO transaction VALUES("3129","31","X","-0.125","Trai","1416666786","{\"orderID\":733,\"orderDetailId\":2003}","0","0","sub","733");
INSERT INTO transaction VALUES("3130","33","X","-0.125","Trai","1416666786","{\"orderID\":733,\"orderDetailId\":2003}","0","0","sub","733");
INSERT INTO transaction VALUES("3131","49","X","-1","KG","1416666786","{\"orderID\":733,\"orderDetailId\":2003}","0","0","sub","733");
INSERT INTO transaction VALUES("3132","37","X","-15","ML","1416666786","{\"orderID\":733,\"orderDetailId\":2003}","0","0","sub","733");
INSERT INTO transaction VALUES("3133","53","X","-2","Trai","1416666786","{\"orderID\":733,\"orderDetailId\":2003}","0","0","sub","733");
INSERT INTO transaction VALUES("3134","21","X","-20","ML","1416678495","{\"orderID\":734,\"orderDetailId\":2004}","0","0","sub","734");
INSERT INTO transaction VALUES("3135","39","X","-30","G","1416678495","{\"orderID\":734,\"orderDetailId\":2004}","0","0","sub","734");
INSERT INTO transaction VALUES("3136","39","X","-30","G","1416685814","{\"orderID\":736,\"orderDetailId\":2006}","0","0","sub","736");
INSERT INTO transaction VALUES("3137","21","X","-10","ML","1416688542","{\"orderID\":737,\"orderDetailId\":2007}","0","0","sub","737");
INSERT INTO transaction VALUES("3138","2","X","-15","ML","1416688542","{\"orderID\":737,\"orderDetailId\":2007}","0","0","sub","737");
INSERT INTO transaction VALUES("3139","25","X","-20","G","1416688543","{\"orderID\":737,\"orderDetailId\":2007}","0","0","sub","737");
INSERT INTO transaction VALUES("3140","39","X","-8","G","1416688543","{\"orderID\":737,\"orderDetailId\":2007}","0","0","sub","737");
INSERT INTO transaction VALUES("3141","44","X","-22.5","ML","1416688543","{\"orderID\":737,\"orderDetailId\":2007}","0","0","sub","737");
INSERT INTO transaction VALUES("3142","43","X","-22.5","ML","1416688543","{\"orderID\":737,\"orderDetailId\":2007}","0","0","sub","737");
INSERT INTO transaction VALUES("3143","54","X","-8","Cai","1416688543","{\"orderID\":737,\"orderDetailId\":2007}","0","0","sub","737");
INSERT INTO transaction VALUES("3144","30","X","-2","Trai","1416688543","{\"orderID\":737,\"orderDetailId\":2008}","0","0","sub","737");
INSERT INTO transaction VALUES("3145","21","X","-10","ML","1416697617","{\"orderID\":738,\"orderDetailId\":2009}","0","0","sub","738");
INSERT INTO transaction VALUES("3146","2","X","-15","ML","1416697617","{\"orderID\":738,\"orderDetailId\":2009}","0","0","sub","738");
INSERT INTO transaction VALUES("3147","25","X","-20","G","1416697617","{\"orderID\":738,\"orderDetailId\":2009}","0","0","sub","738");
INSERT INTO transaction VALUES("3148","39","X","-8","G","1416697617","{\"orderID\":738,\"orderDetailId\":2009}","0","0","sub","738");
INSERT INTO transaction VALUES("3149","44","X","-22.5","ML","1416697617","{\"orderID\":738,\"orderDetailId\":2009}","0","0","sub","738");
INSERT INTO transaction VALUES("3150","43","X","-22.5","ML","1416697617","{\"orderID\":738,\"orderDetailId\":2009}","0","0","sub","738");
INSERT INTO transaction VALUES("3151","54","X","-8","Cai","1416697617","{\"orderID\":738,\"orderDetailId\":2009}","0","0","sub","738");
INSERT INTO transaction VALUES("3152","21","X","-20","ML","1416697654","{\"orderID\":739,\"orderDetailId\":2010}","0","0","sub","739");
INSERT INTO transaction VALUES("3153","39","X","-30","G","1416697654","{\"orderID\":739,\"orderDetailId\":2010}","0","0","sub","739");
INSERT INTO transaction VALUES("3154","29","X","-1","Goi","1416697705","{\"orderID\":740,\"orderDetailId\":2011}","0","0","sub","740");
INSERT INTO transaction VALUES("3155","28","X","-2","Goi","1416697705","{\"orderID\":740,\"orderDetailId\":2011}","0","0","sub","740");
INSERT INTO transaction VALUES("3165","30","X","-0.5","Trai","1416702957","{\"orderID\":\"742\",\"orderDetailId\":2015}","0","0","sub","742");
INSERT INTO transaction VALUES("3166","53","X","-3","Trai","1416702957","{\"orderID\":\"742\",\"orderDetailId\":2015}","0","0","sub","742");
INSERT INTO transaction VALUES("3167","47","X","-0.5","Trai","1416702957","{\"orderID\":\"742\",\"orderDetailId\":2015}","0","0","sub","742");
INSERT INTO transaction VALUES("3168","21","X","-20","ML","1416702957","{\"orderID\":\"742\",\"orderDetailId\":2015}","0","0","sub","742");
INSERT INTO transaction VALUES("3169","46","X","-30","ML","1416702957","{\"orderID\":\"742\",\"orderDetailId\":2015}","0","0","sub","742");
INSERT INTO transaction VALUES("3170","6","X","-30","ML","1416702957","{\"orderID\":\"742\",\"orderDetailId\":2016}","0","0","sub","742");
INSERT INTO transaction VALUES("3171","52","X","-150","ML","1416702957","{\"orderID\":\"742\",\"orderDetailId\":2016}","0","0","sub","742");
INSERT INTO transaction VALUES("3172","44","X","-22.5","ML","1416702957","{\"orderID\":\"742\",\"orderDetailId\":2016}","0","0","sub","742");
INSERT INTO transaction VALUES("3173","43","X","-22.5","ML","1416702957","{\"orderID\":\"742\",\"orderDetailId\":2016}","0","0","sub","742");
INSERT INTO transaction VALUES("3207","39","X","-60","G","1416712754","{\"orderID\":\"743\",\"orderDetailId\":2027}","0","0","sub","743");
INSERT INTO transaction VALUES("3208","46","X","-50","ML","1416712754","{\"orderID\":\"743\",\"orderDetailId\":2028}","0","0","sub","743");
INSERT INTO transaction VALUES("3209","22","X","-10","G","1416712754","{\"orderID\":\"743\",\"orderDetailId\":2028}","0","0","sub","743");
INSERT INTO transaction VALUES("3210","56","X","-10","G","1416712754","{\"orderID\":\"743\",\"orderDetailId\":2028}","0","0","sub","743");
INSERT INTO transaction VALUES("3211","21","X","-30","ML","1416712754","{\"orderID\":\"743\",\"orderDetailId\":2028}","0","0","sub","743");
INSERT INTO transaction VALUES("3212","55","X","-8","Cai","1416712754","{\"orderID\":\"743\",\"orderDetailId\":2028}","0","0","sub","743");
INSERT INTO transaction VALUES("3213","43","X","-22.5","ML","1416712754","{\"orderID\":\"743\",\"orderDetailId\":2028}","0","0","sub","743");
INSERT INTO transaction VALUES("3214","44","X","-22.5","ML","1416712754","{\"orderID\":\"743\",\"orderDetailId\":2028}","0","0","sub","743");
INSERT INTO transaction VALUES("3297","7","X","-40","ML","1416715162","{\"orderID\":\"745\",\"orderDetailId\":2053}","0","0","sub","745");
INSERT INTO transaction VALUES("3298","12","X","-20","ML","1416715162","{\"orderID\":\"745\",\"orderDetailId\":2053}","0","0","sub","745");
INSERT INTO transaction VALUES("3299","21","X","-20","ML","1416715162","{\"orderID\":\"745\",\"orderDetailId\":2053}","0","0","sub","745");
INSERT INTO transaction VALUES("3300","46","X","-10","ML","1416715162","{\"orderID\":\"745\",\"orderDetailId\":2053}","0","0","sub","745");
INSERT INTO transaction VALUES("3301","53","X","-3","Trai","1416715162","{\"orderID\":\"745\",\"orderDetailId\":2054}","0","0","sub","745");
INSERT INTO transaction VALUES("3302","34","X","-0.125","Trai","1416715162","{\"orderID\":\"745\",\"orderDetailId\":2054}","0","0","sub","745");
INSERT INTO transaction VALUES("3303","3","X","-15","ML","1416715162","{\"orderID\":\"745\",\"orderDetailId\":2054}","0","0","sub","745");
INSERT INTO transaction VALUES("3304","21","X","-30","ML","1416715162","{\"orderID\":\"745\",\"orderDetailId\":2054}","0","0","sub","745");
INSERT INTO transaction VALUES("3357","20","X","-40","G","1416717530","{\"orderID\":\"744\",\"orderDetailId\":2071}","0","0","sub","744");
INSERT INTO transaction VALUES("3358","47","X","-1","Trai","1416717530","{\"orderID\":\"744\",\"orderDetailId\":2072}","0","0","sub","744");
INSERT INTO transaction VALUES("3359","46","X","-40","ML","1416717530","{\"orderID\":\"744\",\"orderDetailId\":2072}","0","0","sub","744");
INSERT INTO transaction VALUES("3360","21","X","-30","ML","1416717530","{\"orderID\":\"744\",\"orderDetailId\":2072}","0","0","sub","744");
INSERT INTO transaction VALUES("3361","36","X","-15","ML","1416717530","{\"orderID\":\"744\",\"orderDetailId\":2073}","0","0","sub","744");
INSERT INTO transaction VALUES("3362","15","X","-15","ML","1416717530","{\"orderID\":\"744\",\"orderDetailId\":2073}","0","0","sub","744");
INSERT INTO transaction VALUES("3363","52","X","-150","ML","1416717530","{\"orderID\":\"744\",\"orderDetailId\":2073}","0","0","sub","744");
INSERT INTO transaction VALUES("3364","43","X","-22.5","ML","1416717530","{\"orderID\":\"744\",\"orderDetailId\":2073}","0","0","sub","744");
INSERT INTO transaction VALUES("3365","44","X","-22.5","ML","1416717530","{\"orderID\":\"744\",\"orderDetailId\":2073}","0","0","sub","744");
INSERT INTO transaction VALUES("3366","53","X","-6","Trai","1416717530","{\"orderID\":\"744\",\"orderDetailId\":2074}","0","0","sub","744");
INSERT INTO transaction VALUES("3367","46","X","-30","ML","1416717530","{\"orderID\":\"744\",\"orderDetailId\":2074}","0","0","sub","744");
INSERT INTO transaction VALUES("3368","21","X","-20","ML","1416717530","{\"orderID\":\"744\",\"orderDetailId\":2074}","0","0","sub","744");
INSERT INTO transaction VALUES("3369","18","X","-15","ML","1416717530","{\"orderID\":\"744\",\"orderDetailId\":2074}","0","0","sub","744");
INSERT INTO transaction VALUES("3370","11","X","-20","ML","1416717530","{\"orderID\":\"744\",\"orderDetailId\":2075}","0","0","sub","744");
INSERT INTO transaction VALUES("3371","19","X","-5","ML","1416717530","{\"orderID\":\"744\",\"orderDetailId\":2075}","0","0","sub","744");
INSERT INTO transaction VALUES("3372","10","X","-5","ML","1416717530","{\"orderID\":\"744\",\"orderDetailId\":2075}","0","0","sub","744");
INSERT INTO transaction VALUES("3373","52","X","-150","ML","1416717530","{\"orderID\":\"744\",\"orderDetailId\":2075}","0","0","sub","744");
INSERT INTO transaction VALUES("3374","44","X","-22.5","ML","1416717530","{\"orderID\":\"744\",\"orderDetailId\":2075}","0","0","sub","744");
INSERT INTO transaction VALUES("3375","43","X","-22.5","ML","1416717530","{\"orderID\":\"744\",\"orderDetailId\":2075}","0","0","sub","744");
INSERT INTO transaction VALUES("3376","31","X","-1","Trai","1416717530","{\"orderID\":\"744\",\"orderDetailId\":2076}","0","0","sub","744");
INSERT INTO transaction VALUES("3377","40","X","-2","Trai","1416717530","{\"orderID\":\"744\",\"orderDetailId\":2077}","0","0","sub","744");
INSERT INTO transaction VALUES("3378","42","X","0","Hu","1416717530","{\"orderID\":\"744\",\"orderDetailId\":2078}","0","0","sub","744");
INSERT INTO transaction VALUES("3379","38","X","-30","ML","1416717530","{\"orderID\":\"744\",\"orderDetailId\":2078}","0","0","sub","744");
INSERT INTO transaction VALUES("3380","21","X","-30","ML","1416717530","{\"orderID\":\"744\",\"orderDetailId\":2078}","0","0","sub","744");
INSERT INTO transaction VALUES("3381","43","X","-22.5","ML","1416717530","{\"orderID\":\"744\",\"orderDetailId\":2078}","0","0","sub","744");
INSERT INTO transaction VALUES("3382","44","X","-22.5","ML","1416717530","{\"orderID\":\"744\",\"orderDetailId\":2078}","0","0","sub","744");
INSERT INTO transaction VALUES("3383","21","X","-20","ML","1416717765","{\"orderID\":\"746\",\"orderDetailId\":2079}","0","0","sub","746");
INSERT INTO transaction VALUES("3384","23","X","-20","G","1416717765","{\"orderID\":\"746\",\"orderDetailId\":2079}","0","0","sub","746");
INSERT INTO transaction VALUES("3385","25","X","-20","G","1416717765","{\"orderID\":\"746\",\"orderDetailId\":2079}","0","0","sub","746");
INSERT INTO transaction VALUES("3386","39","X","-30","G","1416717765","{\"orderID\":\"746\",\"orderDetailId\":2079}","0","0","sub","746");
INSERT INTO transaction VALUES("3387","54","X","-8","Cai","1416717765","{\"orderID\":\"746\",\"orderDetailId\":2079}","0","0","sub","746");
INSERT INTO transaction VALUES("3388","43","X","-22.5","ML","1416717765","{\"orderID\":\"746\",\"orderDetailId\":2079}","0","0","sub","746");
INSERT INTO transaction VALUES("3389","44","X","-22.5","ML","1416717765","{\"orderID\":\"746\",\"orderDetailId\":2079}","0","0","sub","746");
INSERT INTO transaction VALUES("3390","42","X","-1","Hu","1416717765","{\"orderID\":\"746\",\"orderDetailId\":2080}","0","0","sub","746");
INSERT INTO transaction VALUES("3391","14","X","-30","ML","1416717765","{\"orderID\":\"746\",\"orderDetailId\":2080}","0","0","sub","746");
INSERT INTO transaction VALUES("3392","21","X","-30","ML","1416717765","{\"orderID\":\"746\",\"orderDetailId\":2080}","0","0","sub","746");
INSERT INTO transaction VALUES("3393","44","X","-22.5","ML","1416717765","{\"orderID\":\"746\",\"orderDetailId\":2080}","0","0","sub","746");
INSERT INTO transaction VALUES("3394","43","X","-22.5","ML","1416717765","{\"orderID\":\"746\",\"orderDetailId\":2080}","0","0","sub","746");
INSERT INTO transaction VALUES("3395","51","X","-1","Goi","1416719586","{\"orderID\":747,\"orderDetailId\":2081}","0","0","sub","747");
INSERT INTO transaction VALUES("3396","14","X","-30","ML","1416719586","{\"orderID\":747,\"orderDetailId\":2081}","0","0","sub","747");
INSERT INTO transaction VALUES("3397","45","N","16","Hu","1416795063","Nhập hàng","80000","4","main","0");
INSERT INTO transaction VALUES("3398","42","N","48","Hu","1416795156","Nhập hàng","0","0","sub","0");
INSERT INTO transaction VALUES("3399","45","X","-48","Hu","1416795156","Insert sub store","0","0","main","0");
INSERT INTO transaction VALUES("3400","21","N","4000","ML","1416795307","Nhập hàng","0","0","sub","0");
INSERT INTO transaction VALUES("3401","23","X","-4000","ML","1416795307","Insert sub store","0","0","main","0");
INSERT INTO transaction VALUES("3402","58","N","60","Trai","1416795922","Nhập hàng","40000","8","main","0");
INSERT INTO transaction VALUES("3403","53","N","60","Trai","1416795966","Nhập hàng","0","0","sub","0");
INSERT INTO transaction VALUES("3404","58","X","-60","Trai","1416795966","Insert sub store","0","0","main","0");
INSERT INTO transaction VALUES("3405","59","N","100","G","1416796047","Nhập hàng","75000","10","main","0");
INSERT INTO transaction VALUES("3406","56","N","100","G","1416796358","Nhập hàng","0","0","sub","0");
INSERT INTO transaction VALUES("3407","59","X","-100","G","1416796358","Insert sub store","0","0","main","0");
INSERT INTO transaction VALUES("3408","47","N","2250","ML","1416796603","Nhập hàng","120000","10","main","0");
INSERT INTO transaction VALUES("3409","46","N","3000","ML","1416796677","Nhập hàng","195000","10","main","0");
INSERT INTO transaction VALUES("3410","44","N","2250","ML","1416796833","Nhập hàng","0","0","sub","0");
INSERT INTO transaction VALUES("3411","47","X","-2250","ML","1416796833","Insert sub store","0","0","main","0");
INSERT INTO transaction VALUES("3412","43","N","3000","ML","1416796867","Nhập hàng","0","0","sub","0");
INSERT INTO transaction VALUES("3413","46","X","-3000","ML","1416796867","Insert sub store","0","0","main","0");
INSERT INTO transaction VALUES("3414","56","N","120","Cai","1416799198","Nhập hàng","15000","5","main","0");
INSERT INTO transaction VALUES("3415","33","N","12","Trai","1416799311","Nhập hàng","26000","8","main","0");
INSERT INTO transaction VALUES("3416","30","N","12","Trai","1416799345","Nhập hàng","0","0","sub","0");
INSERT INTO transaction VALUES("3417","33","X","-12","Trai","1416799345","Insert sub store","0","0","main","0");
INSERT INTO transaction VALUES("3418","39","X","-30","G","1416800966","{\"orderID\":748,\"orderDetailId\":2082}","0","0","sub","748");
INSERT INTO transaction VALUES("3419","7","X","-40","ML","1416801053","{\"orderID\":749,\"orderDetailId\":2083}","0","0","sub","749");
INSERT INTO transaction VALUES("3420","12","X","-20","ML","1416801053","{\"orderID\":749,\"orderDetailId\":2083}","0","0","sub","749");
INSERT INTO transaction VALUES("3421","21","X","-20","ML","1416801053","{\"orderID\":749,\"orderDetailId\":2083}","0","0","sub","749");
INSERT INTO transaction VALUES("3422","46","X","-10","ML","1416801053","{\"orderID\":749,\"orderDetailId\":2083}","0","0","sub","749");
INSERT INTO transaction VALUES("3431","39","X","-30","G","1416805785","{\"orderID\":\"750\",\"orderDetailId\":2088}","0","0","sub","750");
INSERT INTO transaction VALUES("3432","21","X","-10","ML","1416805785","{\"orderID\":\"750\",\"orderDetailId\":2089}","0","0","sub","750");
INSERT INTO transaction VALUES("3433","2","X","-15","ML","1416805785","{\"orderID\":\"750\",\"orderDetailId\":2089}","0","0","sub","750");
INSERT INTO transaction VALUES("3434","25","X","-20","G","1416805785","{\"orderID\":\"750\",\"orderDetailId\":2089}","0","0","sub","750");
INSERT INTO transaction VALUES("3435","39","X","-8","G","1416805785","{\"orderID\":\"750\",\"orderDetailId\":2089}","0","0","sub","750");
INSERT INTO transaction VALUES("3436","44","X","-22.5","ML","1416805785","{\"orderID\":\"750\",\"orderDetailId\":2089}","0","0","sub","750");
INSERT INTO transaction VALUES("3437","43","X","-22.5","ML","1416805785","{\"orderID\":\"750\",\"orderDetailId\":2089}","0","0","sub","750");
INSERT INTO transaction VALUES("3438","54","X","-8","Cai","1416805785","{\"orderID\":\"750\",\"orderDetailId\":2089}","0","0","sub","750");
INSERT INTO transaction VALUES("3439","36","X","-15","ML","1416813581","{\"orderID\":757,\"orderDetailId\":2097}","0","0","sub","757");
INSERT INTO transaction VALUES("3440","15","X","-15","ML","1416813581","{\"orderID\":757,\"orderDetailId\":2097}","0","0","sub","757");
INSERT INTO transaction VALUES("3441","52","X","-150","ML","1416813581","{\"orderID\":757,\"orderDetailId\":2097}","0","0","sub","757");
INSERT INTO transaction VALUES("3442","43","X","-22.5","ML","1416813581","{\"orderID\":757,\"orderDetailId\":2097}","0","0","sub","757");
INSERT INTO transaction VALUES("3443","44","X","-22.5","ML","1416813581","{\"orderID\":757,\"orderDetailId\":2097}","0","0","sub","757");
INSERT INTO transaction VALUES("3444","5","X","-30","ML","1416813581","{\"orderID\":757,\"orderDetailId\":2098}","0","0","sub","757");
INSERT INTO transaction VALUES("3445","4","X","-30","ML","1416813581","{\"orderID\":757,\"orderDetailId\":2098}","0","0","sub","757");
INSERT INTO transaction VALUES("3446","18","X","-30","ML","1416813581","{\"orderID\":757,\"orderDetailId\":2098}","0","0","sub","757");
INSERT INTO transaction VALUES("3447","43","X","-22.5","ML","1416813581","{\"orderID\":757,\"orderDetailId\":2098}","0","0","sub","757");
INSERT INTO transaction VALUES("3448","44","X","-22.5","ML","1416813581","{\"orderID\":757,\"orderDetailId\":2098}","0","0","sub","757");
INSERT INTO transaction VALUES("3449","52","X","-150","ML","1416813581","{\"orderID\":757,\"orderDetailId\":2098}","0","0","sub","757");
INSERT INTO transaction VALUES("3450","21","X","-20","ML","1416813759","{\"orderID\":758,\"orderDetailId\":2099}","0","0","sub","758");
INSERT INTO transaction VALUES("3451","39","X","-30","G","1416813759","{\"orderID\":758,\"orderDetailId\":2099}","0","0","sub","758");
INSERT INTO transaction VALUES("3452","37","N","2","Trai","1416816568","Nhập hàng","20000","8","main","0");
INSERT INTO transaction VALUES("3453","35","N","2","Trai","1416816663","Nhập hàng","24000","8","main","0");
INSERT INTO transaction VALUES("3454","32","N","2","Trai","1416816756","Nhập hàng","0","0","sub","0");
INSERT INTO transaction VALUES("3455","35","X","-2","Trai","1416816756","Insert sub store","0","0","main","0");
INSERT INTO transaction VALUES("3456","34","N","2","Trai","1416816777","Nhập hàng","0","0","sub","0");
INSERT INTO transaction VALUES("3457","37","X","-2","Trai","1416816777","Insert sub store","0","0","main","0");
INSERT INTO transaction VALUES("3458","55","N","3600","ML","1416817001","Nhập hàng","30000","4","main","0");
INSERT INTO transaction VALUES("3459","21","X","-10","ML","1416817566","{\"orderID\":759,\"orderDetailId\":2100}","0","0","sub","759");
INSERT INTO transaction VALUES("3460","2","X","-15","ML","1416817566","{\"orderID\":759,\"orderDetailId\":2100}","0","0","sub","759");
INSERT INTO transaction VALUES("3461","25","X","-20","G","1416817566","{\"orderID\":759,\"orderDetailId\":2100}","0","0","sub","759");
INSERT INTO transaction VALUES("3462","39","X","-8","G","1416817566","{\"orderID\":759,\"orderDetailId\":2100}","0","0","sub","759");
INSERT INTO transaction VALUES("3463","44","X","-22.5","ML","1416817566","{\"orderID\":759,\"orderDetailId\":2100}","0","0","sub","759");
INSERT INTO transaction VALUES("3464","43","X","-22.5","ML","1416817566","{\"orderID\":759,\"orderDetailId\":2100}","0","0","sub","759");
INSERT INTO transaction VALUES("3465","54","X","-8","Cai","1416817566","{\"orderID\":759,\"orderDetailId\":2100}","0","0","sub","759");
INSERT INTO transaction VALUES("3466","54","N","120","Cai","1416817871","Nhập hàng","0","0","sub","0");
INSERT INTO transaction VALUES("3467","56","X","-120","Cai","1416817871","Insert sub store","0","0","main","0");
INSERT INTO transaction VALUES("3468","56","N","120","Cai","1416817993","Nhập hàng","15000","5","main","0");
INSERT INTO transaction VALUES("3469","54","N","120","Cai","1416818009","Nhập hàng","0","0","sub","0");
INSERT INTO transaction VALUES("3470","56","X","-120","Cai","1416818009","Insert sub store","0","0","main","0");
INSERT INTO transaction VALUES("3471","21","X","-20","ML","1416825757","{\"orderID\":760,\"orderDetailId\":2101}","0","0","sub","760");
INSERT INTO transaction VALUES("3472","46","X","-50","ML","1416825757","{\"orderID\":760,\"orderDetailId\":2101}","0","0","sub","760");
INSERT INTO transaction VALUES("3473","39","X","-20","G","1416825757","{\"orderID\":760,\"orderDetailId\":2101}","0","0","sub","760");
INSERT INTO transaction VALUES("3474","7","X","-40","ML","1416825757","{\"orderID\":760,\"orderDetailId\":2102}","0","0","sub","760");
INSERT INTO transaction VALUES("3475","12","X","-20","ML","1416825757","{\"orderID\":760,\"orderDetailId\":2102}","0","0","sub","760");
INSERT INTO transaction VALUES("3476","21","X","-20","ML","1416825757","{\"orderID\":760,\"orderDetailId\":2102}","0","0","sub","760");
INSERT INTO transaction VALUES("3477","46","X","-10","ML","1416825757","{\"orderID\":760,\"orderDetailId\":2102}","0","0","sub","760");
INSERT INTO transaction VALUES("3478","45","X","-2","Cai","1416834351","{\"orderID\":761,\"orderDetailId\":2103}","0","0","sub","761");
INSERT INTO transaction VALUES("3479","46","X","-60","ML","1416834351","{\"orderID\":761,\"orderDetailId\":2103}","0","0","sub","761");
INSERT INTO transaction VALUES("3480","21","X","-10","ML","1416834351","{\"orderID\":761,\"orderDetailId\":2103}","0","0","sub","761");
INSERT INTO transaction VALUES("3481","25","X","-20","G","1416834351","{\"orderID\":761,\"orderDetailId\":2103}","0","0","sub","761");
INSERT INTO transaction VALUES("3482","43","X","-22.5","ML","1416834351","{\"orderID\":761,\"orderDetailId\":2103}","0","0","sub","761");
INSERT INTO transaction VALUES("3483","44","X","-22.5","ML","1416834351","{\"orderID\":761,\"orderDetailId\":2103}","0","0","sub","761");
INSERT INTO transaction VALUES("3484","42","X","-1","Hu","1416834351","{\"orderID\":761,\"orderDetailId\":2104}","0","0","sub","761");
INSERT INTO transaction VALUES("3485","14","X","-30","ML","1416834351","{\"orderID\":761,\"orderDetailId\":2104}","0","0","sub","761");
INSERT INTO transaction VALUES("3486","21","X","-30","ML","1416834351","{\"orderID\":761,\"orderDetailId\":2104}","0","0","sub","761");
INSERT INTO transaction VALUES("3487","44","X","-22.5","ML","1416834351","{\"orderID\":761,\"orderDetailId\":2104}","0","0","sub","761");
INSERT INTO transaction VALUES("3488","43","X","-22.5","ML","1416834351","{\"orderID\":761,\"orderDetailId\":2104}","0","0","sub","761");
INSERT INTO transaction VALUES("3512","8","X","-30","ML","1416837328","{\"orderID\":\"762\",\"orderDetailId\":2111}","0","0","sub","762");
INSERT INTO transaction VALUES("3513","52","X","-150","ML","1416837328","{\"orderID\":\"762\",\"orderDetailId\":2111}","0","0","sub","762");
INSERT INTO transaction VALUES("3514","43","X","-22.5","ML","1416837328","{\"orderID\":\"762\",\"orderDetailId\":2111}","0","0","sub","762");
INSERT INTO transaction VALUES("3515","44","X","-22.5","ML","1416837328","{\"orderID\":\"762\",\"orderDetailId\":2111}","0","0","sub","762");
INSERT INTO transaction VALUES("3516","11","X","-20","ML","1416837328","{\"orderID\":\"762\",\"orderDetailId\":2112}","0","0","sub","762");
INSERT INTO transaction VALUES("3517","19","X","-5","ML","1416837328","{\"orderID\":\"762\",\"orderDetailId\":2112}","0","0","sub","762");
INSERT INTO transaction VALUES("3518","10","X","-5","ML","1416837328","{\"orderID\":\"762\",\"orderDetailId\":2112}","0","0","sub","762");
INSERT INTO transaction VALUES("3519","52","X","-150","ML","1416837328","{\"orderID\":\"762\",\"orderDetailId\":2112}","0","0","sub","762");
INSERT INTO transaction VALUES("3520","44","X","-22.5","ML","1416837328","{\"orderID\":\"762\",\"orderDetailId\":2112}","0","0","sub","762");
INSERT INTO transaction VALUES("3521","43","X","-22.5","ML","1416837328","{\"orderID\":\"762\",\"orderDetailId\":2112}","0","0","sub","762");
INSERT INTO transaction VALUES("3522","18","X","-25","ML","1416840252","{\"orderID\":\"763\",\"orderDetailId\":2114}","0","0","sub","763");
INSERT INTO transaction VALUES("3523","3","X","-5","ML","1416840252","{\"orderID\":\"763\",\"orderDetailId\":2114}","0","0","sub","763");
INSERT INTO transaction VALUES("3524","52","X","-150","ML","1416840252","{\"orderID\":\"763\",\"orderDetailId\":2114}","0","0","sub","763");
INSERT INTO transaction VALUES("3525","43","X","-22.5","ML","1416840252","{\"orderID\":\"763\",\"orderDetailId\":2114}","0","0","sub","763");
INSERT INTO transaction VALUES("3526","44","X","-22.5","ML","1416840252","{\"orderID\":\"763\",\"orderDetailId\":2114}","0","0","sub","763");
INSERT INTO transaction VALUES("3527","29","X","-1","Goi","1416840252","{\"orderID\":\"763\",\"orderDetailId\":2115}","0","0","sub","763");
INSERT INTO transaction VALUES("3528","28","X","-2","Goi","1416840252","{\"orderID\":\"763\",\"orderDetailId\":2115}","0","0","sub","763");
INSERT INTO transaction VALUES("3529","27","X","-10","G","1416840252","{\"orderID\":\"763\",\"orderDetailId\":2115}","0","0","sub","763");
INSERT INTO transaction VALUES("3530","39","X","-30","G","1416886013","{\"orderID\":765,\"orderDetailId\":2117}","0","0","sub","765");
INSERT INTO transaction VALUES("3531","21","X","-20","ML","1416886013","{\"orderID\":765,\"orderDetailId\":2118}","0","0","sub","765");
INSERT INTO transaction VALUES("3532","23","X","-20","G","1416886013","{\"orderID\":765,\"orderDetailId\":2118}","0","0","sub","765");
INSERT INTO transaction VALUES("3533","25","X","-20","G","1416886013","{\"orderID\":765,\"orderDetailId\":2118}","0","0","sub","765");
INSERT INTO transaction VALUES("3534","39","X","-30","G","1416886013","{\"orderID\":765,\"orderDetailId\":2118}","0","0","sub","765");
INSERT INTO transaction VALUES("3535","54","X","-8","Cai","1416886013","{\"orderID\":765,\"orderDetailId\":2118}","0","0","sub","765");
INSERT INTO transaction VALUES("3536","43","X","-22.5","ML","1416886013","{\"orderID\":765,\"orderDetailId\":2118}","0","0","sub","765");
INSERT INTO transaction VALUES("3537","44","X","-22.5","ML","1416886013","{\"orderID\":765,\"orderDetailId\":2118}","0","0","sub","765");
INSERT INTO transaction VALUES("3538","7","X","-40","ML","1416891740","{\"orderID\":766,\"orderDetailId\":2120}","0","0","sub","766");
INSERT INTO transaction VALUES("3539","12","X","-20","ML","1416891740","{\"orderID\":766,\"orderDetailId\":2120}","0","0","sub","766");
INSERT INTO transaction VALUES("3540","21","X","-20","ML","1416891740","{\"orderID\":766,\"orderDetailId\":2120}","0","0","sub","766");
INSERT INTO transaction VALUES("3541","46","X","-10","ML","1416891740","{\"orderID\":766,\"orderDetailId\":2120}","0","0","sub","766");
INSERT INTO transaction VALUES("3550","5","X","-30","ML","1416895027","{\"orderID\":\"769\",\"orderDetailId\":2136}","0","0","sub","769");
INSERT INTO transaction VALUES("3551","4","X","-30","ML","1416895027","{\"orderID\":\"769\",\"orderDetailId\":2136}","0","0","sub","769");
INSERT INTO transaction VALUES("3552","18","X","-30","ML","1416895027","{\"orderID\":\"769\",\"orderDetailId\":2136}","0","0","sub","769");
INSERT INTO transaction VALUES("3553","43","X","-22.5","ML","1416895027","{\"orderID\":\"769\",\"orderDetailId\":2136}","0","0","sub","769");
INSERT INTO transaction VALUES("3554","44","X","-22.5","ML","1416895027","{\"orderID\":\"769\",\"orderDetailId\":2136}","0","0","sub","769");
INSERT INTO transaction VALUES("3555","52","X","-150","ML","1416895027","{\"orderID\":\"769\",\"orderDetailId\":2136}","0","0","sub","769");
INSERT INTO transaction VALUES("3556","21","X","-20","ML","1416895027","{\"orderID\":\"769\",\"orderDetailId\":2137}","0","0","sub","769");
INSERT INTO transaction VALUES("3557","2","X","-30","ML","1416895027","{\"orderID\":\"769\",\"orderDetailId\":2137}","0","0","sub","769");
INSERT INTO transaction VALUES("3558","25","X","-40","G","1416895027","{\"orderID\":\"769\",\"orderDetailId\":2137}","0","0","sub","769");
INSERT INTO transaction VALUES("3559","39","X","-16","G","1416895027","{\"orderID\":\"769\",\"orderDetailId\":2137}","0","0","sub","769");
INSERT INTO transaction VALUES("3560","44","X","-45","ML","1416895027","{\"orderID\":\"769\",\"orderDetailId\":2137}","0","0","sub","769");
INSERT INTO transaction VALUES("3561","43","X","-45","ML","1416895027","{\"orderID\":\"769\",\"orderDetailId\":2137}","0","0","sub","769");
INSERT INTO transaction VALUES("3562","54","X","-16","Cai","1416895027","{\"orderID\":\"769\",\"orderDetailId\":2137}","0","0","sub","769");
INSERT INTO transaction VALUES("3569","7","X","-40","ML","1416895988","{\"orderID\":\"768\",\"orderDetailId\":2145}","0","0","sub","768");
INSERT INTO transaction VALUES("3570","12","X","-20","ML","1416895988","{\"orderID\":\"768\",\"orderDetailId\":2145}","0","0","sub","768");
INSERT INTO transaction VALUES("3571","21","X","-20","ML","1416895988","{\"orderID\":\"768\",\"orderDetailId\":2145}","0","0","sub","768");
INSERT INTO transaction VALUES("3572","46","X","-10","ML","1416895988","{\"orderID\":\"768\",\"orderDetailId\":2145}","0","0","sub","768");
INSERT INTO transaction VALUES("3573","21","X","-20","ML","1416895988","{\"orderID\":\"768\",\"orderDetailId\":2146}","0","0","sub","768");
INSERT INTO transaction VALUES("3574","46","X","-50","ML","1416895988","{\"orderID\":\"768\",\"orderDetailId\":2146}","0","0","sub","768");
INSERT INTO transaction VALUES("3575","39","X","-20","G","1416895988","{\"orderID\":\"768\",\"orderDetailId\":2146}","0","0","sub","768");
INSERT INTO transaction VALUES("3576","39","X","-30","G","1416895988","{\"orderID\":\"768\",\"orderDetailId\":2147}","0","0","sub","768");
INSERT INTO transaction VALUES("3577","30","X","-0.5","Trai","1416895988","{\"orderID\":\"768\",\"orderDetailId\":2148}","0","0","sub","768");
INSERT INTO transaction VALUES("3578","53","X","-3","Trai","1416895988","{\"orderID\":\"768\",\"orderDetailId\":2148}","0","0","sub","768");
INSERT INTO transaction VALUES("3579","47","X","-0.5","Trai","1416895988","{\"orderID\":\"768\",\"orderDetailId\":2148}","0","0","sub","768");
INSERT INTO transaction VALUES("3580","21","X","-20","ML","1416895988","{\"orderID\":\"768\",\"orderDetailId\":2148}","0","0","sub","768");
INSERT INTO transaction VALUES("3581","46","X","-30","ML","1416895988","{\"orderID\":\"768\",\"orderDetailId\":2148}","0","0","sub","768");
INSERT INTO transaction VALUES("3582","25","X","-20","G","1416895988","{\"orderID\":\"768\",\"orderDetailId\":2149}","0","0","sub","768");
INSERT INTO transaction VALUES("3583","23","X","-20","G","1416895988","{\"orderID\":\"768\",\"orderDetailId\":2149}","0","0","sub","768");
INSERT INTO transaction VALUES("3584","46","X","-40","ML","1416895988","{\"orderID\":\"768\",\"orderDetailId\":2149}","0","0","sub","768");
INSERT INTO transaction VALUES("3585","21","X","-30","ML","1416895988","{\"orderID\":\"768\",\"orderDetailId\":2149}","0","0","sub","768");
INSERT INTO transaction VALUES("3586","54","X","-8","Cai","1416895988","{\"orderID\":\"768\",\"orderDetailId\":2149}","0","0","sub","768");
INSERT INTO transaction VALUES("3587","43","X","-22.5","ML","1416895988","{\"orderID\":\"768\",\"orderDetailId\":2149}","0","0","sub","768");
INSERT INTO transaction VALUES("3588","44","X","-22.5","ML","1416895988","{\"orderID\":\"768\",\"orderDetailId\":2149}","0","0","sub","768");
INSERT INTO transaction VALUES("3601","27","X","-40","G","1416900075","{\"orderID\":\"767\",\"orderDetailId\":2155}","0","0","sub","767");
INSERT INTO transaction VALUES("3602","42","X","-2","Hu","1416900075","{\"orderID\":\"767\",\"orderDetailId\":2155}","0","0","sub","767");
INSERT INTO transaction VALUES("3603","53","X","-3","Trai","1416900075","{\"orderID\":\"767\",\"orderDetailId\":2156}","0","0","sub","767");
INSERT INTO transaction VALUES("3604","34","X","-0.125","Trai","1416900075","{\"orderID\":\"767\",\"orderDetailId\":2156}","0","0","sub","767");
INSERT INTO transaction VALUES("3605","35","X","-0.167","Trai","1416900075","{\"orderID\":\"767\",\"orderDetailId\":2156}","0","0","sub","767");
INSERT INTO transaction VALUES("3606","42","X","-0.5","Hu","1416900075","{\"orderID\":\"767\",\"orderDetailId\":2156}","0","0","sub","767");
INSERT INTO transaction VALUES("3622","21","X","-20","ML","1416902094","{\"orderID\":\"781\",\"orderDetailId\":2163}","0","0","sub","781");
INSERT INTO transaction VALUES("3623","39","X","-30","G","1416902094","{\"orderID\":\"781\",\"orderDetailId\":2163}","0","0","sub","781");
INSERT INTO transaction VALUES("3624","21","X","-20","ML","1416902094","{\"orderID\":\"781\",\"orderDetailId\":2164}","0","0","sub","781");
INSERT INTO transaction VALUES("3625","46","X","-50","ML","1416902094","{\"orderID\":\"781\",\"orderDetailId\":2164}","0","0","sub","781");
INSERT INTO transaction VALUES("3626","39","X","-20","G","1416902094","{\"orderID\":\"781\",\"orderDetailId\":2164}","0","0","sub","781");
INSERT INTO transaction VALUES("3627","45","X","-2","Cai","1416902094","{\"orderID\":\"781\",\"orderDetailId\":2165}","0","0","sub","781");
INSERT INTO transaction VALUES("3628","23","X","-20","G","1416902094","{\"orderID\":\"781\",\"orderDetailId\":2165}","0","0","sub","781");
INSERT INTO transaction VALUES("3629","25","X","-20","G","1416902094","{\"orderID\":\"781\",\"orderDetailId\":2165}","0","0","sub","781");
INSERT INTO transaction VALUES("3630","21","X","-10","ML","1416902094","{\"orderID\":\"781\",\"orderDetailId\":2165}","0","0","sub","781");
INSERT INTO transaction VALUES("3631","46","X","-40","ML","1416902094","{\"orderID\":\"781\",\"orderDetailId\":2165}","0","0","sub","781");
INSERT INTO transaction VALUES("3632","17","X","-5","G","1416902094","{\"orderID\":\"781\",\"orderDetailId\":2165}","0","0","sub","781");
INSERT INTO transaction VALUES("3633","43","X","-22.5","ML","1416902094","{\"orderID\":\"781\",\"orderDetailId\":2165}","0","0","sub","781");
INSERT INTO transaction VALUES("3634","44","X","-22.5","ML","1416902094","{\"orderID\":\"781\",\"orderDetailId\":2165}","0","0","sub","781");
INSERT INTO transaction VALUES("3635","21","X","-20","ML","1416902147","{\"orderID\":\"780\",\"orderDetailId\":2166}","0","0","sub","780");
INSERT INTO transaction VALUES("3636","39","X","-30","G","1416902147","{\"orderID\":\"780\",\"orderDetailId\":2166}","0","0","sub","780");
INSERT INTO transaction VALUES("3637","21","X","-20","ML","1416902194","{\"orderID\":\"777\",\"orderDetailId\":2167}","0","0","sub","777");
INSERT INTO transaction VALUES("3638","2","X","-30","ML","1416902194","{\"orderID\":\"777\",\"orderDetailId\":2167}","0","0","sub","777");
INSERT INTO transaction VALUES("3639","25","X","-40","G","1416902194","{\"orderID\":\"777\",\"orderDetailId\":2167}","0","0","sub","777");
INSERT INTO transaction VALUES("3640","39","X","-16","G","1416902194","{\"orderID\":\"777\",\"orderDetailId\":2167}","0","0","sub","777");
INSERT INTO transaction VALUES("3641","44","X","-45","ML","1416902194","{\"orderID\":\"777\",\"orderDetailId\":2167}","0","0","sub","777");
INSERT INTO transaction VALUES("3642","43","X","-45","ML","1416902194","{\"orderID\":\"777\",\"orderDetailId\":2167}","0","0","sub","777");
INSERT INTO transaction VALUES("3643","54","X","-16","Cai","1416902194","{\"orderID\":\"777\",\"orderDetailId\":2167}","0","0","sub","777");
INSERT INTO transaction VALUES("3644","30","X","-0.5","Trai","1416902194","{\"orderID\":\"777\",\"orderDetailId\":2168}","0","0","sub","777");
INSERT INTO transaction VALUES("3645","53","X","-3","Trai","1416902194","{\"orderID\":\"777\",\"orderDetailId\":2168}","0","0","sub","777");
INSERT INTO transaction VALUES("3646","47","X","-0.5","Trai","1416902194","{\"orderID\":\"777\",\"orderDetailId\":2168}","0","0","sub","777");
INSERT INTO transaction VALUES("3647","21","X","-20","ML","1416902194","{\"orderID\":\"777\",\"orderDetailId\":2168}","0","0","sub","777");
INSERT INTO transaction VALUES("3648","46","X","-30","ML","1416902194","{\"orderID\":\"777\",\"orderDetailId\":2168}","0","0","sub","777");
INSERT INTO transaction VALUES("3649","29","X","-1","Goi","1416903417","{\"orderID\":782,\"orderDetailId\":2169}","0","0","sub","782");
INSERT INTO transaction VALUES("3650","28","X","-2","Goi","1416903417","{\"orderID\":782,\"orderDetailId\":2169}","0","0","sub","782");
INSERT INTO transaction VALUES("3651","29","X","-1","Goi","1416905262","{\"orderID\":783,\"orderDetailId\":2171}","0","0","sub","783");
INSERT INTO transaction VALUES("3652","28","X","-2","Goi","1416905262","{\"orderID\":783,\"orderDetailId\":2171}","0","0","sub","783");
INSERT INTO transaction VALUES("3655","29","X","-1","Goi","1416912250","{\"orderID\":\"786\",\"orderDetailId\":2175}","0","0","sub","786");
INSERT INTO transaction VALUES("3656","28","X","-2","Goi","1416912250","{\"orderID\":\"786\",\"orderDetailId\":2175}","0","0","sub","786");
INSERT INTO transaction VALUES("3667","45","X","-2","Cai","1416917830","{\"orderID\":789,\"orderDetailId\":2179}","0","0","sub","789");
INSERT INTO transaction VALUES("3668","46","X","-60","ML","1416917830","{\"orderID\":789,\"orderDetailId\":2179}","0","0","sub","789");
INSERT INTO transaction VALUES("3669","21","X","-10","ML","1416917830","{\"orderID\":789,\"orderDetailId\":2179}","0","0","sub","789");
INSERT INTO transaction VALUES("3670","25","X","-20","G","1416917830","{\"orderID\":789,\"orderDetailId\":2179}","0","0","sub","789");
INSERT INTO transaction VALUES("3671","43","X","-22.5","ML","1416917830","{\"orderID\":789,\"orderDetailId\":2179}","0","0","sub","789");
INSERT INTO transaction VALUES("3672","44","X","-22.5","ML","1416917830","{\"orderID\":789,\"orderDetailId\":2179}","0","0","sub","789");
INSERT INTO transaction VALUES("3673","42","X","0","Hu","1416917830","{\"orderID\":789,\"orderDetailId\":2180}","0","0","sub","789");
INSERT INTO transaction VALUES("3674","38","X","-30","ML","1416917830","{\"orderID\":789,\"orderDetailId\":2180}","0","0","sub","789");
INSERT INTO transaction VALUES("3675","21","X","-30","ML","1416917830","{\"orderID\":789,\"orderDetailId\":2180}","0","0","sub","789");
INSERT INTO transaction VALUES("3676","43","X","-22.5","ML","1416917830","{\"orderID\":789,\"orderDetailId\":2180}","0","0","sub","789");
INSERT INTO transaction VALUES("3677","44","X","-22.5","ML","1416917830","{\"orderID\":789,\"orderDetailId\":2180}","0","0","sub","789");
INSERT INTO transaction VALUES("3704","30","X","-2","Trai","1416925121","{\"orderID\":\"790\",\"orderDetailId\":2191}","0","0","sub","790");
INSERT INTO transaction VALUES("3705","27","X","-40","G","1416925121","{\"orderID\":\"790\",\"orderDetailId\":2192}","0","0","sub","790");
INSERT INTO transaction VALUES("3706","42","X","-2","Hu","1416925121","{\"orderID\":\"790\",\"orderDetailId\":2192}","0","0","sub","790");
INSERT INTO transaction VALUES("3707","22","X","-10","G","1416925121","{\"orderID\":\"790\",\"orderDetailId\":2193}","0","0","sub","790");
INSERT INTO transaction VALUES("3708","56","X","-10","G","1416925121","{\"orderID\":\"790\",\"orderDetailId\":2193}","0","0","sub","790");
INSERT INTO transaction VALUES("3709","46","X","-50","ML","1416925121","{\"orderID\":\"790\",\"orderDetailId\":2193}","0","0","sub","790");
INSERT INTO transaction VALUES("3710","21","X","-30","ML","1416925121","{\"orderID\":\"790\",\"orderDetailId\":2193}","0","0","sub","790");
INSERT INTO transaction VALUES("3711","43","X","-22.5","ML","1416925121","{\"orderID\":\"790\",\"orderDetailId\":2193}","0","0","sub","790");
INSERT INTO transaction VALUES("3712","44","X","-22.5","ML","1416925121","{\"orderID\":\"790\",\"orderDetailId\":2193}","0","0","sub","790");
INSERT INTO transaction VALUES("3713","31","X","-1","Trai","1416925170","{\"orderID\":\"791\",\"orderDetailId\":2194}","0","0","sub","791");
INSERT INTO transaction VALUES("3714","8","X","-30","ML","1416925170","{\"orderID\":\"791\",\"orderDetailId\":2195}","0","0","sub","791");
INSERT INTO transaction VALUES("3715","52","X","-150","ML","1416925170","{\"orderID\":\"791\",\"orderDetailId\":2195}","0","0","sub","791");
INSERT INTO transaction VALUES("3716","43","X","-22.5","ML","1416925170","{\"orderID\":\"791\",\"orderDetailId\":2195}","0","0","sub","791");
INSERT INTO transaction VALUES("3717","44","X","-22.5","ML","1416925170","{\"orderID\":\"791\",\"orderDetailId\":2195}","0","0","sub","791");
INSERT INTO transaction VALUES("3734","31","X","-1","Trai","1416927023","{\"orderID\":793,\"orderDetailId\":2198}","0","0","sub","793");
INSERT INTO transaction VALUES("3735","8","X","-30","ML","1416927023","{\"orderID\":793,\"orderDetailId\":2199}","0","0","sub","793");
INSERT INTO transaction VALUES("3736","52","X","-150","ML","1416927023","{\"orderID\":793,\"orderDetailId\":2199}","0","0","sub","793");
INSERT INTO transaction VALUES("3737","43","X","-22.5","ML","1416927023","{\"orderID\":793,\"orderDetailId\":2199}","0","0","sub","793");
INSERT INTO transaction VALUES("3738","44","X","-22.5","ML","1416927023","{\"orderID\":793,\"orderDetailId\":2199}","0","0","sub","793");
INSERT INTO transaction VALUES("3739","25","X","-20","G","1416928458","{\"orderID\":\"792\",\"orderDetailId\":2200}","0","0","sub","792");
INSERT INTO transaction VALUES("3740","23","X","-20","G","1416928458","{\"orderID\":\"792\",\"orderDetailId\":2200}","0","0","sub","792");
INSERT INTO transaction VALUES("3741","46","X","-40","ML","1416928458","{\"orderID\":\"792\",\"orderDetailId\":2200}","0","0","sub","792");
INSERT INTO transaction VALUES("3742","21","X","-30","ML","1416928458","{\"orderID\":\"792\",\"orderDetailId\":2200}","0","0","sub","792");
INSERT INTO transaction VALUES("3743","54","X","-8","Cai","1416928458","{\"orderID\":\"792\",\"orderDetailId\":2200}","0","0","sub","792");
INSERT INTO transaction VALUES("3744","43","X","-22.5","ML","1416928458","{\"orderID\":\"792\",\"orderDetailId\":2200}","0","0","sub","792");
INSERT INTO transaction VALUES("3745","44","X","-22.5","ML","1416928458","{\"orderID\":\"792\",\"orderDetailId\":2200}","0","0","sub","792");
INSERT INTO transaction VALUES("3746","45","X","-2","Cai","1416928458","{\"orderID\":\"792\",\"orderDetailId\":2201}","0","0","sub","792");
INSERT INTO transaction VALUES("3747","23","X","-20","G","1416928458","{\"orderID\":\"792\",\"orderDetailId\":2201}","0","0","sub","792");
INSERT INTO transaction VALUES("3748","21","X","-10","ML","1416928458","{\"orderID\":\"792\",\"orderDetailId\":2201}","0","0","sub","792");
INSERT INTO transaction VALUES("3749","46","X","-40","ML","1416928458","{\"orderID\":\"792\",\"orderDetailId\":2201}","0","0","sub","792");
INSERT INTO transaction VALUES("3750","25","X","-20","G","1416928458","{\"orderID\":\"792\",\"orderDetailId\":2201}","0","0","sub","792");
INSERT INTO transaction VALUES("3751","17","X","-5","G","1416928458","{\"orderID\":\"792\",\"orderDetailId\":2201}","0","0","sub","792");
INSERT INTO transaction VALUES("3752","43","X","-22.5","ML","1416928458","{\"orderID\":\"792\",\"orderDetailId\":2201}","0","0","sub","792");
INSERT INTO transaction VALUES("3753","44","X","-22.5","ML","1416928458","{\"orderID\":\"792\",\"orderDetailId\":2201}","0","0","sub","792");
INSERT INTO transaction VALUES("3754","3","X","-15","ML","1416928458","{\"orderID\":\"792\",\"orderDetailId\":2201}","0","0","sub","792");
INSERT INTO transaction VALUES("3755","30","X","-2","Trai","1416980840","{\"orderID\":795,\"orderDetailId\":2205}","0","0","sub","795");
INSERT INTO transaction VALUES("3770","46","X","-50","ML","1416981612","{\"orderID\":\"798\",\"orderDetailId\":2215}","0","0","sub","798");
INSERT INTO transaction VALUES("3771","22","X","-10","G","1416981612","{\"orderID\":\"798\",\"orderDetailId\":2215}","0","0","sub","798");
INSERT INTO transaction VALUES("3772","56","X","-10","G","1416981612","{\"orderID\":\"798\",\"orderDetailId\":2215}","0","0","sub","798");
INSERT INTO transaction VALUES("3773","21","X","-30","ML","1416981612","{\"orderID\":\"798\",\"orderDetailId\":2215}","0","0","sub","798");
INSERT INTO transaction VALUES("3774","55","X","-8","Cai","1416981612","{\"orderID\":\"798\",\"orderDetailId\":2215}","0","0","sub","798");
INSERT INTO transaction VALUES("3775","43","X","-22.5","ML","1416981612","{\"orderID\":\"798\",\"orderDetailId\":2215}","0","0","sub","798");
INSERT INTO transaction VALUES("3776","44","X","-22.5","ML","1416981612","{\"orderID\":\"798\",\"orderDetailId\":2215}","0","0","sub","798");
INSERT INTO transaction VALUES("3789","46","X","-50","ML","1416984957","{\"orderID\":803,\"orderDetailId\":2225}","0","0","sub","803");
INSERT INTO transaction VALUES("3790","22","X","-10","G","1416984957","{\"orderID\":803,\"orderDetailId\":2225}","0","0","sub","803");
INSERT INTO transaction VALUES("3791","56","X","-10","G","1416984957","{\"orderID\":803,\"orderDetailId\":2225}","0","0","sub","803");
INSERT INTO transaction VALUES("3792","21","X","-30","ML","1416984957","{\"orderID\":803,\"orderDetailId\":2225}","0","0","sub","803");
INSERT INTO transaction VALUES("3793","55","X","-8","Cai","1416984957","{\"orderID\":803,\"orderDetailId\":2225}","0","0","sub","803");
INSERT INTO transaction VALUES("3794","43","X","-22.5","ML","1416984957","{\"orderID\":803,\"orderDetailId\":2225}","0","0","sub","803");
INSERT INTO transaction VALUES("3795","44","X","-22.5","ML","1416984957","{\"orderID\":803,\"orderDetailId\":2225}","0","0","sub","803");
INSERT INTO transaction VALUES("3796","42","X","0","Hu","1416987309","{\"orderID\":\"797\",\"orderDetailId\":2226}","0","0","sub","797");
INSERT INTO transaction VALUES("3797","38","X","-30","ML","1416987309","{\"orderID\":\"797\",\"orderDetailId\":2226}","0","0","sub","797");
INSERT INTO transaction VALUES("3798","21","X","-30","ML","1416987309","{\"orderID\":\"797\",\"orderDetailId\":2226}","0","0","sub","797");
INSERT INTO transaction VALUES("3799","43","X","-22.5","ML","1416987309","{\"orderID\":\"797\",\"orderDetailId\":2226}","0","0","sub","797");
INSERT INTO transaction VALUES("3800","44","X","-22.5","ML","1416987309","{\"orderID\":\"797\",\"orderDetailId\":2226}","0","0","sub","797");
INSERT INTO transaction VALUES("3801","21","X","-20","ML","1416987309","{\"orderID\":\"797\",\"orderDetailId\":2227}","0","0","sub","797");
INSERT INTO transaction VALUES("3802","39","X","-30","G","1416987309","{\"orderID\":\"797\",\"orderDetailId\":2227}","0","0","sub","797");
INSERT INTO transaction VALUES("3803","18","X","-25","ML","1416987309","{\"orderID\":\"797\",\"orderDetailId\":2228}","0","0","sub","797");
INSERT INTO transaction VALUES("3804","3","X","-5","ML","1416987309","{\"orderID\":\"797\",\"orderDetailId\":2228}","0","0","sub","797");
INSERT INTO transaction VALUES("3805","52","X","-150","ML","1416987309","{\"orderID\":\"797\",\"orderDetailId\":2228}","0","0","sub","797");
INSERT INTO transaction VALUES("3806","43","X","-22.5","ML","1416987309","{\"orderID\":\"797\",\"orderDetailId\":2228}","0","0","sub","797");
INSERT INTO transaction VALUES("3807","44","X","-22.5","ML","1416987309","{\"orderID\":\"797\",\"orderDetailId\":2228}","0","0","sub","797");
INSERT INTO transaction VALUES("3808","21","X","-10","ML","1416987872","{\"orderID\":804,\"orderDetailId\":2230}","0","0","sub","804");
INSERT INTO transaction VALUES("3809","2","X","-15","ML","1416987872","{\"orderID\":804,\"orderDetailId\":2230}","0","0","sub","804");
INSERT INTO transaction VALUES("3810","25","X","-20","G","1416987872","{\"orderID\":804,\"orderDetailId\":2230}","0","0","sub","804");
INSERT INTO transaction VALUES("3811","39","X","-8","G","1416987872","{\"orderID\":804,\"orderDetailId\":2230}","0","0","sub","804");
INSERT INTO transaction VALUES("3812","44","X","-22.5","ML","1416987872","{\"orderID\":804,\"orderDetailId\":2230}","0","0","sub","804");
INSERT INTO transaction VALUES("3813","43","X","-22.5","ML","1416987872","{\"orderID\":804,\"orderDetailId\":2230}","0","0","sub","804");
INSERT INTO transaction VALUES("3814","54","X","-8","Cai","1416987872","{\"orderID\":804,\"orderDetailId\":2230}","0","0","sub","804");
INSERT INTO transaction VALUES("3825","38","N","2","Trai","1416990189","Nhập hàng","38000","8","main","0");
INSERT INTO transaction VALUES("3826","35","N","2","Trai","1416990225","Nhập hàng","0","0","sub","0");
INSERT INTO transaction VALUES("3827","38","X","-2","Trai","1416990225","Insert sub store","0","0","main","0");
INSERT INTO transaction VALUES("3828","39","X","-30","G","1416995754","{\"orderID\":807,\"orderDetailId\":2235}","0","0","sub","807");
INSERT INTO transaction VALUES("3829","45","X","-2","Cai","1416995808","{\"orderID\":808,\"orderDetailId\":2236}","0","0","sub","808");
INSERT INTO transaction VALUES("3830","23","X","-20","G","1416995808","{\"orderID\":808,\"orderDetailId\":2236}","0","0","sub","808");
INSERT INTO transaction VALUES("3831","25","X","-20","G","1416995808","{\"orderID\":808,\"orderDetailId\":2236}","0","0","sub","808");
INSERT INTO transaction VALUES("3832","21","X","-10","ML","1416995808","{\"orderID\":808,\"orderDetailId\":2236}","0","0","sub","808");
INSERT INTO transaction VALUES("3833","46","X","-40","ML","1416995808","{\"orderID\":808,\"orderDetailId\":2236}","0","0","sub","808");
INSERT INTO transaction VALUES("3834","17","X","-5","G","1416995808","{\"orderID\":808,\"orderDetailId\":2236}","0","0","sub","808");
INSERT INTO transaction VALUES("3835","43","X","-22.5","ML","1416995808","{\"orderID\":808,\"orderDetailId\":2236}","0","0","sub","808");
INSERT INTO transaction VALUES("3836","44","X","-22.5","ML","1416995808","{\"orderID\":808,\"orderDetailId\":2236}","0","0","sub","808");
INSERT INTO transaction VALUES("3837","47","X","-1","Trai","1416995808","{\"orderID\":808,\"orderDetailId\":2237}","0","0","sub","808");
INSERT INTO transaction VALUES("3838","46","X","-40","ML","1416995808","{\"orderID\":808,\"orderDetailId\":2237}","0","0","sub","808");
INSERT INTO transaction VALUES("3839","21","X","-30","ML","1416995808","{\"orderID\":808,\"orderDetailId\":2237}","0","0","sub","808");
INSERT INTO transaction VALUES("3840","35","X","-1","Trai","1416995863","{\"orderID\":809,\"orderDetailId\":2238}","0","0","sub","809");
INSERT INTO transaction VALUES("3841","21","X","-60","ML","1416995863","{\"orderID\":809,\"orderDetailId\":2238}","0","0","sub","809");
INSERT INTO transaction VALUES("3842","46","X","-70","ML","1416995863","{\"orderID\":809,\"orderDetailId\":2238}","0","0","sub","809");
INSERT INTO transaction VALUES("3843","30","X","-0.5","Trai","1416995863","{\"orderID\":809,\"orderDetailId\":2239}","0","0","sub","809");
INSERT INTO transaction VALUES("3844","53","X","-3","Trai","1416995863","{\"orderID\":809,\"orderDetailId\":2239}","0","0","sub","809");
INSERT INTO transaction VALUES("3845","47","X","-0.5","Trai","1416995863","{\"orderID\":809,\"orderDetailId\":2239}","0","0","sub","809");
INSERT INTO transaction VALUES("3846","21","X","-20","ML","1416995863","{\"orderID\":809,\"orderDetailId\":2239}","0","0","sub","809");
INSERT INTO transaction VALUES("3847","46","X","-30","ML","1416995863","{\"orderID\":809,\"orderDetailId\":2239}","0","0","sub","809");
INSERT INTO transaction VALUES("3848","29","X","-1","Goi","1416995863","{\"orderID\":809,\"orderDetailId\":2240}","0","0","sub","809");
INSERT INTO transaction VALUES("3849","28","X","-2","Goi","1416995863","{\"orderID\":809,\"orderDetailId\":2240}","0","0","sub","809");
INSERT INTO transaction VALUES("3850","27","X","-10","G","1416995863","{\"orderID\":809,\"orderDetailId\":2240}","0","0","sub","809");
INSERT INTO transaction VALUES("3851","45","X","-2","Cai","1416995883","{\"orderID\":\"805\",\"orderDetailId\":2241}","0","0","sub","805");
INSERT INTO transaction VALUES("3852","23","X","-20","G","1416995883","{\"orderID\":\"805\",\"orderDetailId\":2241}","0","0","sub","805");
INSERT INTO transaction VALUES("3853","25","X","-20","G","1416995883","{\"orderID\":\"805\",\"orderDetailId\":2241}","0","0","sub","805");
INSERT INTO transaction VALUES("3854","21","X","-10","ML","1416995883","{\"orderID\":\"805\",\"orderDetailId\":2241}","0","0","sub","805");
INSERT INTO transaction VALUES("3855","46","X","-40","ML","1416995883","{\"orderID\":\"805\",\"orderDetailId\":2241}","0","0","sub","805");
INSERT INTO transaction VALUES("3856","17","X","-5","G","1416995883","{\"orderID\":\"805\",\"orderDetailId\":2241}","0","0","sub","805");
INSERT INTO transaction VALUES("3857","43","X","-22.5","ML","1416995883","{\"orderID\":\"805\",\"orderDetailId\":2241}","0","0","sub","805");
INSERT INTO transaction VALUES("3858","44","X","-22.5","ML","1416995883","{\"orderID\":\"805\",\"orderDetailId\":2241}","0","0","sub","805");
INSERT INTO transaction VALUES("3859","39","X","-30","G","1416995883","{\"orderID\":\"805\",\"orderDetailId\":2242}","0","0","sub","805");
INSERT INTO transaction VALUES("3860","31","X","-1","Trai","1416995883","{\"orderID\":\"805\",\"orderDetailId\":2243}","0","0","sub","805");
INSERT INTO transaction VALUES("3861","35","X","-0.5","Trai","1416995930","{\"orderID\":810,\"orderDetailId\":2244}","0","0","sub","810");
INSERT INTO transaction VALUES("3862","21","X","-30","ML","1416995930","{\"orderID\":810,\"orderDetailId\":2244}","0","0","sub","810");
INSERT INTO transaction VALUES("3863","46","X","-35","ML","1416995930","{\"orderID\":810,\"orderDetailId\":2244}","0","0","sub","810");
INSERT INTO transaction VALUES("3892","21","X","-40","ML","1417011759","{\"orderID\":\"813\",\"orderDetailId\":2255}","0","0","sub","813");
INSERT INTO transaction VALUES("3893","39","X","-60","G","1417011759","{\"orderID\":\"813\",\"orderDetailId\":2255}","0","0","sub","813");
INSERT INTO transaction VALUES("3894","53","X","-6","Trai","1417011759","{\"orderID\":\"813\",\"orderDetailId\":2256}","0","0","sub","813");
INSERT INTO transaction VALUES("3895","34","X","-0.25","Trai","1417011759","{\"orderID\":\"813\",\"orderDetailId\":2256}","0","0","sub","813");
INSERT INTO transaction VALUES("3896","35","X","-0.334","Trai","1417011759","{\"orderID\":\"813\",\"orderDetailId\":2256}","0","0","sub","813");
INSERT INTO transaction VALUES("3897","42","X","-1","Hu","1417011759","{\"orderID\":\"813\",\"orderDetailId\":2256}","0","0","sub","813");
INSERT INTO transaction VALUES("3898","29","X","-1","Goi","1417011759","{\"orderID\":\"813\",\"orderDetailId\":2257}","0","0","sub","813");
INSERT INTO transaction VALUES("3899","28","X","-2","Goi","1417011759","{\"orderID\":\"813\",\"orderDetailId\":2257}","0","0","sub","813");
INSERT INTO transaction VALUES("3900","42","X","-1","Hu","1417011759","{\"orderID\":\"813\",\"orderDetailId\":2258}","0","0","sub","813");
INSERT INTO transaction VALUES("3901","53","X","-3","Trai","1417011920","{\"orderID\":\"811\",\"orderDetailId\":2259}","0","0","sub","811");
INSERT INTO transaction VALUES("3902","34","X","-0.125","Trai","1417011920","{\"orderID\":\"811\",\"orderDetailId\":2259}","0","0","sub","811");
INSERT INTO transaction VALUES("3903","3","X","-15","ML","1417011920","{\"orderID\":\"811\",\"orderDetailId\":2259}","0","0","sub","811");
INSERT INTO transaction VALUES("3904","21","X","-30","ML","1417011920","{\"orderID\":\"811\",\"orderDetailId\":2259}","0","0","sub","811");
INSERT INTO transaction VALUES("3905","32","X","-1","Trai","1417011920","{\"orderID\":\"811\",\"orderDetailId\":2260}","0","0","sub","811");
INSERT INTO transaction VALUES("3906","21","X","-20","ML","1417011920","{\"orderID\":\"811\",\"orderDetailId\":2261}","0","0","sub","811");
INSERT INTO transaction VALUES("3907","39","X","-30","G","1417011920","{\"orderID\":\"811\",\"orderDetailId\":2261}","0","0","sub","811");
INSERT INTO transaction VALUES("3908","21","X","-10","ML","1417011920","{\"orderID\":\"811\",\"orderDetailId\":2262}","0","0","sub","811");
INSERT INTO transaction VALUES("3909","2","X","-15","ML","1417011920","{\"orderID\":\"811\",\"orderDetailId\":2262}","0","0","sub","811");
INSERT INTO transaction VALUES("3910","25","X","-20","G","1417011920","{\"orderID\":\"811\",\"orderDetailId\":2262}","0","0","sub","811");
INSERT INTO transaction VALUES("3911","39","X","-8","G","1417011920","{\"orderID\":\"811\",\"orderDetailId\":2262}","0","0","sub","811");
INSERT INTO transaction VALUES("3912","44","X","-22.5","ML","1417011921","{\"orderID\":\"811\",\"orderDetailId\":2262}","0","0","sub","811");
INSERT INTO transaction VALUES("3913","43","X","-22.5","ML","1417011921","{\"orderID\":\"811\",\"orderDetailId\":2262}","0","0","sub","811");
INSERT INTO transaction VALUES("3914","54","X","-8","Cai","1417011921","{\"orderID\":\"811\",\"orderDetailId\":2262}","0","0","sub","811");
INSERT INTO transaction VALUES("3920","33","X","-1","Trai","1417012317","{\"orderID\":\"812\",\"orderDetailId\":2265}","0","0","sub","812");
INSERT INTO transaction VALUES("3921","53","X","-6","Trai","1417012317","{\"orderID\":\"812\",\"orderDetailId\":2266}","0","0","sub","812");
INSERT INTO transaction VALUES("3922","46","X","-30","ML","1417012317","{\"orderID\":\"812\",\"orderDetailId\":2266}","0","0","sub","812");
INSERT INTO transaction VALUES("3923","21","X","-20","ML","1417012317","{\"orderID\":\"812\",\"orderDetailId\":2266}","0","0","sub","812");
INSERT INTO transaction VALUES("3924","18","X","-15","ML","1417012317","{\"orderID\":\"812\",\"orderDetailId\":2266}","0","0","sub","812");
INSERT INTO transaction VALUES("3926","21","X","-20","ML","1417055218","{\"orderID\":815,\"orderDetailId\":2268}","0","0","sub","815");
INSERT INTO transaction VALUES("3927","46","X","-50","ML","1417055218","{\"orderID\":815,\"orderDetailId\":2268}","0","0","sub","815");
INSERT INTO transaction VALUES("3928","39","X","-20","G","1417055218","{\"orderID\":815,\"orderDetailId\":2268}","0","0","sub","815");
INSERT INTO transaction VALUES("3929","52","N","3600","ML","1417055893","Nhập hàng","0","0","sub","0");
INSERT INTO transaction VALUES("3930","55","X","-3600","ML","1417055893","Insert sub store","0","0","main","0");
INSERT INTO transaction VALUES("3931","21","N","1000","ML","1417056148","Nhập hàng","0","0","sub","0");
INSERT INTO transaction VALUES("3932","23","X","-1000","ML","1417056148","Insert sub store","0","0","main","0");
INSERT INTO transaction VALUES("3933","45","N","28","Cai","1417056440","Nhập hàng","0","0","sub","0");
INSERT INTO transaction VALUES("3934","48","X","-28","Cai","1417056440","Insert sub store","0","0","main","0");
INSERT INTO transaction VALUES("3935","49","N","3000","ML","1417056890","Nhập hàng","90000","6","main","0");
INSERT INTO transaction VALUES("3936","46","N","3000","ML","1417056933","Nhập hàng","0","0","sub","0");
INSERT INTO transaction VALUES("3937","49","X","-3000","ML","1417056933","Insert sub store","0","0","main","0");
INSERT INTO transaction VALUES("3938","25","N","1000","G","1417062213","Nhập hàng","0","0","sub","0");
INSERT INTO transaction VALUES("3939","27","X","-1000","G","1417062213","Insert sub store","0","0","main","0");
INSERT INTO transaction VALUES("3940","30","X","-8","Trai","1417063402","{\"orderID\":816,\"orderDetailId\":2269}","0","0","sub","816");
INSERT INTO transaction VALUES("3941","32","X","-1","Trai","1417063402","{\"orderID\":816,\"orderDetailId\":2270}","0","0","sub","816");
INSERT INTO transaction VALUES("3958","21","X","-10","ML","1417066624","{\"orderID\":\"822\",\"orderDetailId\":2281}","0","0","sub","822");
INSERT INTO transaction VALUES("3959","2","X","-15","ML","1417066624","{\"orderID\":\"822\",\"orderDetailId\":2281}","0","0","sub","822");
INSERT INTO transaction VALUES("3960","25","X","-20","G","1417066624","{\"orderID\":\"822\",\"orderDetailId\":2281}","0","0","sub","822");
INSERT INTO transaction VALUES("3961","39","X","-8","G","1417066624","{\"orderID\":\"822\",\"orderDetailId\":2281}","0","0","sub","822");
INSERT INTO transaction VALUES("3962","44","X","-22.5","ML","1417066624","{\"orderID\":\"822\",\"orderDetailId\":2281}","0","0","sub","822");
INSERT INTO transaction VALUES("3963","43","X","-22.5","ML","1417066624","{\"orderID\":\"822\",\"orderDetailId\":2281}","0","0","sub","822");
INSERT INTO transaction VALUES("3964","54","X","-8","Cai","1417066624","{\"orderID\":\"822\",\"orderDetailId\":2281}","0","0","sub","822");
INSERT INTO transaction VALUES("3965","46","X","-50","ML","1417067485","{\"orderID\":\"817\",\"orderDetailId\":2282}","0","0","sub","817");
INSERT INTO transaction VALUES("3966","22","X","-10","G","1417067485","{\"orderID\":\"817\",\"orderDetailId\":2282}","0","0","sub","817");
INSERT INTO transaction VALUES("3967","56","X","-10","G","1417067485","{\"orderID\":\"817\",\"orderDetailId\":2282}","0","0","sub","817");
INSERT INTO transaction VALUES("3968","21","X","-30","ML","1417067485","{\"orderID\":\"817\",\"orderDetailId\":2282}","0","0","sub","817");
INSERT INTO transaction VALUES("3969","55","X","-8","Cai","1417067485","{\"orderID\":\"817\",\"orderDetailId\":2282}","0","0","sub","817");
INSERT INTO transaction VALUES("3970","43","X","-22.5","ML","1417067485","{\"orderID\":\"817\",\"orderDetailId\":2282}","0","0","sub","817");
INSERT INTO transaction VALUES("3971","44","X","-22.5","ML","1417067485","{\"orderID\":\"817\",\"orderDetailId\":2282}","0","0","sub","817");
INSERT INTO transaction VALUES("3972","32","X","-1","Trai","1417067485","{\"orderID\":\"817\",\"orderDetailId\":2283}","0","0","sub","817");
INSERT INTO transaction VALUES("3974","39","X","-60","G","1417069992","{\"orderID\":\"818\",\"orderDetailId\":2291}","0","0","sub","818");
INSERT INTO transaction VALUES("3975","42","X","0","Hu","1417072906","{\"orderID\":828,\"orderDetailId\":2293}","0","0","sub","828");
INSERT INTO transaction VALUES("3976","38","X","-30","ML","1417072906","{\"orderID\":828,\"orderDetailId\":2293}","0","0","sub","828");
INSERT INTO transaction VALUES("3977","21","X","-30","ML","1417072906","{\"orderID\":828,\"orderDetailId\":2293}","0","0","sub","828");
INSERT INTO transaction VALUES("3978","43","X","-22.5","ML","1417072906","{\"orderID\":828,\"orderDetailId\":2293}","0","0","sub","828");
INSERT INTO transaction VALUES("3979","44","X","-22.5","ML","1417072906","{\"orderID\":828,\"orderDetailId\":2293}","0","0","sub","828");
INSERT INTO transaction VALUES("3980","45","X","-2","Cai","1417072906","{\"orderID\":828,\"orderDetailId\":2294}","0","0","sub","828");
INSERT INTO transaction VALUES("3981","46","X","-60","ML","1417072906","{\"orderID\":828,\"orderDetailId\":2294}","0","0","sub","828");
INSERT INTO transaction VALUES("3982","21","X","-10","ML","1417072906","{\"orderID\":828,\"orderDetailId\":2294}","0","0","sub","828");
INSERT INTO transaction VALUES("3983","25","X","-20","G","1417072906","{\"orderID\":828,\"orderDetailId\":2294}","0","0","sub","828");
INSERT INTO transaction VALUES("3984","43","X","-22.5","ML","1417072906","{\"orderID\":828,\"orderDetailId\":2294}","0","0","sub","828");
INSERT INTO transaction VALUES("3985","44","X","-22.5","ML","1417072906","{\"orderID\":828,\"orderDetailId\":2294}","0","0","sub","828");
INSERT INTO transaction VALUES("4000","21","X","-20","ML","1417077734","{\"orderID\":\"829\",\"orderDetailId\":2299}","0","0","sub","829");
INSERT INTO transaction VALUES("4001","2","X","-30","ML","1417077734","{\"orderID\":\"829\",\"orderDetailId\":2299}","0","0","sub","829");
INSERT INTO transaction VALUES("4002","25","X","-40","G","1417077734","{\"orderID\":\"829\",\"orderDetailId\":2299}","0","0","sub","829");
INSERT INTO transaction VALUES("4003","39","X","-16","G","1417077734","{\"orderID\":\"829\",\"orderDetailId\":2299}","0","0","sub","829");
INSERT INTO transaction VALUES("4004","44","X","-45","ML","1417077734","{\"orderID\":\"829\",\"orderDetailId\":2299}","0","0","sub","829");
INSERT INTO transaction VALUES("4005","43","X","-45","ML","1417077734","{\"orderID\":\"829\",\"orderDetailId\":2299}","0","0","sub","829");
INSERT INTO transaction VALUES("4006","54","X","-16","Cai","1417077734","{\"orderID\":\"829\",\"orderDetailId\":2299}","0","0","sub","829");
INSERT INTO transaction VALUES("4007","30","X","-1","Trai","1417077734","{\"orderID\":\"829\",\"orderDetailId\":2300}","0","0","sub","829");
INSERT INTO transaction VALUES("4008","53","X","-4","Trai","1417077734","{\"orderID\":\"829\",\"orderDetailId\":2300}","0","0","sub","829");
INSERT INTO transaction VALUES("4009","18","X","-15","ML","1417077734","{\"orderID\":\"829\",\"orderDetailId\":2300}","0","0","sub","829");
INSERT INTO transaction VALUES("4010","34","X","-0.5","Trai","1417077752","{\"orderID\":\"825\",\"orderDetailId\":2301}","0","0","sub","825");
INSERT INTO transaction VALUES("4011","47","X","-1","Trai","1417077752","{\"orderID\":\"825\",\"orderDetailId\":2302}","0","0","sub","825");
INSERT INTO transaction VALUES("4012","46","X","-40","ML","1417077752","{\"orderID\":\"825\",\"orderDetailId\":2302}","0","0","sub","825");
INSERT INTO transaction VALUES("4013","21","X","-30","ML","1417077752","{\"orderID\":\"825\",\"orderDetailId\":2302}","0","0","sub","825");
INSERT INTO transaction VALUES("4019","39","X","-30","G","1417093439","{\"orderID\":\"831\",\"orderDetailId\":2307}","0","0","sub","831");
INSERT INTO transaction VALUES("4020","53","X","-6","Trai","1417093439","{\"orderID\":\"831\",\"orderDetailId\":2308}","0","0","sub","831");
INSERT INTO transaction VALUES("4021","46","X","-30","ML","1417093439","{\"orderID\":\"831\",\"orderDetailId\":2308}","0","0","sub","831");
INSERT INTO transaction VALUES("4022","21","X","-20","ML","1417093439","{\"orderID\":\"831\",\"orderDetailId\":2308}","0","0","sub","831");
INSERT INTO transaction VALUES("4023","18","X","-15","ML","1417093439","{\"orderID\":\"831\",\"orderDetailId\":2308}","0","0","sub","831");
INSERT INTO transaction VALUES("4043","39","X","-30","G","1417096909","{\"orderID\":\"834\",\"orderDetailId\":2314}","0","0","sub","834");
INSERT INTO transaction VALUES("4044","18","X","-10","ML","1417099157","{\"orderID\":\"833\",\"orderDetailId\":2315}","0","0","sub","833");
INSERT INTO transaction VALUES("4045","37","X","-20","ML","1417099157","{\"orderID\":\"833\",\"orderDetailId\":2315}","0","0","sub","833");
INSERT INTO transaction VALUES("4046","52","X","-150","ML","1417099157","{\"orderID\":\"833\",\"orderDetailId\":2315}","0","0","sub","833");
INSERT INTO transaction VALUES("4047","43","X","-22.5","ML","1417099157","{\"orderID\":\"833\",\"orderDetailId\":2315}","0","0","sub","833");
INSERT INTO transaction VALUES("4048","44","X","-22.5","ML","1417099157","{\"orderID\":\"833\",\"orderDetailId\":2315}","0","0","sub","833");
INSERT INTO transaction VALUES("4049","42","X","0","Hu","1417099157","{\"orderID\":\"833\",\"orderDetailId\":2316}","0","0","sub","833");
INSERT INTO transaction VALUES("4050","38","X","-30","ML","1417099157","{\"orderID\":\"833\",\"orderDetailId\":2316}","0","0","sub","833");
INSERT INTO transaction VALUES("4051","21","X","-30","ML","1417099157","{\"orderID\":\"833\",\"orderDetailId\":2316}","0","0","sub","833");
INSERT INTO transaction VALUES("4052","43","X","-22.5","ML","1417099157","{\"orderID\":\"833\",\"orderDetailId\":2316}","0","0","sub","833");
INSERT INTO transaction VALUES("4053","44","X","-22.5","ML","1417099157","{\"orderID\":\"833\",\"orderDetailId\":2316}","0","0","sub","833");
INSERT INTO transaction VALUES("4054","20","X","-20","G","1417099157","{\"orderID\":\"833\",\"orderDetailId\":2317}","0","0","sub","833");
INSERT INTO transaction VALUES("4055","21","X","-10","ML","1417099157","{\"orderID\":\"833\",\"orderDetailId\":2318}","0","0","sub","833");
INSERT INTO transaction VALUES("4056","2","X","-15","ML","1417099157","{\"orderID\":\"833\",\"orderDetailId\":2318}","0","0","sub","833");
INSERT INTO transaction VALUES("4057","25","X","-20","G","1417099157","{\"orderID\":\"833\",\"orderDetailId\":2318}","0","0","sub","833");
INSERT INTO transaction VALUES("4058","39","X","-8","G","1417099157","{\"orderID\":\"833\",\"orderDetailId\":2318}","0","0","sub","833");
INSERT INTO transaction VALUES("4059","44","X","-22.5","ML","1417099157","{\"orderID\":\"833\",\"orderDetailId\":2318}","0","0","sub","833");
INSERT INTO transaction VALUES("4060","43","X","-22.5","ML","1417099157","{\"orderID\":\"833\",\"orderDetailId\":2318}","0","0","sub","833");
INSERT INTO transaction VALUES("4061","54","X","-8","Cai","1417099157","{\"orderID\":\"833\",\"orderDetailId\":2318}","0","0","sub","833");
INSERT INTO transaction VALUES("4062","23","N","12000","ML","1417105203","Nhập hàng","576000","6","main","0");
INSERT INTO transaction VALUES("4063","21","N","2000","ML","1417105229","Nhập hàng","0","0","sub","0");
INSERT INTO transaction VALUES("4064","23","X","-2000","ML","1417105229","Insert sub store","0","0","main","0");
INSERT INTO transaction VALUES("4065","58","N","33","Trai","1417105290","Nhập hàng","40000","4","main","0");
INSERT INTO transaction VALUES("4066","53","N","33","Trai","1417105311","Nhập hàng","0","0","sub","0");
INSERT INTO transaction VALUES("4067","58","X","-33","Trai","1417105311","Insert sub store","0","0","main","0");
INSERT INTO transaction VALUES("4068","35","N","4","Trai","1417105407","Nhập hàng","56000","8","main","0");
INSERT INTO transaction VALUES("4092","39","X","-30","G","1417106795","{\"orderID\":\"835\",\"orderDetailId\":2327}","0","0","sub","835");
INSERT INTO transaction VALUES("4093","21","X","-10","ML","1417106795","{\"orderID\":\"835\",\"orderDetailId\":2328}","0","0","sub","835");
INSERT INTO transaction VALUES("4094","2","X","-15","ML","1417106795","{\"orderID\":\"835\",\"orderDetailId\":2328}","0","0","sub","835");
INSERT INTO transaction VALUES("4095","25","X","-20","G","1417106795","{\"orderID\":\"835\",\"orderDetailId\":2328}","0","0","sub","835");
INSERT INTO transaction VALUES("4096","39","X","-8","G","1417106795","{\"orderID\":\"835\",\"orderDetailId\":2328}","0","0","sub","835");
INSERT INTO transaction VALUES("4097","44","X","-22.5","ML","1417106795","{\"orderID\":\"835\",\"orderDetailId\":2328}","0","0","sub","835");
INSERT INTO transaction VALUES("4098","43","X","-22.5","ML","1417106795","{\"orderID\":\"835\",\"orderDetailId\":2328}","0","0","sub","835");
INSERT INTO transaction VALUES("4099","54","X","-8","Cai","1417106795","{\"orderID\":\"835\",\"orderDetailId\":2328}","0","0","sub","835");
INSERT INTO transaction VALUES("4100","8","X","-20","ML","1417106795","{\"orderID\":\"835\",\"orderDetailId\":2330}","0","0","sub","835");
INSERT INTO transaction VALUES("4101","3","X","-5","ML","1417106795","{\"orderID\":\"835\",\"orderDetailId\":2330}","0","0","sub","835");
INSERT INTO transaction VALUES("4102","5","X","-5","ML","1417106795","{\"orderID\":\"835\",\"orderDetailId\":2330}","0","0","sub","835");
INSERT INTO transaction VALUES("4103","52","X","-150","ML","1417106795","{\"orderID\":\"835\",\"orderDetailId\":2330}","0","0","sub","835");
INSERT INTO transaction VALUES("4104","43","X","-22.5","ML","1417106795","{\"orderID\":\"835\",\"orderDetailId\":2330}","0","0","sub","835");
INSERT INTO transaction VALUES("4105","44","X","-22.5","ML","1417106795","{\"orderID\":\"835\",\"orderDetailId\":2330}","0","0","sub","835");
INSERT INTO transaction VALUES("4113","21","X","-10","ML","1417108901","{\"orderID\":\"837\",\"orderDetailId\":2333}","0","0","sub","837");
INSERT INTO transaction VALUES("4114","2","X","-15","ML","1417108901","{\"orderID\":\"837\",\"orderDetailId\":2333}","0","0","sub","837");
INSERT INTO transaction VALUES("4115","25","X","-20","G","1417108901","{\"orderID\":\"837\",\"orderDetailId\":2333}","0","0","sub","837");
INSERT INTO transaction VALUES("4116","39","X","-8","G","1417108901","{\"orderID\":\"837\",\"orderDetailId\":2333}","0","0","sub","837");
INSERT INTO transaction VALUES("4117","44","X","-22.5","ML","1417108901","{\"orderID\":\"837\",\"orderDetailId\":2333}","0","0","sub","837");
INSERT INTO transaction VALUES("4118","43","X","-22.5","ML","1417108901","{\"orderID\":\"837\",\"orderDetailId\":2333}","0","0","sub","837");
INSERT INTO transaction VALUES("4119","54","X","-8","Cai","1417108901","{\"orderID\":\"837\",\"orderDetailId\":2333}","0","0","sub","837");
INSERT INTO transaction VALUES("4120","20","X","-20","G","1417109463","{\"orderID\":\"836\",\"orderDetailId\":2334}","0","0","sub","836");
INSERT INTO transaction VALUES("4135","21","X","-10","ML","1417115254","{\"orderID\":\"841\",\"orderDetailId\":2340}","0","0","sub","841");
INSERT INTO transaction VALUES("4136","2","X","-15","ML","1417115254","{\"orderID\":\"841\",\"orderDetailId\":2340}","0","0","sub","841");
INSERT INTO transaction VALUES("4137","25","X","-20","G","1417115254","{\"orderID\":\"841\",\"orderDetailId\":2340}","0","0","sub","841");
INSERT INTO transaction VALUES("4138","39","X","-8","G","1417115254","{\"orderID\":\"841\",\"orderDetailId\":2340}","0","0","sub","841");
INSERT INTO transaction VALUES("4139","44","X","-22.5","ML","1417115254","{\"orderID\":\"841\",\"orderDetailId\":2340}","0","0","sub","841");
INSERT INTO transaction VALUES("4140","43","X","-22.5","ML","1417115254","{\"orderID\":\"841\",\"orderDetailId\":2340}","0","0","sub","841");
INSERT INTO transaction VALUES("4141","54","X","-8","Cai","1417115254","{\"orderID\":\"841\",\"orderDetailId\":2340}","0","0","sub","841");
INSERT INTO transaction VALUES("4142","39","X","-30","G","1417115433","{\"orderID\":\"840\",\"orderDetailId\":2341}","0","0","sub","840");
INSERT INTO transaction VALUES("4143","53","X","-3","Trai","1417115433","{\"orderID\":\"840\",\"orderDetailId\":2342}","0","0","sub","840");
INSERT INTO transaction VALUES("4144","34","X","-0.125","Trai","1417115433","{\"orderID\":\"840\",\"orderDetailId\":2342}","0","0","sub","840");
INSERT INTO transaction VALUES("4145","35","X","-0.167","Trai","1417115433","{\"orderID\":\"840\",\"orderDetailId\":2342}","0","0","sub","840");
INSERT INTO transaction VALUES("4146","42","X","-0.5","Hu","1417115433","{\"orderID\":\"840\",\"orderDetailId\":2342}","0","0","sub","840");
INSERT INTO transaction VALUES("4164","21","X","-20","ML","1417118361","{\"orderID\":\"839\",\"orderDetailId\":2355}","0","0","sub","839");
INSERT INTO transaction VALUES("4165","39","X","-30","G","1417118361","{\"orderID\":\"839\",\"orderDetailId\":2355}","0","0","sub","839");
INSERT INTO transaction VALUES("4166","30","X","-2","Trai","1417120323","{\"orderID\":\"843\",\"orderDetailId\":2358}","0","0","sub","843");
INSERT INTO transaction VALUES("4182","39","X","-30","G","1417120469","{\"orderID\":850,\"orderDetailId\":2363}","0","0","sub","850");
INSERT INTO transaction VALUES("4183","21","X","-20","ML","1417121331","{\"orderID\":\"845\",\"orderDetailId\":2364}","0","0","sub","845");
INSERT INTO transaction VALUES("4184","46","X","-50","ML","1417121331","{\"orderID\":\"845\",\"orderDetailId\":2364}","0","0","sub","845");
INSERT INTO transaction VALUES("4185","39","X","-20","G","1417121331","{\"orderID\":\"845\",\"orderDetailId\":2364}","0","0","sub","845");
INSERT INTO transaction VALUES("4186","30","X","-0.5","Trai","1417121671","{\"orderID\":\"844\",\"orderDetailId\":2366}","0","0","sub","844");
INSERT INTO transaction VALUES("4187","53","X","-3","Trai","1417121671","{\"orderID\":\"844\",\"orderDetailId\":2366}","0","0","sub","844");
INSERT INTO transaction VALUES("4188","47","X","-0.5","Trai","1417121671","{\"orderID\":\"844\",\"orderDetailId\":2366}","0","0","sub","844");
INSERT INTO transaction VALUES("4189","21","X","-20","ML","1417121671","{\"orderID\":\"844\",\"orderDetailId\":2366}","0","0","sub","844");
INSERT INTO transaction VALUES("4190","46","X","-30","ML","1417121671","{\"orderID\":\"844\",\"orderDetailId\":2366}","0","0","sub","844");
INSERT INTO transaction VALUES("4191","30","X","-0.5","Trai","1417121671","{\"orderID\":\"844\",\"orderDetailId\":2367}","0","0","sub","844");
INSERT INTO transaction VALUES("4192","53","X","-3","Trai","1417121671","{\"orderID\":\"844\",\"orderDetailId\":2367}","0","0","sub","844");
INSERT INTO transaction VALUES("4193","47","X","-0.5","Trai","1417121671","{\"orderID\":\"844\",\"orderDetailId\":2367}","0","0","sub","844");
INSERT INTO transaction VALUES("4194","21","X","-20","ML","1417121671","{\"orderID\":\"844\",\"orderDetailId\":2367}","0","0","sub","844");
INSERT INTO transaction VALUES("4195","46","X","-30","ML","1417121671","{\"orderID\":\"844\",\"orderDetailId\":2367}","0","0","sub","844");
INSERT INTO transaction VALUES("4196","45","X","-2","Cai","1417121671","{\"orderID\":\"844\",\"orderDetailId\":2368}","0","0","sub","844");
INSERT INTO transaction VALUES("4197","46","X","-60","ML","1417121671","{\"orderID\":\"844\",\"orderDetailId\":2368}","0","0","sub","844");
INSERT INTO transaction VALUES("4198","21","X","-10","ML","1417121671","{\"orderID\":\"844\",\"orderDetailId\":2368}","0","0","sub","844");
INSERT INTO transaction VALUES("4199","25","X","-20","G","1417121671","{\"orderID\":\"844\",\"orderDetailId\":2368}","0","0","sub","844");
INSERT INTO transaction VALUES("4200","43","X","-22.5","ML","1417121671","{\"orderID\":\"844\",\"orderDetailId\":2368}","0","0","sub","844");
INSERT INTO transaction VALUES("4201","44","X","-22.5","ML","1417121671","{\"orderID\":\"844\",\"orderDetailId\":2368}","0","0","sub","844");
INSERT INTO transaction VALUES("4202","34","X","-0.125","Trai","1417127334","{\"orderID\":\"849\",\"orderDetailId\":2369}","0","0","sub","849");
INSERT INTO transaction VALUES("4203","31","X","-0.125","Trai","1417127334","{\"orderID\":\"849\",\"orderDetailId\":2369}","0","0","sub","849");
INSERT INTO transaction VALUES("4204","33","X","-0.125","Trai","1417127334","{\"orderID\":\"849\",\"orderDetailId\":2369}","0","0","sub","849");
INSERT INTO transaction VALUES("4205","49","X","-1","KG","1417127334","{\"orderID\":\"849\",\"orderDetailId\":2369}","0","0","sub","849");
INSERT INTO transaction VALUES("4206","37","X","-15","ML","1417127334","{\"orderID\":\"849\",\"orderDetailId\":2369}","0","0","sub","849");
INSERT INTO transaction VALUES("4207","53","X","-2","Trai","1417127334","{\"orderID\":\"849\",\"orderDetailId\":2369}","0","0","sub","849");
INSERT INTO transaction VALUES("4208","45","X","-2","Cai","1417127334","{\"orderID\":\"849\",\"orderDetailId\":2370}","0","0","sub","849");
INSERT INTO transaction VALUES("4209","23","X","-20","G","1417127334","{\"orderID\":\"849\",\"orderDetailId\":2370}","0","0","sub","849");
INSERT INTO transaction VALUES("4210","21","X","-10","ML","1417127334","{\"orderID\":\"849\",\"orderDetailId\":2370}","0","0","sub","849");
INSERT INTO transaction VALUES("4211","46","X","-40","ML","1417127334","{\"orderID\":\"849\",\"orderDetailId\":2370}","0","0","sub","849");
INSERT INTO transaction VALUES("4212","25","X","-20","G","1417127334","{\"orderID\":\"849\",\"orderDetailId\":2370}","0","0","sub","849");
INSERT INTO transaction VALUES("4213","17","X","-5","G","1417127334","{\"orderID\":\"849\",\"orderDetailId\":2370}","0","0","sub","849");
INSERT INTO transaction VALUES("4214","43","X","-22.5","ML","1417127334","{\"orderID\":\"849\",\"orderDetailId\":2370}","0","0","sub","849");
INSERT INTO transaction VALUES("4215","44","X","-22.5","ML","1417127334","{\"orderID\":\"849\",\"orderDetailId\":2370}","0","0","sub","849");
INSERT INTO transaction VALUES("4216","19","X","-15","ML","1417127334","{\"orderID\":\"849\",\"orderDetailId\":2370}","0","0","sub","849");
INSERT INTO transaction VALUES("4244","45","X","-2","Cai","1417134475","{\"orderID\":\"851\",\"orderDetailId\":2375}","0","0","sub","851");
INSERT INTO transaction VALUES("4245","46","X","-60","ML","1417134475","{\"orderID\":\"851\",\"orderDetailId\":2375}","0","0","sub","851");
INSERT INTO transaction VALUES("4246","21","X","-10","ML","1417134475","{\"orderID\":\"851\",\"orderDetailId\":2375}","0","0","sub","851");
INSERT INTO transaction VALUES("4247","25","X","-20","G","1417134475","{\"orderID\":\"851\",\"orderDetailId\":2375}","0","0","sub","851");
INSERT INTO transaction VALUES("4248","43","X","-22.5","ML","1417134475","{\"orderID\":\"851\",\"orderDetailId\":2375}","0","0","sub","851");
INSERT INTO transaction VALUES("4249","44","X","-22.5","ML","1417134475","{\"orderID\":\"851\",\"orderDetailId\":2375}","0","0","sub","851");
INSERT INTO transaction VALUES("4250","45","X","-2","Cai","1417134475","{\"orderID\":\"851\",\"orderDetailId\":2376}","0","0","sub","851");
INSERT INTO transaction VALUES("4251","23","X","-20","G","1417134475","{\"orderID\":\"851\",\"orderDetailId\":2376}","0","0","sub","851");
INSERT INTO transaction VALUES("4252","25","X","-20","G","1417134475","{\"orderID\":\"851\",\"orderDetailId\":2376}","0","0","sub","851");
INSERT INTO transaction VALUES("4253","21","X","-10","ML","1417134475","{\"orderID\":\"851\",\"orderDetailId\":2376}","0","0","sub","851");
INSERT INTO transaction VALUES("4254","46","X","-40","ML","1417134475","{\"orderID\":\"851\",\"orderDetailId\":2376}","0","0","sub","851");
INSERT INTO transaction VALUES("4255","17","X","-5","G","1417134475","{\"orderID\":\"851\",\"orderDetailId\":2376}","0","0","sub","851");
INSERT INTO transaction VALUES("4256","43","X","-22.5","ML","1417134475","{\"orderID\":\"851\",\"orderDetailId\":2376}","0","0","sub","851");
INSERT INTO transaction VALUES("4257","44","X","-22.5","ML","1417134475","{\"orderID\":\"851\",\"orderDetailId\":2376}","0","0","sub","851");
INSERT INTO transaction VALUES("4347","46","X","-100","ML","1417140502","{\"orderID\":\"852\",\"orderDetailId\":2398}","0","0","sub","852");
INSERT INTO transaction VALUES("4348","22","X","-20","G","1417140502","{\"orderID\":\"852\",\"orderDetailId\":2398}","0","0","sub","852");
INSERT INTO transaction VALUES("4349","56","X","-20","G","1417140502","{\"orderID\":\"852\",\"orderDetailId\":2398}","0","0","sub","852");
INSERT INTO transaction VALUES("4350","21","X","-60","ML","1417140502","{\"orderID\":\"852\",\"orderDetailId\":2398}","0","0","sub","852");
INSERT INTO transaction VALUES("4351","55","X","-16","Cai","1417140502","{\"orderID\":\"852\",\"orderDetailId\":2398}","0","0","sub","852");
INSERT INTO transaction VALUES("4352","43","X","-45","ML","1417140502","{\"orderID\":\"852\",\"orderDetailId\":2398}","0","0","sub","852");
INSERT INTO transaction VALUES("4353","44","X","-45","ML","1417140502","{\"orderID\":\"852\",\"orderDetailId\":2398}","0","0","sub","852");
INSERT INTO transaction VALUES("4354","45","X","-2","Cai","1417140502","{\"orderID\":\"852\",\"orderDetailId\":2399}","0","0","sub","852");
INSERT INTO transaction VALUES("4355","23","X","-20","G","1417140502","{\"orderID\":\"852\",\"orderDetailId\":2399}","0","0","sub","852");
INSERT INTO transaction VALUES("4356","21","X","-10","ML","1417140502","{\"orderID\":\"852\",\"orderDetailId\":2399}","0","0","sub","852");
INSERT INTO transaction VALUES("4357","46","X","-40","ML","1417140502","{\"orderID\":\"852\",\"orderDetailId\":2399}","0","0","sub","852");
INSERT INTO transaction VALUES("4358","25","X","-20","G","1417140502","{\"orderID\":\"852\",\"orderDetailId\":2399}","0","0","sub","852");
INSERT INTO transaction VALUES("4359","17","X","-5","G","1417140502","{\"orderID\":\"852\",\"orderDetailId\":2399}","0","0","sub","852");
INSERT INTO transaction VALUES("4360","43","X","-22.5","ML","1417140502","{\"orderID\":\"852\",\"orderDetailId\":2399}","0","0","sub","852");
INSERT INTO transaction VALUES("4361","44","X","-22.5","ML","1417140502","{\"orderID\":\"852\",\"orderDetailId\":2399}","0","0","sub","852");
INSERT INTO transaction VALUES("4362","19","X","-15","ML","1417140502","{\"orderID\":\"852\",\"orderDetailId\":2399}","0","0","sub","852");
INSERT INTO transaction VALUES("4363","36","X","-15","ML","1417140502","{\"orderID\":\"852\",\"orderDetailId\":2402}","0","0","sub","852");
INSERT INTO transaction VALUES("4364","15","X","-15","ML","1417140502","{\"orderID\":\"852\",\"orderDetailId\":2402}","0","0","sub","852");
INSERT INTO transaction VALUES("4365","52","X","-150","ML","1417140502","{\"orderID\":\"852\",\"orderDetailId\":2402}","0","0","sub","852");
INSERT INTO transaction VALUES("4366","43","X","-22.5","ML","1417140502","{\"orderID\":\"852\",\"orderDetailId\":2402}","0","0","sub","852");
INSERT INTO transaction VALUES("4367","44","X","-22.5","ML","1417140502","{\"orderID\":\"852\",\"orderDetailId\":2402}","0","0","sub","852");
INSERT INTO transaction VALUES("4368","42","X","-1","Hu","1417140502","{\"orderID\":\"852\",\"orderDetailId\":2403}","0","0","sub","852");
INSERT INTO transaction VALUES("4369","14","X","-30","ML","1417140502","{\"orderID\":\"852\",\"orderDetailId\":2403}","0","0","sub","852");
INSERT INTO transaction VALUES("4370","21","X","-30","ML","1417140502","{\"orderID\":\"852\",\"orderDetailId\":2403}","0","0","sub","852");
INSERT INTO transaction VALUES("4371","44","X","-22.5","ML","1417140502","{\"orderID\":\"852\",\"orderDetailId\":2403}","0","0","sub","852");
INSERT INTO transaction VALUES("4372","43","X","-22.5","ML","1417140502","{\"orderID\":\"852\",\"orderDetailId\":2403}","0","0","sub","852");
INSERT INTO transaction VALUES("4434","39","X","-30","G","1417142530","{\"orderID\":856,\"orderDetailId\":2424}","0","0","sub","856");
INSERT INTO transaction VALUES("4435","46","X","-100","ML","1417143263","{\"orderID\":\"853\",\"orderDetailId\":2425}","0","0","sub","853");
INSERT INTO transaction VALUES("4436","22","X","-20","G","1417143263","{\"orderID\":\"853\",\"orderDetailId\":2425}","0","0","sub","853");
INSERT INTO transaction VALUES("4437","56","X","-20","G","1417143263","{\"orderID\":\"853\",\"orderDetailId\":2425}","0","0","sub","853");
INSERT INTO transaction VALUES("4438","21","X","-60","ML","1417143263","{\"orderID\":\"853\",\"orderDetailId\":2425}","0","0","sub","853");
INSERT INTO transaction VALUES("4439","55","X","-16","Cai","1417143263","{\"orderID\":\"853\",\"orderDetailId\":2425}","0","0","sub","853");
INSERT INTO transaction VALUES("4440","43","X","-45","ML","1417143263","{\"orderID\":\"853\",\"orderDetailId\":2425}","0","0","sub","853");
INSERT INTO transaction VALUES("4441","44","X","-45","ML","1417143263","{\"orderID\":\"853\",\"orderDetailId\":2425}","0","0","sub","853");
INSERT INTO transaction VALUES("4442","42","X","-1","Hu","1417143263","{\"orderID\":\"853\",\"orderDetailId\":2426}","0","0","sub","853");
INSERT INTO transaction VALUES("4443","14","X","-30","ML","1417143263","{\"orderID\":\"853\",\"orderDetailId\":2426}","0","0","sub","853");
INSERT INTO transaction VALUES("4444","21","X","-30","ML","1417143263","{\"orderID\":\"853\",\"orderDetailId\":2426}","0","0","sub","853");
INSERT INTO transaction VALUES("4445","44","X","-22.5","ML","1417143263","{\"orderID\":\"853\",\"orderDetailId\":2426}","0","0","sub","853");
INSERT INTO transaction VALUES("4446","43","X","-22.5","ML","1417143263","{\"orderID\":\"853\",\"orderDetailId\":2426}","0","0","sub","853");
INSERT INTO transaction VALUES("4447","36","X","-15","ML","1417143263","{\"orderID\":\"853\",\"orderDetailId\":2427}","0","0","sub","853");
INSERT INTO transaction VALUES("4448","15","X","-15","ML","1417143263","{\"orderID\":\"853\",\"orderDetailId\":2427}","0","0","sub","853");
INSERT INTO transaction VALUES("4449","52","X","-150","ML","1417143263","{\"orderID\":\"853\",\"orderDetailId\":2427}","0","0","sub","853");
INSERT INTO transaction VALUES("4450","43","X","-22.5","ML","1417143263","{\"orderID\":\"853\",\"orderDetailId\":2427}","0","0","sub","853");
INSERT INTO transaction VALUES("4451","44","X","-22.5","ML","1417143263","{\"orderID\":\"853\",\"orderDetailId\":2427}","0","0","sub","853");
INSERT INTO transaction VALUES("4452","45","X","-2","Cai","1417143263","{\"orderID\":\"853\",\"orderDetailId\":2428}","0","0","sub","853");
INSERT INTO transaction VALUES("4453","23","X","-20","G","1417143263","{\"orderID\":\"853\",\"orderDetailId\":2428}","0","0","sub","853");
INSERT INTO transaction VALUES("4454","21","X","-10","ML","1417143263","{\"orderID\":\"853\",\"orderDetailId\":2428}","0","0","sub","853");
INSERT INTO transaction VALUES("4455","46","X","-40","ML","1417143263","{\"orderID\":\"853\",\"orderDetailId\":2428}","0","0","sub","853");
INSERT INTO transaction VALUES("4456","25","X","-20","G","1417143263","{\"orderID\":\"853\",\"orderDetailId\":2428}","0","0","sub","853");
INSERT INTO transaction VALUES("4457","17","X","-5","G","1417143263","{\"orderID\":\"853\",\"orderDetailId\":2428}","0","0","sub","853");
INSERT INTO transaction VALUES("4458","43","X","-22.5","ML","1417143263","{\"orderID\":\"853\",\"orderDetailId\":2428}","0","0","sub","853");
INSERT INTO transaction VALUES("4459","44","X","-22.5","ML","1417143263","{\"orderID\":\"853\",\"orderDetailId\":2428}","0","0","sub","853");
INSERT INTO transaction VALUES("4460","19","X","-15","ML","1417143263","{\"orderID\":\"853\",\"orderDetailId\":2428}","0","0","sub","853");
INSERT INTO transaction VALUES("4461","39","X","-30","G","1417145025","{\"orderID\":\"855\",\"orderDetailId\":2432}","0","0","sub","855");
INSERT INTO transaction VALUES("4462","29","X","-1","Goi","1417145025","{\"orderID\":\"855\",\"orderDetailId\":2433}","0","0","sub","855");
INSERT INTO transaction VALUES("4463","28","X","-2","Goi","1417145025","{\"orderID\":\"855\",\"orderDetailId\":2433}","0","0","sub","855");
INSERT INTO transaction VALUES("4464","27","X","-10","G","1417145025","{\"orderID\":\"855\",\"orderDetailId\":2433}","0","0","sub","855");
INSERT INTO transaction VALUES("4465","7","X","-40","ML","1417145025","{\"orderID\":\"855\",\"orderDetailId\":2434}","0","0","sub","855");
INSERT INTO transaction VALUES("4466","12","X","-20","ML","1417145025","{\"orderID\":\"855\",\"orderDetailId\":2434}","0","0","sub","855");
INSERT INTO transaction VALUES("4467","21","X","-20","ML","1417145025","{\"orderID\":\"855\",\"orderDetailId\":2434}","0","0","sub","855");
INSERT INTO transaction VALUES("4468","46","X","-10","ML","1417145025","{\"orderID\":\"855\",\"orderDetailId\":2434}","0","0","sub","855");
INSERT INTO transaction VALUES("4469","22","X","-10","G","1417145025","{\"orderID\":\"855\",\"orderDetailId\":2436}","0","0","sub","855");
INSERT INTO transaction VALUES("4470","56","X","-10","G","1417145025","{\"orderID\":\"855\",\"orderDetailId\":2436}","0","0","sub","855");
INSERT INTO transaction VALUES("4471","46","X","-50","ML","1417145025","{\"orderID\":\"855\",\"orderDetailId\":2436}","0","0","sub","855");
INSERT INTO transaction VALUES("4472","21","X","-30","ML","1417145025","{\"orderID\":\"855\",\"orderDetailId\":2436}","0","0","sub","855");
INSERT INTO transaction VALUES("4473","43","X","-22.5","ML","1417145025","{\"orderID\":\"855\",\"orderDetailId\":2436}","0","0","sub","855");
INSERT INTO transaction VALUES("4474","44","X","-22.5","ML","1417145025","{\"orderID\":\"855\",\"orderDetailId\":2436}","0","0","sub","855");
INSERT INTO transaction VALUES("4475","36","X","-15","ML","1417147266","{\"orderID\":\"854\",\"orderDetailId\":2437}","0","0","sub","854");
INSERT INTO transaction VALUES("4476","15","X","-15","ML","1417147266","{\"orderID\":\"854\",\"orderDetailId\":2437}","0","0","sub","854");
INSERT INTO transaction VALUES("4477","52","X","-150","ML","1417147266","{\"orderID\":\"854\",\"orderDetailId\":2437}","0","0","sub","854");
INSERT INTO transaction VALUES("4478","43","X","-22.5","ML","1417147266","{\"orderID\":\"854\",\"orderDetailId\":2437}","0","0","sub","854");
INSERT INTO transaction VALUES("4479","44","X","-22.5","ML","1417147266","{\"orderID\":\"854\",\"orderDetailId\":2437}","0","0","sub","854");
INSERT INTO transaction VALUES("4480","22","X","-10","G","1417147266","{\"orderID\":\"854\",\"orderDetailId\":2438}","0","0","sub","854");
INSERT INTO transaction VALUES("4481","56","X","-10","G","1417147266","{\"orderID\":\"854\",\"orderDetailId\":2438}","0","0","sub","854");
INSERT INTO transaction VALUES("4482","46","X","-50","ML","1417147266","{\"orderID\":\"854\",\"orderDetailId\":2438}","0","0","sub","854");
INSERT INTO transaction VALUES("4483","21","X","-30","ML","1417147266","{\"orderID\":\"854\",\"orderDetailId\":2438}","0","0","sub","854");
INSERT INTO transaction VALUES("4484","43","X","-22.5","ML","1417147266","{\"orderID\":\"854\",\"orderDetailId\":2438}","0","0","sub","854");
INSERT INTO transaction VALUES("4485","44","X","-22.5","ML","1417147266","{\"orderID\":\"854\",\"orderDetailId\":2438}","0","0","sub","854");
INSERT INTO transaction VALUES("4496","7","X","-40","ML","1417234931","{\"orderID\":\"862\",\"orderDetailId\":2452}","0","0","sub","862");
INSERT INTO transaction VALUES("4497","12","X","-20","ML","1417234931","{\"orderID\":\"862\",\"orderDetailId\":2452}","0","0","sub","862");
INSERT INTO transaction VALUES("4498","21","X","-20","ML","1417234931","{\"orderID\":\"862\",\"orderDetailId\":2452}","0","0","sub","862");
INSERT INTO transaction VALUES("4499","46","X","-10","ML","1417234931","{\"orderID\":\"862\",\"orderDetailId\":2452}","0","0","sub","862");
INSERT INTO transaction VALUES("4500","31","X","-1","Trai","1417234931","{\"orderID\":\"862\",\"orderDetailId\":2453}","0","0","sub","862");
INSERT INTO transaction VALUES("4501","21","X","-20","ML","1417235093","{\"orderID\":864,\"orderDetailId\":2455}","0","0","sub","864");
INSERT INTO transaction VALUES("4502","23","X","-20","G","1417235093","{\"orderID\":864,\"orderDetailId\":2455}","0","0","sub","864");
INSERT INTO transaction VALUES("4503","25","X","-20","G","1417235093","{\"orderID\":864,\"orderDetailId\":2455}","0","0","sub","864");
INSERT INTO transaction VALUES("4504","39","X","-30","G","1417235093","{\"orderID\":864,\"orderDetailId\":2455}","0","0","sub","864");
INSERT INTO transaction VALUES("4505","54","X","-8","Cai","1417235093","{\"orderID\":864,\"orderDetailId\":2455}","0","0","sub","864");
INSERT INTO transaction VALUES("4506","43","X","-22.5","ML","1417235093","{\"orderID\":864,\"orderDetailId\":2455}","0","0","sub","864");
INSERT INTO transaction VALUES("4507","44","X","-22.5","ML","1417235093","{\"orderID\":864,\"orderDetailId\":2455}","0","0","sub","864");
INSERT INTO transaction VALUES("4508","21","X","-20","ML","1417238962","{\"orderID\":865,\"orderDetailId\":2456}","0","0","sub","865");
INSERT INTO transaction VALUES("4509","2","X","-30","ML","1417238962","{\"orderID\":865,\"orderDetailId\":2456}","0","0","sub","865");
INSERT INTO transaction VALUES("4510","25","X","-40","G","1417238962","{\"orderID\":865,\"orderDetailId\":2456}","0","0","sub","865");
INSERT INTO transaction VALUES("4511","39","X","-16","G","1417238962","{\"orderID\":865,\"orderDetailId\":2456}","0","0","sub","865");
INSERT INTO transaction VALUES("4512","44","X","-45","ML","1417238962","{\"orderID\":865,\"orderDetailId\":2456}","0","0","sub","865");
INSERT INTO transaction VALUES("4513","43","X","-45","ML","1417238962","{\"orderID\":865,\"orderDetailId\":2456}","0","0","sub","865");
INSERT INTO transaction VALUES("4514","54","X","-16","Cai","1417238962","{\"orderID\":865,\"orderDetailId\":2456}","0","0","sub","865");
INSERT INTO transaction VALUES("4515","39","N","1000","G","1417238994","Nhập hàng","0","0","sub","0");
INSERT INTO transaction VALUES("4516","42","X","-1000","G","1417238994","Insert sub store","0","0","main","0");
INSERT INTO transaction VALUES("4517","49","N","4000","ML","1417239184","Nhập hàng","120000","6","main","0");
INSERT INTO transaction VALUES("4518","46","N","4000","ML","1417239202","Nhập hàng","0","0","sub","0");
INSERT INTO transaction VALUES("4519","49","X","-4000","ML","1417239202","Insert sub store","0","0","main","0");
INSERT INTO transaction VALUES("4520","39","X","-30","G","1417239564","{\"orderID\":\"863\",\"orderDetailId\":2458}","0","0","sub","863");
INSERT INTO transaction VALUES("4521","46","X","-50","ML","1417239587","{\"orderID\":866,\"orderDetailId\":2459}","0","0","sub","866");
INSERT INTO transaction VALUES("4522","22","X","-10","G","1417239587","{\"orderID\":866,\"orderDetailId\":2459}","0","0","sub","866");
INSERT INTO transaction VALUES("4523","56","X","-10","G","1417239587","{\"orderID\":866,\"orderDetailId\":2459}","0","0","sub","866");
INSERT INTO transaction VALUES("4524","21","X","-30","ML","1417239587","{\"orderID\":866,\"orderDetailId\":2459}","0","0","sub","866");
INSERT INTO transaction VALUES("4525","55","X","-8","Cai","1417239587","{\"orderID\":866,\"orderDetailId\":2459}","0","0","sub","866");
INSERT INTO transaction VALUES("4526","43","X","-22.5","ML","1417239587","{\"orderID\":866,\"orderDetailId\":2459}","0","0","sub","866");
INSERT INTO transaction VALUES("4527","44","X","-22.5","ML","1417239587","{\"orderID\":866,\"orderDetailId\":2459}","0","0","sub","866");
INSERT INTO transaction VALUES("4528","46","X","-50","ML","1417239605","{\"orderID\":867,\"orderDetailId\":2460}","0","0","sub","867");
INSERT INTO transaction VALUES("4529","22","X","-10","G","1417239605","{\"orderID\":867,\"orderDetailId\":2460}","0","0","sub","867");
INSERT INTO transaction VALUES("4530","56","X","-10","G","1417239605","{\"orderID\":867,\"orderDetailId\":2460}","0","0","sub","867");
INSERT INTO transaction VALUES("4531","21","X","-30","ML","1417239605","{\"orderID\":867,\"orderDetailId\":2460}","0","0","sub","867");
INSERT INTO transaction VALUES("4532","55","X","-8","Cai","1417239605","{\"orderID\":867,\"orderDetailId\":2460}","0","0","sub","867");
INSERT INTO transaction VALUES("4533","43","X","-22.5","ML","1417239605","{\"orderID\":867,\"orderDetailId\":2460}","0","0","sub","867");
INSERT INTO transaction VALUES("4534","44","X","-22.5","ML","1417239605","{\"orderID\":867,\"orderDetailId\":2460}","0","0","sub","867");
INSERT INTO transaction VALUES("4564","20","X","-20","G","1417245932","{\"orderID\":\"871\",\"orderDetailId\":2479}","0","0","sub","871");
INSERT INTO transaction VALUES("4565","30","X","-2","Trai","1417245932","{\"orderID\":\"871\",\"orderDetailId\":2480}","0","0","sub","871");
INSERT INTO transaction VALUES("4566","30","X","-2","Trai","1417245932","{\"orderID\":\"871\",\"orderDetailId\":2481}","0","0","sub","871");
INSERT INTO transaction VALUES("4576","39","X","-30","G","1417247046","{\"orderID\":\"874\",\"orderDetailId\":2486}","0","0","sub","874");
INSERT INTO transaction VALUES("4577","21","X","-20","ML","1417247046","{\"orderID\":\"874\",\"orderDetailId\":2487}","0","0","sub","874");
INSERT INTO transaction VALUES("4578","39","X","-30","G","1417247046","{\"orderID\":\"874\",\"orderDetailId\":2487}","0","0","sub","874");
INSERT INTO transaction VALUES("4579","21","X","-20","ML","1417247046","{\"orderID\":\"874\",\"orderDetailId\":2488}","0","0","sub","874");
INSERT INTO transaction VALUES("4580","46","X","-50","ML","1417247046","{\"orderID\":\"874\",\"orderDetailId\":2488}","0","0","sub","874");
INSERT INTO transaction VALUES("4581","39","X","-20","G","1417247046","{\"orderID\":\"874\",\"orderDetailId\":2488}","0","0","sub","874");
INSERT INTO transaction VALUES("4582","35","X","-0.5","Trai","1417247046","{\"orderID\":\"874\",\"orderDetailId\":2489}","0","0","sub","874");
INSERT INTO transaction VALUES("4583","21","X","-30","ML","1417247046","{\"orderID\":\"874\",\"orderDetailId\":2489}","0","0","sub","874");
INSERT INTO transaction VALUES("4584","46","X","-35","ML","1417247046","{\"orderID\":\"874\",\"orderDetailId\":2489}","0","0","sub","874");
INSERT INTO transaction VALUES("4585","21","X","-20","ML","1417247066","{\"orderID\":\"872\",\"orderDetailId\":2490}","0","0","sub","872");
INSERT INTO transaction VALUES("4586","2","X","-30","ML","1417247066","{\"orderID\":\"872\",\"orderDetailId\":2490}","0","0","sub","872");
INSERT INTO transaction VALUES("4587","25","X","-40","G","1417247066","{\"orderID\":\"872\",\"orderDetailId\":2490}","0","0","sub","872");
INSERT INTO transaction VALUES("4588","39","X","-16","G","1417247066","{\"orderID\":\"872\",\"orderDetailId\":2490}","0","0","sub","872");
INSERT INTO transaction VALUES("4589","44","X","-45","ML","1417247066","{\"orderID\":\"872\",\"orderDetailId\":2490}","0","0","sub","872");
INSERT INTO transaction VALUES("4590","43","X","-45","ML","1417247066","{\"orderID\":\"872\",\"orderDetailId\":2490}","0","0","sub","872");
INSERT INTO transaction VALUES("4591","54","X","-16","Cai","1417247066","{\"orderID\":\"872\",\"orderDetailId\":2490}","0","0","sub","872");
INSERT INTO transaction VALUES("4592","53","X","-12","Trai","1417247066","{\"orderID\":\"872\",\"orderDetailId\":2491}","0","0","sub","872");
INSERT INTO transaction VALUES("4593","46","X","-60","ML","1417247066","{\"orderID\":\"872\",\"orderDetailId\":2491}","0","0","sub","872");
INSERT INTO transaction VALUES("4594","21","X","-40","ML","1417247066","{\"orderID\":\"872\",\"orderDetailId\":2491}","0","0","sub","872");
INSERT INTO transaction VALUES("4595","18","X","-30","ML","1417247066","{\"orderID\":\"872\",\"orderDetailId\":2491}","0","0","sub","872");
INSERT INTO transaction VALUES("4596","39","X","-30","G","1417247066","{\"orderID\":\"872\",\"orderDetailId\":2492}","0","0","sub","872");
INSERT INTO transaction VALUES("4597","32","X","-1","Trai","1417253673","{\"orderID\":875,\"orderDetailId\":2494}","0","0","sub","875");
INSERT INTO transaction VALUES("4598","21","X","-10","ML","1417254454","{\"orderID\":876,\"orderDetailId\":2495}","0","0","sub","876");
INSERT INTO transaction VALUES("4599","2","X","-15","ML","1417254454","{\"orderID\":876,\"orderDetailId\":2495}","0","0","sub","876");
INSERT INTO transaction VALUES("4600","25","X","-20","G","1417254454","{\"orderID\":876,\"orderDetailId\":2495}","0","0","sub","876");
INSERT INTO transaction VALUES("4601","39","X","-8","G","1417254454","{\"orderID\":876,\"orderDetailId\":2495}","0","0","sub","876");
INSERT INTO transaction VALUES("4602","44","X","-22.5","ML","1417254454","{\"orderID\":876,\"orderDetailId\":2495}","0","0","sub","876");
INSERT INTO transaction VALUES("4603","43","X","-22.5","ML","1417254454","{\"orderID\":876,\"orderDetailId\":2495}","0","0","sub","876");
INSERT INTO transaction VALUES("4604","54","X","-8","Cai","1417254454","{\"orderID\":876,\"orderDetailId\":2495}","0","0","sub","876");
INSERT INTO transaction VALUES("4605","22","X","-10","G","1417254477","{\"orderID\":877,\"orderDetailId\":2496}","0","0","sub","877");
INSERT INTO transaction VALUES("4606","56","X","-10","G","1417254477","{\"orderID\":877,\"orderDetailId\":2496}","0","0","sub","877");
INSERT INTO transaction VALUES("4607","46","X","-50","ML","1417254477","{\"orderID\":877,\"orderDetailId\":2496}","0","0","sub","877");
INSERT INTO transaction VALUES("4608","21","X","-30","ML","1417254477","{\"orderID\":877,\"orderDetailId\":2496}","0","0","sub","877");
INSERT INTO transaction VALUES("4609","43","X","-22.5","ML","1417254477","{\"orderID\":877,\"orderDetailId\":2496}","0","0","sub","877");
INSERT INTO transaction VALUES("4610","44","X","-22.5","ML","1417254477","{\"orderID\":877,\"orderDetailId\":2496}","0","0","sub","877");
INSERT INTO transaction VALUES("4611","45","X","-2","Cai","1417254477","{\"orderID\":877,\"orderDetailId\":2497}","0","0","sub","877");
INSERT INTO transaction VALUES("4612","46","X","-60","ML","1417254477","{\"orderID\":877,\"orderDetailId\":2497}","0","0","sub","877");
INSERT INTO transaction VALUES("4613","21","X","-10","ML","1417254477","{\"orderID\":877,\"orderDetailId\":2497}","0","0","sub","877");
INSERT INTO transaction VALUES("4614","25","X","-20","G","1417254477","{\"orderID\":877,\"orderDetailId\":2497}","0","0","sub","877");
INSERT INTO transaction VALUES("4615","43","X","-22.5","ML","1417254477","{\"orderID\":877,\"orderDetailId\":2497}","0","0","sub","877");
INSERT INTO transaction VALUES("4616","44","X","-22.5","ML","1417254477","{\"orderID\":877,\"orderDetailId\":2497}","0","0","sub","877");
INSERT INTO transaction VALUES("4640","45","X","-2","Cai","1417255879","{\"orderID\":\"878\",\"orderDetailId\":2501}","0","0","sub","878");
INSERT INTO transaction VALUES("4641","23","X","-20","G","1417255879","{\"orderID\":\"878\",\"orderDetailId\":2501}","0","0","sub","878");
INSERT INTO transaction VALUES("4642","21","X","-10","ML","1417255879","{\"orderID\":\"878\",\"orderDetailId\":2501}","0","0","sub","878");
INSERT INTO transaction VALUES("4643","46","X","-40","ML","1417255879","{\"orderID\":\"878\",\"orderDetailId\":2501}","0","0","sub","878");
INSERT INTO transaction VALUES("4644","25","X","-20","G","1417255879","{\"orderID\":\"878\",\"orderDetailId\":2501}","0","0","sub","878");
INSERT INTO transaction VALUES("4645","17","X","-5","G","1417255879","{\"orderID\":\"878\",\"orderDetailId\":2501}","0","0","sub","878");
INSERT INTO transaction VALUES("4646","43","X","-22.5","ML","1417255879","{\"orderID\":\"878\",\"orderDetailId\":2501}","0","0","sub","878");
INSERT INTO transaction VALUES("4647","44","X","-22.5","ML","1417255879","{\"orderID\":\"878\",\"orderDetailId\":2501}","0","0","sub","878");
INSERT INTO transaction VALUES("4648","3","X","-15","ML","1417255879","{\"orderID\":\"878\",\"orderDetailId\":2501}","0","0","sub","878");
INSERT INTO transaction VALUES("4649","21","X","-20","ML","1417255879","{\"orderID\":\"878\",\"orderDetailId\":2502}","0","0","sub","878");
INSERT INTO transaction VALUES("4650","2","X","-30","ML","1417255879","{\"orderID\":\"878\",\"orderDetailId\":2502}","0","0","sub","878");
INSERT INTO transaction VALUES("4651","25","X","-40","G","1417255879","{\"orderID\":\"878\",\"orderDetailId\":2502}","0","0","sub","878");
INSERT INTO transaction VALUES("4652","39","X","-16","G","1417255879","{\"orderID\":\"878\",\"orderDetailId\":2502}","0","0","sub","878");
INSERT INTO transaction VALUES("4653","44","X","-45","ML","1417255879","{\"orderID\":\"878\",\"orderDetailId\":2502}","0","0","sub","878");
INSERT INTO transaction VALUES("4654","43","X","-45","ML","1417255879","{\"orderID\":\"878\",\"orderDetailId\":2502}","0","0","sub","878");
INSERT INTO transaction VALUES("4655","54","X","-16","Cai","1417255879","{\"orderID\":\"878\",\"orderDetailId\":2502}","0","0","sub","878");
INSERT INTO transaction VALUES("4656","21","X","-20","ML","1417255879","{\"orderID\":\"878\",\"orderDetailId\":2503}","0","0","sub","878");
INSERT INTO transaction VALUES("4657","23","X","-20","G","1417255879","{\"orderID\":\"878\",\"orderDetailId\":2503}","0","0","sub","878");
INSERT INTO transaction VALUES("4658","25","X","-20","G","1417255879","{\"orderID\":\"878\",\"orderDetailId\":2503}","0","0","sub","878");
INSERT INTO transaction VALUES("4659","39","X","-30","G","1417255879","{\"orderID\":\"878\",\"orderDetailId\":2503}","0","0","sub","878");
INSERT INTO transaction VALUES("4660","54","X","-8","Cai","1417255879","{\"orderID\":\"878\",\"orderDetailId\":2503}","0","0","sub","878");
INSERT INTO transaction VALUES("4661","43","X","-22.5","ML","1417255879","{\"orderID\":\"878\",\"orderDetailId\":2503}","0","0","sub","878");
INSERT INTO transaction VALUES("4662","44","X","-22.5","ML","1417255879","{\"orderID\":\"878\",\"orderDetailId\":2503}","0","0","sub","878");
INSERT INTO transaction VALUES("4664","39","X","-30","G","1417264601","{\"orderID\":\"879\",\"orderDetailId\":2505}","0","0","sub","879");
INSERT INTO transaction VALUES("4695","30","X","-0.5","Trai","1417264838","{\"orderID\":882,\"orderDetailId\":2511}","0","0","sub","882");
INSERT INTO transaction VALUES("4696","53","X","-3","Trai","1417264838","{\"orderID\":882,\"orderDetailId\":2511}","0","0","sub","882");
INSERT INTO transaction VALUES("4697","47","X","-0.5","Trai","1417264838","{\"orderID\":882,\"orderDetailId\":2511}","0","0","sub","882");
INSERT INTO transaction VALUES("4698","21","X","-20","ML","1417264838","{\"orderID\":882,\"orderDetailId\":2511}","0","0","sub","882");
INSERT INTO transaction VALUES("4699","46","X","-30","ML","1417264838","{\"orderID\":882,\"orderDetailId\":2511}","0","0","sub","882");
INSERT INTO transaction VALUES("4700","22","X","-10","G","1417264838","{\"orderID\":882,\"orderDetailId\":2512}","0","0","sub","882");
INSERT INTO transaction VALUES("4701","56","X","-10","G","1417264838","{\"orderID\":882,\"orderDetailId\":2512}","0","0","sub","882");
INSERT INTO transaction VALUES("4702","46","X","-50","ML","1417264838","{\"orderID\":882,\"orderDetailId\":2512}","0","0","sub","882");
INSERT INTO transaction VALUES("4703","21","X","-30","ML","1417264838","{\"orderID\":882,\"orderDetailId\":2512}","0","0","sub","882");
INSERT INTO transaction VALUES("4704","43","X","-22.5","ML","1417264838","{\"orderID\":882,\"orderDetailId\":2512}","0","0","sub","882");
INSERT INTO transaction VALUES("4705","44","X","-22.5","ML","1417264838","{\"orderID\":882,\"orderDetailId\":2512}","0","0","sub","882");
INSERT INTO transaction VALUES("4706","22","X","-10","G","1417264903","{\"orderID\":883,\"orderDetailId\":2514}","0","0","sub","883");
INSERT INTO transaction VALUES("4707","56","X","-10","G","1417264903","{\"orderID\":883,\"orderDetailId\":2514}","0","0","sub","883");
INSERT INTO transaction VALUES("4708","46","X","-50","ML","1417264903","{\"orderID\":883,\"orderDetailId\":2514}","0","0","sub","883");
INSERT INTO transaction VALUES("4709","21","X","-30","ML","1417264903","{\"orderID\":883,\"orderDetailId\":2514}","0","0","sub","883");
INSERT INTO transaction VALUES("4710","43","X","-22.5","ML","1417264903","{\"orderID\":883,\"orderDetailId\":2514}","0","0","sub","883");
INSERT INTO transaction VALUES("4711","44","X","-22.5","ML","1417264903","{\"orderID\":883,\"orderDetailId\":2514}","0","0","sub","883");
INSERT INTO transaction VALUES("4715","21","X","-10","ML","1417269752","{\"orderID\":885,\"orderDetailId\":2517}","0","0","sub","885");
INSERT INTO transaction VALUES("4716","2","X","-15","ML","1417269752","{\"orderID\":885,\"orderDetailId\":2517}","0","0","sub","885");
INSERT INTO transaction VALUES("4717","25","X","-20","G","1417269752","{\"orderID\":885,\"orderDetailId\":2517}","0","0","sub","885");
INSERT INTO transaction VALUES("4718","39","X","-8","G","1417269752","{\"orderID\":885,\"orderDetailId\":2517}","0","0","sub","885");
INSERT INTO transaction VALUES("4719","44","X","-22.5","ML","1417269752","{\"orderID\":885,\"orderDetailId\":2517}","0","0","sub","885");
INSERT INTO transaction VALUES("4720","43","X","-22.5","ML","1417269752","{\"orderID\":885,\"orderDetailId\":2517}","0","0","sub","885");
INSERT INTO transaction VALUES("4721","54","X","-8","Cai","1417269752","{\"orderID\":885,\"orderDetailId\":2517}","0","0","sub","885");
INSERT INTO transaction VALUES("4722","46","X","-50","ML","1417269889","{\"orderID\":\"880\",\"orderDetailId\":2519}","0","0","sub","880");
INSERT INTO transaction VALUES("4723","22","X","-10","G","1417269889","{\"orderID\":\"880\",\"orderDetailId\":2519}","0","0","sub","880");
INSERT INTO transaction VALUES("4724","56","X","-10","G","1417269889","{\"orderID\":\"880\",\"orderDetailId\":2519}","0","0","sub","880");
INSERT INTO transaction VALUES("4725","21","X","-30","ML","1417269889","{\"orderID\":\"880\",\"orderDetailId\":2519}","0","0","sub","880");
INSERT INTO transaction VALUES("4726","55","X","-8","Cai","1417269889","{\"orderID\":\"880\",\"orderDetailId\":2519}","0","0","sub","880");
INSERT INTO transaction VALUES("4727","43","X","-22.5","ML","1417269889","{\"orderID\":\"880\",\"orderDetailId\":2519}","0","0","sub","880");
INSERT INTO transaction VALUES("4728","44","X","-22.5","ML","1417269889","{\"orderID\":\"880\",\"orderDetailId\":2519}","0","0","sub","880");
INSERT INTO transaction VALUES("4729","22","X","-10","G","1417269889","{\"orderID\":\"880\",\"orderDetailId\":2520}","0","0","sub","880");
INSERT INTO transaction VALUES("4730","56","X","-10","G","1417269889","{\"orderID\":\"880\",\"orderDetailId\":2520}","0","0","sub","880");
INSERT INTO transaction VALUES("4731","46","X","-50","ML","1417269889","{\"orderID\":\"880\",\"orderDetailId\":2520}","0","0","sub","880");
INSERT INTO transaction VALUES("4732","21","X","-30","ML","1417269889","{\"orderID\":\"880\",\"orderDetailId\":2520}","0","0","sub","880");
INSERT INTO transaction VALUES("4733","43","X","-22.5","ML","1417269889","{\"orderID\":\"880\",\"orderDetailId\":2520}","0","0","sub","880");
INSERT INTO transaction VALUES("4734","44","X","-22.5","ML","1417269889","{\"orderID\":\"880\",\"orderDetailId\":2520}","0","0","sub","880");
INSERT INTO transaction VALUES("4735","36","X","-15","ML","1417269889","{\"orderID\":\"880\",\"orderDetailId\":2521}","0","0","sub","880");
INSERT INTO transaction VALUES("4736","15","X","-15","ML","1417269889","{\"orderID\":\"880\",\"orderDetailId\":2521}","0","0","sub","880");
INSERT INTO transaction VALUES("4737","52","X","-150","ML","1417269889","{\"orderID\":\"880\",\"orderDetailId\":2521}","0","0","sub","880");
INSERT INTO transaction VALUES("4738","43","X","-22.5","ML","1417269889","{\"orderID\":\"880\",\"orderDetailId\":2521}","0","0","sub","880");
INSERT INTO transaction VALUES("4739","44","X","-22.5","ML","1417269889","{\"orderID\":\"880\",\"orderDetailId\":2521}","0","0","sub","880");
INSERT INTO transaction VALUES("4740","21","X","-20","ML","1417270344","{\"orderID\":886,\"orderDetailId\":2522}","0","0","sub","886");
INSERT INTO transaction VALUES("4741","46","X","-50","ML","1417270345","{\"orderID\":886,\"orderDetailId\":2522}","0","0","sub","886");
INSERT INTO transaction VALUES("4742","39","X","-20","G","1417270345","{\"orderID\":886,\"orderDetailId\":2522}","0","0","sub","886");
INSERT INTO transaction VALUES("4743","30","X","-2","Trai","1417270416","{\"orderID\":887,\"orderDetailId\":2523}","0","0","sub","887");
INSERT INTO transaction VALUES("4744","30","X","-2","Trai","1417270847","{\"orderID\":888,\"orderDetailId\":2525}","0","0","sub","888");
INSERT INTO transaction VALUES("4751","39","X","-30","G","1417317698","{\"orderID\":\"890\",\"orderDetailId\":2536}","0","0","sub","890");
INSERT INTO transaction VALUES("4752","21","X","-60","ML","1417320362","{\"orderID\":\"891\",\"orderDetailId\":2538}","0","0","sub","891");
INSERT INTO transaction VALUES("4753","39","X","-90","G","1417320362","{\"orderID\":\"891\",\"orderDetailId\":2538}","0","0","sub","891");
INSERT INTO transaction VALUES("4754","29","X","-1","Goi","1417320362","{\"orderID\":\"891\",\"orderDetailId\":2539}","0","0","sub","891");
INSERT INTO transaction VALUES("4755","28","X","-2","Goi","1417320362","{\"orderID\":\"891\",\"orderDetailId\":2539}","0","0","sub","891");
INSERT INTO transaction VALUES("4756","27","X","-10","G","1417320363","{\"orderID\":\"891\",\"orderDetailId\":2539}","0","0","sub","891");
INSERT INTO transaction VALUES("4757","8","X","-20","ML","1417320363","{\"orderID\":\"891\",\"orderDetailId\":2540}","0","0","sub","891");
INSERT INTO transaction VALUES("4758","3","X","-5","ML","1417320363","{\"orderID\":\"891\",\"orderDetailId\":2540}","0","0","sub","891");
INSERT INTO transaction VALUES("4759","5","X","-5","ML","1417320363","{\"orderID\":\"891\",\"orderDetailId\":2540}","0","0","sub","891");
INSERT INTO transaction VALUES("4760","52","X","-150","ML","1417320363","{\"orderID\":\"891\",\"orderDetailId\":2540}","0","0","sub","891");
INSERT INTO transaction VALUES("4761","43","X","-22.5","ML","1417320363","{\"orderID\":\"891\",\"orderDetailId\":2540}","0","0","sub","891");
INSERT INTO transaction VALUES("4762","44","X","-22.5","ML","1417320363","{\"orderID\":\"891\",\"orderDetailId\":2540}","0","0","sub","891");
INSERT INTO transaction VALUES("4792","46","X","-50","ML","1417322021","{\"orderID\":\"895\",\"orderDetailId\":2546}","0","0","sub","895");
INSERT INTO transaction VALUES("4793","22","X","-10","G","1417322021","{\"orderID\":\"895\",\"orderDetailId\":2546}","0","0","sub","895");
INSERT INTO transaction VALUES("4794","56","X","-10","G","1417322021","{\"orderID\":\"895\",\"orderDetailId\":2546}","0","0","sub","895");
INSERT INTO transaction VALUES("4795","21","X","-30","ML","1417322021","{\"orderID\":\"895\",\"orderDetailId\":2546}","0","0","sub","895");
INSERT INTO transaction VALUES("4796","55","X","-8","Cai","1417322021","{\"orderID\":\"895\",\"orderDetailId\":2546}","0","0","sub","895");
INSERT INTO transaction VALUES("4797","43","X","-22.5","ML","1417322021","{\"orderID\":\"895\",\"orderDetailId\":2546}","0","0","sub","895");
INSERT INTO transaction VALUES("4798","44","X","-22.5","ML","1417322021","{\"orderID\":\"895\",\"orderDetailId\":2546}","0","0","sub","895");
INSERT INTO transaction VALUES("4799","25","X","-20","G","1417322021","{\"orderID\":\"895\",\"orderDetailId\":2547}","0","0","sub","895");
INSERT INTO transaction VALUES("4800","23","X","-20","G","1417322021","{\"orderID\":\"895\",\"orderDetailId\":2547}","0","0","sub","895");
INSERT INTO transaction VALUES("4801","46","X","-40","ML","1417322021","{\"orderID\":\"895\",\"orderDetailId\":2547}","0","0","sub","895");
INSERT INTO transaction VALUES("4802","21","X","-30","ML","1417322021","{\"orderID\":\"895\",\"orderDetailId\":2547}","0","0","sub","895");
INSERT INTO transaction VALUES("4803","54","X","-8","Cai","1417322021","{\"orderID\":\"895\",\"orderDetailId\":2547}","0","0","sub","895");
INSERT INTO transaction VALUES("4804","43","X","-22.5","ML","1417322021","{\"orderID\":\"895\",\"orderDetailId\":2547}","0","0","sub","895");
INSERT INTO transaction VALUES("4805","44","X","-22.5","ML","1417322021","{\"orderID\":\"895\",\"orderDetailId\":2547}","0","0","sub","895");
INSERT INTO transaction VALUES("4806","45","X","-2","Cai","1417322021","{\"orderID\":\"895\",\"orderDetailId\":2548}","0","0","sub","895");
INSERT INTO transaction VALUES("4807","23","X","-20","G","1417322021","{\"orderID\":\"895\",\"orderDetailId\":2548}","0","0","sub","895");
INSERT INTO transaction VALUES("4808","25","X","-20","G","1417322021","{\"orderID\":\"895\",\"orderDetailId\":2548}","0","0","sub","895");
INSERT INTO transaction VALUES("4809","21","X","-10","ML","1417322021","{\"orderID\":\"895\",\"orderDetailId\":2548}","0","0","sub","895");
INSERT INTO transaction VALUES("4810","46","X","-40","ML","1417322021","{\"orderID\":\"895\",\"orderDetailId\":2548}","0","0","sub","895");
INSERT INTO transaction VALUES("4811","17","X","-5","G","1417322021","{\"orderID\":\"895\",\"orderDetailId\":2548}","0","0","sub","895");
INSERT INTO transaction VALUES("4812","43","X","-22.5","ML","1417322021","{\"orderID\":\"895\",\"orderDetailId\":2548}","0","0","sub","895");
INSERT INTO transaction VALUES("4813","44","X","-22.5","ML","1417322021","{\"orderID\":\"895\",\"orderDetailId\":2548}","0","0","sub","895");
INSERT INTO transaction VALUES("4825","21","X","-10","ML","1417326191","{\"orderID\":\"893\",\"orderDetailId\":2561}","0","0","sub","893");
INSERT INTO transaction VALUES("4826","2","X","-15","ML","1417326191","{\"orderID\":\"893\",\"orderDetailId\":2561}","0","0","sub","893");
INSERT INTO transaction VALUES("4827","25","X","-20","G","1417326191","{\"orderID\":\"893\",\"orderDetailId\":2561}","0","0","sub","893");
INSERT INTO transaction VALUES("4828","39","X","-8","G","1417326191","{\"orderID\":\"893\",\"orderDetailId\":2561}","0","0","sub","893");
INSERT INTO transaction VALUES("4829","44","X","-22.5","ML","1417326191","{\"orderID\":\"893\",\"orderDetailId\":2561}","0","0","sub","893");
INSERT INTO transaction VALUES("4830","43","X","-22.5","ML","1417326191","{\"orderID\":\"893\",\"orderDetailId\":2561}","0","0","sub","893");
INSERT INTO transaction VALUES("4831","54","X","-8","Cai","1417326191","{\"orderID\":\"893\",\"orderDetailId\":2561}","0","0","sub","893");
INSERT INTO transaction VALUES("4842","30","X","-2","Trai","1417332284","{\"orderID\":\"894\",\"orderDetailId\":2595}","0","0","sub","894");
INSERT INTO transaction VALUES("4843","30","X","-2","Trai","1417332284","{\"orderID\":\"894\",\"orderDetailId\":2596}","0","0","sub","894");
INSERT INTO transaction VALUES("4844","39","X","-30","G","1417332284","{\"orderID\":\"894\",\"orderDetailId\":2602}","0","0","sub","894");
INSERT INTO transaction VALUES("4875","30","X","-1","Trai","1417334162","{\"orderID\":\"896\",\"orderDetailId\":2621}","0","0","sub","896");
INSERT INTO transaction VALUES("4876","53","X","-4","Trai","1417334162","{\"orderID\":\"896\",\"orderDetailId\":2621}","0","0","sub","896");
INSERT INTO transaction VALUES("4877","18","X","-15","ML","1417334162","{\"orderID\":\"896\",\"orderDetailId\":2621}","0","0","sub","896");
INSERT INTO transaction VALUES("4878","21","X","-10","ML","1417334162","{\"orderID\":\"896\",\"orderDetailId\":2624}","0","0","sub","896");
INSERT INTO transaction VALUES("4879","2","X","-15","ML","1417334162","{\"orderID\":\"896\",\"orderDetailId\":2624}","0","0","sub","896");
INSERT INTO transaction VALUES("4880","25","X","-20","G","1417334162","{\"orderID\":\"896\",\"orderDetailId\":2624}","0","0","sub","896");
INSERT INTO transaction VALUES("4881","39","X","-8","G","1417334162","{\"orderID\":\"896\",\"orderDetailId\":2624}","0","0","sub","896");
INSERT INTO transaction VALUES("4882","44","X","-22.5","ML","1417334162","{\"orderID\":\"896\",\"orderDetailId\":2624}","0","0","sub","896");
INSERT INTO transaction VALUES("4883","43","X","-22.5","ML","1417334162","{\"orderID\":\"896\",\"orderDetailId\":2624}","0","0","sub","896");
INSERT INTO transaction VALUES("4884","54","X","-8","Cai","1417334162","{\"orderID\":\"896\",\"orderDetailId\":2624}","0","0","sub","896");
INSERT INTO transaction VALUES("4885","21","X","-10","ML","1417334740","{\"orderID\":899,\"orderDetailId\":2626}","0","0","sub","899");
INSERT INTO transaction VALUES("4886","2","X","-15","ML","1417334740","{\"orderID\":899,\"orderDetailId\":2626}","0","0","sub","899");
INSERT INTO transaction VALUES("4887","25","X","-20","G","1417334740","{\"orderID\":899,\"orderDetailId\":2626}","0","0","sub","899");
INSERT INTO transaction VALUES("4888","39","X","-8","G","1417334740","{\"orderID\":899,\"orderDetailId\":2626}","0","0","sub","899");
INSERT INTO transaction VALUES("4889","44","X","-22.5","ML","1417334740","{\"orderID\":899,\"orderDetailId\":2626}","0","0","sub","899");
INSERT INTO transaction VALUES("4890","43","X","-22.5","ML","1417334740","{\"orderID\":899,\"orderDetailId\":2626}","0","0","sub","899");
INSERT INTO transaction VALUES("4891","54","X","-8","Cai","1417334740","{\"orderID\":899,\"orderDetailId\":2626}","0","0","sub","899");
INSERT INTO transaction VALUES("4892","30","X","-1","Trai","1417334740","{\"orderID\":899,\"orderDetailId\":2627}","0","0","sub","899");
INSERT INTO transaction VALUES("4893","53","X","-4","Trai","1417334740","{\"orderID\":899,\"orderDetailId\":2627}","0","0","sub","899");
INSERT INTO transaction VALUES("4894","18","X","-15","ML","1417334740","{\"orderID\":899,\"orderDetailId\":2627}","0","0","sub","899");
INSERT INTO transaction VALUES("5000","8","X","-20","ML","1417357400","{\"orderID\":\"902\",\"orderDetailId\":2658}","0","0","sub","902");
INSERT INTO transaction VALUES("5001","3","X","-5","ML","1417357400","{\"orderID\":\"902\",\"orderDetailId\":2658}","0","0","sub","902");
INSERT INTO transaction VALUES("5002","5","X","-5","ML","1417357400","{\"orderID\":\"902\",\"orderDetailId\":2658}","0","0","sub","902");
INSERT INTO transaction VALUES("5003","52","X","-150","ML","1417357400","{\"orderID\":\"902\",\"orderDetailId\":2658}","0","0","sub","902");
INSERT INTO transaction VALUES("5004","43","X","-22.5","ML","1417357400","{\"orderID\":\"902\",\"orderDetailId\":2658}","0","0","sub","902");
INSERT INTO transaction VALUES("5005","44","X","-22.5","ML","1417357400","{\"orderID\":\"902\",\"orderDetailId\":2658}","0","0","sub","902");
INSERT INTO transaction VALUES("5006","5","X","-30","ML","1417357400","{\"orderID\":\"902\",\"orderDetailId\":2659}","0","0","sub","902");
INSERT INTO transaction VALUES("5007","4","X","-30","ML","1417357400","{\"orderID\":\"902\",\"orderDetailId\":2659}","0","0","sub","902");
INSERT INTO transaction VALUES("5008","18","X","-30","ML","1417357400","{\"orderID\":\"902\",\"orderDetailId\":2659}","0","0","sub","902");
INSERT INTO transaction VALUES("5009","43","X","-22.5","ML","1417357400","{\"orderID\":\"902\",\"orderDetailId\":2659}","0","0","sub","902");
INSERT INTO transaction VALUES("5010","44","X","-22.5","ML","1417357400","{\"orderID\":\"902\",\"orderDetailId\":2659}","0","0","sub","902");
INSERT INTO transaction VALUES("5011","52","X","-150","ML","1417357400","{\"orderID\":\"902\",\"orderDetailId\":2659}","0","0","sub","902");
INSERT INTO transaction VALUES("5012","5","X","-60","ML","1417357639","{\"orderID\":\"901\",\"orderDetailId\":2661}","0","0","sub","901");
INSERT INTO transaction VALUES("5013","4","X","-60","ML","1417357639","{\"orderID\":\"901\",\"orderDetailId\":2661}","0","0","sub","901");
INSERT INTO transaction VALUES("5014","18","X","-60","ML","1417357639","{\"orderID\":\"901\",\"orderDetailId\":2661}","0","0","sub","901");
INSERT INTO transaction VALUES("5015","43","X","-45","ML","1417357639","{\"orderID\":\"901\",\"orderDetailId\":2661}","0","0","sub","901");
INSERT INTO transaction VALUES("5016","44","X","-45","ML","1417357639","{\"orderID\":\"901\",\"orderDetailId\":2661}","0","0","sub","901");
INSERT INTO transaction VALUES("5017","52","X","-300","ML","1417357639","{\"orderID\":\"901\",\"orderDetailId\":2661}","0","0","sub","901");
INSERT INTO transaction VALUES("5018","21","X","-10","ML","1417357639","{\"orderID\":\"901\",\"orderDetailId\":2662}","0","0","sub","901");
INSERT INTO transaction VALUES("5019","2","X","-15","ML","1417357639","{\"orderID\":\"901\",\"orderDetailId\":2662}","0","0","sub","901");
INSERT INTO transaction VALUES("5020","25","X","-20","G","1417357639","{\"orderID\":\"901\",\"orderDetailId\":2662}","0","0","sub","901");
INSERT INTO transaction VALUES("5021","39","X","-8","G","1417357639","{\"orderID\":\"901\",\"orderDetailId\":2662}","0","0","sub","901");
INSERT INTO transaction VALUES("5022","44","X","-22.5","ML","1417357639","{\"orderID\":\"901\",\"orderDetailId\":2662}","0","0","sub","901");
INSERT INTO transaction VALUES("5023","43","X","-22.5","ML","1417357639","{\"orderID\":\"901\",\"orderDetailId\":2662}","0","0","sub","901");
INSERT INTO transaction VALUES("5024","54","X","-8","Cai","1417357639","{\"orderID\":\"901\",\"orderDetailId\":2662}","0","0","sub","901");
INSERT INTO transaction VALUES("5025","30","X","-1","Trai","1417357639","{\"orderID\":\"901\",\"orderDetailId\":2663}","0","0","sub","901");
INSERT INTO transaction VALUES("5026","53","X","-4","Trai","1417357639","{\"orderID\":\"901\",\"orderDetailId\":2663}","0","0","sub","901");
INSERT INTO transaction VALUES("5027","18","X","-15","ML","1417357639","{\"orderID\":\"901\",\"orderDetailId\":2663}","0","0","sub","901");
INSERT INTO transaction VALUES("5028","45","X","-2","Cai","1417359070","{\"orderID\":\"903\",\"orderDetailId\":2665}","0","0","sub","903");
INSERT INTO transaction VALUES("5029","23","X","-20","G","1417359070","{\"orderID\":\"903\",\"orderDetailId\":2665}","0","0","sub","903");
INSERT INTO transaction VALUES("5030","25","X","-20","G","1417359070","{\"orderID\":\"903\",\"orderDetailId\":2665}","0","0","sub","903");
INSERT INTO transaction VALUES("5031","21","X","-10","ML","1417359070","{\"orderID\":\"903\",\"orderDetailId\":2665}","0","0","sub","903");
INSERT INTO transaction VALUES("5032","46","X","-40","ML","1417359070","{\"orderID\":\"903\",\"orderDetailId\":2665}","0","0","sub","903");
INSERT INTO transaction VALUES("5033","17","X","-5","G","1417359070","{\"orderID\":\"903\",\"orderDetailId\":2665}","0","0","sub","903");
INSERT INTO transaction VALUES("5034","43","X","-22.5","ML","1417359070","{\"orderID\":\"903\",\"orderDetailId\":2665}","0","0","sub","903");
INSERT INTO transaction VALUES("5035","44","X","-22.5","ML","1417359070","{\"orderID\":\"903\",\"orderDetailId\":2665}","0","0","sub","903");
INSERT INTO transaction VALUES("5036","21","X","-20","ML","1417359070","{\"orderID\":\"903\",\"orderDetailId\":2666}","0","0","sub","903");
INSERT INTO transaction VALUES("5037","46","X","-50","ML","1417359070","{\"orderID\":\"903\",\"orderDetailId\":2666}","0","0","sub","903");
INSERT INTO transaction VALUES("5038","39","X","-20","G","1417359070","{\"orderID\":\"903\",\"orderDetailId\":2666}","0","0","sub","903");
INSERT INTO transaction VALUES("5039","22","X","-20","G","1417359110","{\"orderID\":\"904\",\"orderDetailId\":2667}","0","0","sub","904");
INSERT INTO transaction VALUES("5040","56","X","-20","G","1417359110","{\"orderID\":\"904\",\"orderDetailId\":2667}","0","0","sub","904");
INSERT INTO transaction VALUES("5041","46","X","-100","ML","1417359110","{\"orderID\":\"904\",\"orderDetailId\":2667}","0","0","sub","904");
INSERT INTO transaction VALUES("5042","21","X","-60","ML","1417359110","{\"orderID\":\"904\",\"orderDetailId\":2667}","0","0","sub","904");
INSERT INTO transaction VALUES("5043","43","X","-45","ML","1417359110","{\"orderID\":\"904\",\"orderDetailId\":2667}","0","0","sub","904");
INSERT INTO transaction VALUES("5044","44","X","-45","ML","1417359110","{\"orderID\":\"904\",\"orderDetailId\":2667}","0","0","sub","904");
INSERT INTO transaction VALUES("5045","21","X","-20","ML","1417359110","{\"orderID\":\"904\",\"orderDetailId\":2668}","0","0","sub","904");
INSERT INTO transaction VALUES("5046","39","X","-30","G","1417359110","{\"orderID\":\"904\",\"orderDetailId\":2668}","0","0","sub","904");
INSERT INTO transaction VALUES("5047","51","X","-1","Goi","1417359110","{\"orderID\":\"904\",\"orderDetailId\":2669}","0","0","sub","904");
INSERT INTO transaction VALUES("5048","14","X","-30","ML","1417359110","{\"orderID\":\"904\",\"orderDetailId\":2669}","0","0","sub","904");
INSERT INTO transaction VALUES("5049","4","N","750","ML","1417369283","Nhập hàng","17000","5","main","0");
INSERT INTO transaction VALUES("5050","42","N","5000","G","1417369447","Nhập hàng","650000","5","main","0");
INSERT INTO transaction VALUES("5059","21","X","-10","ML","1417373993","{\"orderID\":\"906\",\"orderDetailId\":2673}","0","0","sub","906");
INSERT INTO transaction VALUES("5060","2","X","-15","ML","1417373993","{\"orderID\":\"906\",\"orderDetailId\":2673}","0","0","sub","906");
INSERT INTO transaction VALUES("5061","25","X","-20","G","1417373993","{\"orderID\":\"906\",\"orderDetailId\":2673}","0","0","sub","906");
INSERT INTO transaction VALUES("5062","39","X","-8","G","1417373993","{\"orderID\":\"906\",\"orderDetailId\":2673}","0","0","sub","906");
INSERT INTO transaction VALUES("5063","44","X","-22.5","ML","1417373993","{\"orderID\":\"906\",\"orderDetailId\":2673}","0","0","sub","906");
INSERT INTO transaction VALUES("5064","43","X","-22.5","ML","1417373993","{\"orderID\":\"906\",\"orderDetailId\":2673}","0","0","sub","906");
INSERT INTO transaction VALUES("5065","54","X","-8","Cai","1417373993","{\"orderID\":\"906\",\"orderDetailId\":2673}","0","0","sub","906");
INSERT INTO transaction VALUES("5079","31","X","-0.5","Trai","1417377142","{\"orderID\":\"908\",\"orderDetailId\":2679}","0","0","sub","908");
INSERT INTO transaction VALUES("5080","33","X","-0.5","Trai","1417377142","{\"orderID\":\"908\",\"orderDetailId\":2679}","0","0","sub","908");
INSERT INTO transaction VALUES("5081","30","X","-1","Trai","1417377142","{\"orderID\":\"908\",\"orderDetailId\":2680}","0","0","sub","908");
INSERT INTO transaction VALUES("5082","53","X","-4","Trai","1417377142","{\"orderID\":\"908\",\"orderDetailId\":2680}","0","0","sub","908");
INSERT INTO transaction VALUES("5083","18","X","-15","ML","1417377142","{\"orderID\":\"908\",\"orderDetailId\":2680}","0","0","sub","908");
INSERT INTO transaction VALUES("5084","45","X","-2","Cai","1417377672","{\"orderID\":911,\"orderDetailId\":2682}","0","0","sub","911");
INSERT INTO transaction VALUES("5085","23","X","-20","G","1417377672","{\"orderID\":911,\"orderDetailId\":2682}","0","0","sub","911");
INSERT INTO transaction VALUES("5086","25","X","-20","G","1417377672","{\"orderID\":911,\"orderDetailId\":2682}","0","0","sub","911");
INSERT INTO transaction VALUES("5087","21","X","-10","ML","1417377672","{\"orderID\":911,\"orderDetailId\":2682}","0","0","sub","911");
INSERT INTO transaction VALUES("5088","46","X","-40","ML","1417377672","{\"orderID\":911,\"orderDetailId\":2682}","0","0","sub","911");
INSERT INTO transaction VALUES("5089","17","X","-5","G","1417377672","{\"orderID\":911,\"orderDetailId\":2682}","0","0","sub","911");
INSERT INTO transaction VALUES("5090","43","X","-22.5","ML","1417377672","{\"orderID\":911,\"orderDetailId\":2682}","0","0","sub","911");
INSERT INTO transaction VALUES("5091","44","X","-22.5","ML","1417377672","{\"orderID\":911,\"orderDetailId\":2682}","0","0","sub","911");
INSERT INTO transaction VALUES("5102","21","X","-20","ML","1417378922","{\"orderID\":\"907\",\"orderDetailId\":2692}","0","0","sub","907");
INSERT INTO transaction VALUES("5103","39","X","-30","G","1417378922","{\"orderID\":\"907\",\"orderDetailId\":2692}","0","0","sub","907");
INSERT INTO transaction VALUES("5104","45","X","-2","Cai","1417380445","{\"orderID\":\"909\",\"orderDetailId\":2695}","0","0","sub","909");
INSERT INTO transaction VALUES("5105","23","X","-20","G","1417380445","{\"orderID\":\"909\",\"orderDetailId\":2695}","0","0","sub","909");
INSERT INTO transaction VALUES("5106","25","X","-20","G","1417380445","{\"orderID\":\"909\",\"orderDetailId\":2695}","0","0","sub","909");
INSERT INTO transaction VALUES("5107","21","X","-10","ML","1417380445","{\"orderID\":\"909\",\"orderDetailId\":2695}","0","0","sub","909");
INSERT INTO transaction VALUES("5108","46","X","-40","ML","1417380445","{\"orderID\":\"909\",\"orderDetailId\":2695}","0","0","sub","909");
INSERT INTO transaction VALUES("5109","17","X","-5","G","1417380445","{\"orderID\":\"909\",\"orderDetailId\":2695}","0","0","sub","909");
INSERT INTO transaction VALUES("5110","43","X","-22.5","ML","1417380445","{\"orderID\":\"909\",\"orderDetailId\":2695}","0","0","sub","909");
INSERT INTO transaction VALUES("5111","44","X","-22.5","ML","1417380445","{\"orderID\":\"909\",\"orderDetailId\":2695}","0","0","sub","909");
INSERT INTO transaction VALUES("5112","39","X","-30","G","1417380445","{\"orderID\":\"909\",\"orderDetailId\":2697}","0","0","sub","909");
INSERT INTO transaction VALUES("5117","63","N","1000","KG","1417384909","Nhập hàng","0","4","main","0");
INSERT INTO transaction VALUES("5118","58","N","900","KG","1417384932","Nhập hàng","0","0","sub","0");
INSERT INTO transaction VALUES("5119","63","X","-900","KG","1417384932","Insert sub store","0","0","main","0");
INSERT INTO transaction VALUES("5120","53","X","-6","Trai","1417385201","{\"orderID\":\"915\",\"orderDetailId\":2699}","0","0","sub","915");
INSERT INTO transaction VALUES("5121","46","X","-30","ML","1417385201","{\"orderID\":\"915\",\"orderDetailId\":2699}","0","0","sub","915");
INSERT INTO transaction VALUES("5122","21","X","-20","ML","1417385201","{\"orderID\":\"915\",\"orderDetailId\":2699}","0","0","sub","915");
INSERT INTO transaction VALUES("5123","18","X","-15","ML","1417385201","{\"orderID\":\"915\",\"orderDetailId\":2699}","0","0","sub","915");
INSERT INTO transaction VALUES("5124","21","X","-10","ML","1417385201","{\"orderID\":\"915\",\"orderDetailId\":2700}","0","0","sub","915");
INSERT INTO transaction VALUES("5125","2","X","-15","ML","1417385201","{\"orderID\":\"915\",\"orderDetailId\":2700}","0","0","sub","915");
INSERT INTO transaction VALUES("5126","25","X","-20","G","1417385201","{\"orderID\":\"915\",\"orderDetailId\":2700}","0","0","sub","915");
INSERT INTO transaction VALUES("5127","39","X","-8","G","1417385201","{\"orderID\":\"915\",\"orderDetailId\":2700}","0","0","sub","915");
INSERT INTO transaction VALUES("5128","44","X","-22.5","ML","1417385201","{\"orderID\":\"915\",\"orderDetailId\":2700}","0","0","sub","915");
INSERT INTO transaction VALUES("5129","43","X","-22.5","ML","1417385201","{\"orderID\":\"915\",\"orderDetailId\":2700}","0","0","sub","915");
INSERT INTO transaction VALUES("5130","54","X","-8","Cai","1417385201","{\"orderID\":\"915\",\"orderDetailId\":2700}","0","0","sub","915");



DROP TABLE user;

CREATE TABLE `user` (
  `id` int(11) NOT NULL AUTO_INCREMENT,
  `user_name` longtext COLLATE utf8_unicode_ci NOT NULL,
  `password` longtext COLLATE utf8_unicode_ci NOT NULL,
  `full_name` longtext COLLATE utf8_unicode_ci NOT NULL,
  `type` int(11) NOT NULL,
  `isdelete` int(11) NOT NULL,
  PRIMARY KEY (`id`)
) ENGINE=InnoDB AUTO_INCREMENT=7 DEFAULT CHARSET=utf8 COLLATE=utf8_unicode_ci;

INSERT INTO user VALUES("1","admin","ab77f59ff4c6f23754a61b45645687970dfce718","Nguyen Hung","1","0");
INSERT INTO user VALUES("3","mrthai","6e4de6855311ec5e05e7078280ac30d87d470642","Thái","0","0");
INSERT INTO user VALUES("4","test ","ab77f59ff4c6f23754a61b45645687970dfce718","Test Man","1","0");
INSERT INTO user VALUES("5","mrvinh","01a46bc4b413a8a16ab66f92a42e0971b62b1e33","Bao Vinh","0","0");
INSERT INTO user VALUES("6","khanh_ngan","83283a080d0a8cc225a7c459f407b682f17131ff","Khánh Ngân","0","0");



DROP TABLE user_history;

CREATE TABLE `user_history` (
  `id` int(5) NOT NULL AUTO_INCREMENT,
  `user_id` int(5) NOT NULL,
  `action` varchar(100) COLLATE utf8_unicode_ci NOT NULL,
  `time` bigint(20) NOT NULL,
  PRIMARY KEY (`id`)
) ENGINE=InnoDB AUTO_INCREMENT=835 DEFAULT CHARSET=utf8 COLLATE=utf8_unicode_ci;

INSERT INTO user_history VALUES("1","1","login","1413253041");
INSERT INTO user_history VALUES("2","3","login","1413253170");
INSERT INTO user_history VALUES("3","1","login","1413253175");
INSERT INTO user_history VALUES("4","1","login","1413256456");
INSERT INTO user_history VALUES("5","1","login","1413256987");
INSERT INTO user_history VALUES("6","1","login","1413257444");
INSERT INTO user_history VALUES("7","1","login","1413257501");
INSERT INTO user_history VALUES("8","1","logout","1413257806");
INSERT INTO user_history VALUES("9","3","login","1413259419");
INSERT INTO user_history VALUES("10","3","login","1413261156");
INSERT INTO user_history VALUES("11","3","login","1413261697");
INSERT INTO user_history VALUES("12","3","login","1413269128");
INSERT INTO user_history VALUES("13","3","login","1413269140");
INSERT INTO user_history VALUES("14","3","login","1413269165");
INSERT INTO user_history VALUES("15","3","login","1413269195");
INSERT INTO user_history VALUES("16","3","login","1413269261");
INSERT INTO user_history VALUES("17","3","logout","1413269291");
INSERT INTO user_history VALUES("18","1","login","1413269344");
INSERT INTO user_history VALUES("19","3","login","1413269414");
INSERT INTO user_history VALUES("20","1","logout","1413270017");
INSERT INTO user_history VALUES("21","3","login","1413275128");
INSERT INTO user_history VALUES("22","3","login","1413275152");
INSERT INTO user_history VALUES("23","3","login","1413275153");
INSERT INTO user_history VALUES("24","1","login","1413275856");
INSERT INTO user_history VALUES("25","1","login","1413278119");
INSERT INTO user_history VALUES("26","1","login","1413279715");
INSERT INTO user_history VALUES("27","1","login","1413279857");
INSERT INTO user_history VALUES("28","1","logout","1413280002");
INSERT INTO user_history VALUES("29","3","login","1413280012");
INSERT INTO user_history VALUES("30","1","login","1413289488");
INSERT INTO user_history VALUES("31","1","logout","1413289532");
INSERT INTO user_history VALUES("32","3","login","1413289546");
INSERT INTO user_history VALUES("33","3","login","1413289685");
INSERT INTO user_history VALUES("34","1","login","1413289786");
INSERT INTO user_history VALUES("35","3","login","1413293088");
INSERT INTO user_history VALUES("36","3","login","1413295916");
INSERT INTO user_history VALUES("37","3","login","1413295939");
INSERT INTO user_history VALUES("38","1","login","1413297025");
INSERT INTO user_history VALUES("39","1","logout","1413297091");
INSERT INTO user_history VALUES("40","1","login","1413298323");
INSERT INTO user_history VALUES("41","1","login","1413336957");
INSERT INTO user_history VALUES("42","1","login","1413337229");
INSERT INTO user_history VALUES("43","1","logout","1413337270");
INSERT INTO user_history VALUES("44","3","login","1413338130");
INSERT INTO user_history VALUES("45","1","login","1413338194");
INSERT INTO user_history VALUES("46","1","login","1413338243");
INSERT INTO user_history VALUES("47","3","login","1413338409");
INSERT INTO user_history VALUES("48","3","logout","1413339292");
INSERT INTO user_history VALUES("49","3","login","1413339302");
INSERT INTO user_history VALUES("50","1","login","1413339330");
INSERT INTO user_history VALUES("51","1","logout","1413339401");
INSERT INTO user_history VALUES("52","1","login","1413339410");
INSERT INTO user_history VALUES("53","1","logout","1413339422");
INSERT INTO user_history VALUES("54","1","login","1413339437");
INSERT INTO user_history VALUES("55","4","login","1413342926");
INSERT INTO user_history VALUES("56","1","login","1413342961");
INSERT INTO user_history VALUES("57","3","login","1413344182");
INSERT INTO user_history VALUES("58","3","login","1413344192");
INSERT INTO user_history VALUES("59","1","login","1413344214");
INSERT INTO user_history VALUES("60","3","login","1413345044");
INSERT INTO user_history VALUES("61","3","login","1413345061");
INSERT INTO user_history VALUES("62","3","login","1413345083");
INSERT INTO user_history VALUES("63","1","login","1413346277");
INSERT INTO user_history VALUES("64","1","logout","1413346880");
INSERT INTO user_history VALUES("65","4","login","1413346885");
INSERT INTO user_history VALUES("66","4","logout","1413347142");
INSERT INTO user_history VALUES("67","1","login","1413347143");
INSERT INTO user_history VALUES("68","1","logout","1413347412");
INSERT INTO user_history VALUES("69","4","login","1413347419");
INSERT INTO user_history VALUES("70","1","login","1413347463");
INSERT INTO user_history VALUES("71","1","logout","1413347482");
INSERT INTO user_history VALUES("72","4","login","1413347484");
INSERT INTO user_history VALUES("73","1","login","1413349898");
INSERT INTO user_history VALUES("74","1","login","1413351586");
INSERT INTO user_history VALUES("75","3","login","1413351659");
INSERT INTO user_history VALUES("76","3","login","1413356495");
INSERT INTO user_history VALUES("77","1","login","1413361847");
INSERT INTO user_history VALUES("78","3","login","1413367410");
INSERT INTO user_history VALUES("79","3","login","1413376187");
INSERT INTO user_history VALUES("80","3","login","1413425945");
INSERT INTO user_history VALUES("81","1","login","1413427590");
INSERT INTO user_history VALUES("82","1","login","1413428594");
INSERT INTO user_history VALUES("83","3","login","1413429945");
INSERT INTO user_history VALUES("84","1","logout","1413430421");
INSERT INTO user_history VALUES("85","3","login","1413437798");
INSERT INTO user_history VALUES("86","3","login","1413437809");
INSERT INTO user_history VALUES("87","3","login","1413437830");
INSERT INTO user_history VALUES("88","1","login","1413438749");
INSERT INTO user_history VALUES("89","1","logout","1413438804");
INSERT INTO user_history VALUES("90","3","login","1413452564");
INSERT INTO user_history VALUES("91","4","login","1413453944");
INSERT INTO user_history VALUES("92","3","login","1413459318");
INSERT INTO user_history VALUES("93","4","login","1413460938");
INSERT INTO user_history VALUES("94","3","login","1413461057");
INSERT INTO user_history VALUES("95","3","login","1413461512");
INSERT INTO user_history VALUES("96","3","login","1413469490");
INSERT INTO user_history VALUES("97","3","login","1413507509");
INSERT INTO user_history VALUES("98","3","login","1413523550");
INSERT INTO user_history VALUES("99","3","login","1413523809");
INSERT INTO user_history VALUES("100","3","login","1413528180");
INSERT INTO user_history VALUES("101","3","login","1413533580");
INSERT INTO user_history VALUES("102","3","login","1413533819");
INSERT INTO user_history VALUES("103","3","login","1413549538");
INSERT INTO user_history VALUES("104","1","login","1413601610");
INSERT INTO user_history VALUES("105","3","login","1413604298");
INSERT INTO user_history VALUES("106","3","login","1413608125");
INSERT INTO user_history VALUES("107","1","login","1413608165");
INSERT INTO user_history VALUES("108","3","login","1413608366");
INSERT INTO user_history VALUES("109","3","login","1413610993");
INSERT INTO user_history VALUES("110","1","login","1413611060");
INSERT INTO user_history VALUES("111","3","login","1413616505");
INSERT INTO user_history VALUES("112","3","login","1413616523");
INSERT INTO user_history VALUES("113","1","login","1413616622");
INSERT INTO user_history VALUES("114","3","login","1413620293");
INSERT INTO user_history VALUES("115","3","login","1413632505");
INSERT INTO user_history VALUES("116","3","login","1413632544");
INSERT INTO user_history VALUES("117","3","login","1413632650");
INSERT INTO user_history VALUES("118","3","login","1413632702");
INSERT INTO user_history VALUES("119","3","login","1413640492");
INSERT INTO user_history VALUES("120","3","login","1413640516");
INSERT INTO user_history VALUES("121","3","logout","1413647139");
INSERT INTO user_history VALUES("122","1","login","1413688773");
INSERT INTO user_history VALUES("123","5","login","1413688837");
INSERT INTO user_history VALUES("124","1","login","1413689467");
INSERT INTO user_history VALUES("125","1","logout","1413689565");
INSERT INTO user_history VALUES("126","3","login","1413693153");
INSERT INTO user_history VALUES("127","3","login","1413693211");
INSERT INTO user_history VALUES("128","5","login","1413695663");
INSERT INTO user_history VALUES("129","5","login","1413695684");
INSERT INTO user_history VALUES("130","1","login","1413696113");
INSERT INTO user_history VALUES("131","1","logout","1413696198");
INSERT INTO user_history VALUES("132","1","login","1413698890");
INSERT INTO user_history VALUES("133","1","logout","1413699808");
INSERT INTO user_history VALUES("134","5","login","1413701764");
INSERT INTO user_history VALUES("135","5","login","1413702115");
INSERT INTO user_history VALUES("136","3","login","1413714580");
INSERT INTO user_history VALUES("137","3","login","1413714593");
INSERT INTO user_history VALUES("138","5","login","1413714610");
INSERT INTO user_history VALUES("139","5","login","1413720055");
INSERT INTO user_history VALUES("140","5","login","1413726837");
INSERT INTO user_history VALUES("141","5","login","1413774802");
INSERT INTO user_history VALUES("142","5","login","1413778990");
INSERT INTO user_history VALUES("143","1","login","1413780139");
INSERT INTO user_history VALUES("144","1","logout","1413780280");
INSERT INTO user_history VALUES("145","5","login","1413783854");
INSERT INTO user_history VALUES("146","5","login","1413787097");
INSERT INTO user_history VALUES("147","5","login","1413787282");
INSERT INTO user_history VALUES("148","5","login","1413787590");
INSERT INTO user_history VALUES("149","1","login","1413791124");
INSERT INTO user_history VALUES("150","1","logout","1413791181");
INSERT INTO user_history VALUES("151","5","logout","1413791340");
INSERT INTO user_history VALUES("152","1","login","1413791354");
INSERT INTO user_history VALUES("153","1","logout","1413791767");
INSERT INTO user_history VALUES("154","5","login","1413793853");
INSERT INTO user_history VALUES("155","5","login","1413796648");
INSERT INTO user_history VALUES("156","5","logout","1413801795");
INSERT INTO user_history VALUES("157","3","login","1413801802");
INSERT INTO user_history VALUES("158","1","login","1413802179");
INSERT INTO user_history VALUES("159","1","logout","1413802242");
INSERT INTO user_history VALUES("160","3","login","1413805242");
INSERT INTO user_history VALUES("161","3","login","1413805250");
INSERT INTO user_history VALUES("162","3","login","1413807984");
INSERT INTO user_history VALUES("163","3","login","1413815463");
INSERT INTO user_history VALUES("164","1","login","1413816605");
INSERT INTO user_history VALUES("165","5","login","1413855850");
INSERT INTO user_history VALUES("166","5","login","1413859358");
INSERT INTO user_history VALUES("167","5","login","1413863086");
INSERT INTO user_history VALUES("168","1","login","1413868055");
INSERT INTO user_history VALUES("169","5","login","1413870038");
INSERT INTO user_history VALUES("170","4","login","1413878372");
INSERT INTO user_history VALUES("171","4","login","1413878678");
INSERT INTO user_history VALUES("172","4","logout","1413879054");
INSERT INTO user_history VALUES("173","4","login","1413879432");
INSERT INTO user_history VALUES("174","1","login","1413882129");
INSERT INTO user_history VALUES("175","5","login","1413882442");
INSERT INTO user_history VALUES("176","1","login","1413889477");
INSERT INTO user_history VALUES("177","3","login","1413894252");
INSERT INTO user_history VALUES("178","1","login","1413895934");
INSERT INTO user_history VALUES("179","3","login","1413904126");
INSERT INTO user_history VALUES("180","1","login","1413904216");
INSERT INTO user_history VALUES("181","5","login","1413945903");
INSERT INTO user_history VALUES("182","5","login","1413952618");
INSERT INTO user_history VALUES("183","1","login","1413952638");
INSERT INTO user_history VALUES("184","1","login","1413957670");
INSERT INTO user_history VALUES("185","3","login","1413961686");
INSERT INTO user_history VALUES("186","5","login","1413961711");
INSERT INTO user_history VALUES("187","5","login","1413965959");
INSERT INTO user_history VALUES("188","5","login","1413970445");
INSERT INTO user_history VALUES("189","5","login","1413970458");
INSERT INTO user_history VALUES("190","1","login","1413972459");
INSERT INTO user_history VALUES("191","1","logout","1413972553");
INSERT INTO user_history VALUES("192","3","login","1413985435");
INSERT INTO user_history VALUES("193","1","login","1414033419");
INSERT INTO user_history VALUES("194","5","login","1414040088");
INSERT INTO user_history VALUES("195","5","logout","1414043656");
INSERT INTO user_history VALUES("196","1","login","1414043667");
INSERT INTO user_history VALUES("197","1","logout","1414043681");
INSERT INTO user_history VALUES("198","5","login","1414043700");
INSERT INTO user_history VALUES("199","1","login","1414048404");
INSERT INTO user_history VALUES("200","5","login","1414050260");
INSERT INTO user_history VALUES("201","5","login","1414050270");
INSERT INTO user_history VALUES("202","1","login","1414052685");
INSERT INTO user_history VALUES("203","5","login","1414055225");
INSERT INTO user_history VALUES("204","1","login","1414056313");
INSERT INTO user_history VALUES("205","1","login","1414059383");
INSERT INTO user_history VALUES("206","4","login","1414059834");
INSERT INTO user_history VALUES("207","3","login","1414059914");
INSERT INTO user_history VALUES("208","4","logout","1414060489");
INSERT INTO user_history VALUES("209","1","login","1414060501");
INSERT INTO user_history VALUES("210","1","logout","1414060537");
INSERT INTO user_history VALUES("211","4","login","1414060541");
INSERT INTO user_history VALUES("212","4","login","1414060674");
INSERT INTO user_history VALUES("213","4","login","1414060780");
INSERT INTO user_history VALUES("214","1","login","1414060790");
INSERT INTO user_history VALUES("215","1","login","1414072759");
INSERT INTO user_history VALUES("216","1","logout","1414072793");
INSERT INTO user_history VALUES("217","1","login","1414072811");
INSERT INTO user_history VALUES("218","1","logout","1414073171");
INSERT INTO user_history VALUES("219","3","login","1414073280");
INSERT INTO user_history VALUES("220","1","login","1414082374");
INSERT INTO user_history VALUES("221","1","login","1414082919");
INSERT INTO user_history VALUES("222","5","login","1414089968");
INSERT INTO user_history VALUES("223","1","login","1414094548");
INSERT INTO user_history VALUES("224","5","login","1414099202");
INSERT INTO user_history VALUES("225","5","login","1414102262");
INSERT INTO user_history VALUES("226","5","login","1414108126");
INSERT INTO user_history VALUES("227","1","login","1414108572");
INSERT INTO user_history VALUES("228","1","logout","1414109988");
INSERT INTO user_history VALUES("229","3","login","1414120586");
INSERT INTO user_history VALUES("230","5","login","1414202322");
INSERT INTO user_history VALUES("231","5","login","1414209234");
INSERT INTO user_history VALUES("232","1","login","1414209284");
INSERT INTO user_history VALUES("233","5","login","1414216528");
INSERT INTO user_history VALUES("234","5","login","1414223219");
INSERT INTO user_history VALUES("235","1","login","1414231104");
INSERT INTO user_history VALUES("236","3","login","1414233541");
INSERT INTO user_history VALUES("237","3","login","1414233549");
INSERT INTO user_history VALUES("238","3","login","1414233558");
INSERT INTO user_history VALUES("239","3","login","1414233589");
INSERT INTO user_history VALUES("240","3","login","1414247674");
INSERT INTO user_history VALUES("241","3","logout","1414248218");
INSERT INTO user_history VALUES("242","1","login","1414248257");
INSERT INTO user_history VALUES("243","5","login","1414295559");
INSERT INTO user_history VALUES("244","5","login","1414310422");
INSERT INTO user_history VALUES("245","5","login","1414314733");
INSERT INTO user_history VALUES("246","5","login","1414317060");
INSERT INTO user_history VALUES("247","5","logout","1414319835");
INSERT INTO user_history VALUES("248","3","login","1414319845");
INSERT INTO user_history VALUES("249","3","login","1414323129");
INSERT INTO user_history VALUES("250","3","logout","1414323225");
INSERT INTO user_history VALUES("251","1","login","1414323238");
INSERT INTO user_history VALUES("252","1","logout","1414323328");
INSERT INTO user_history VALUES("253","3","login","1414323347");
INSERT INTO user_history VALUES("254","1","login","1414323909");
INSERT INTO user_history VALUES("255","1","logout","1414323952");
INSERT INTO user_history VALUES("256","3","login","1414323964");
INSERT INTO user_history VALUES("257","3","login","1414329172");
INSERT INTO user_history VALUES("258","3","login","1414332052");
INSERT INTO user_history VALUES("259","1","login","1414332931");
INSERT INTO user_history VALUES("260","1","login","1414335148");
INSERT INTO user_history VALUES("261","1","login","1414335202");
INSERT INTO user_history VALUES("262","5","login","1414387140");
INSERT INTO user_history VALUES("263","1","login","1414393773");
INSERT INTO user_history VALUES("264","5","login","1414395232");
INSERT INTO user_history VALUES("265","5","login","1414403638");
INSERT INTO user_history VALUES("266","1","login","1414410135");
INSERT INTO user_history VALUES("267","3","login","1414412635");
INSERT INTO user_history VALUES("268","1","login","1414417813");
INSERT INTO user_history VALUES("269","3","login","1414418809");
INSERT INTO user_history VALUES("270","3","login","1414421785");
INSERT INTO user_history VALUES("271","3","login","1414421794");
INSERT INTO user_history VALUES("272","3","login","1414421994");
INSERT INTO user_history VALUES("273","1","login","1414422164");
INSERT INTO user_history VALUES("274","4","login","1414461144");
INSERT INTO user_history VALUES("275","1","login","1414461158");
INSERT INTO user_history VALUES("276","1","login","1414464196");
INSERT INTO user_history VALUES("277","5","login","1414464293");
INSERT INTO user_history VALUES("278","5","logout","1414464377");
INSERT INTO user_history VALUES("279","1","login","1414464415");
INSERT INTO user_history VALUES("280","1","login","1414464567");
INSERT INTO user_history VALUES("281","1","login","1414467797");
INSERT INTO user_history VALUES("282","1","login","1414470748");
INSERT INTO user_history VALUES("283","5","login","1414470752");
INSERT INTO user_history VALUES("284","5","login","1414474055");
INSERT INTO user_history VALUES("285","1","login","1414482921");
INSERT INTO user_history VALUES("286","5","login","1414488385");
INSERT INTO user_history VALUES("287","3","login","1414505709");
INSERT INTO user_history VALUES("288","5","login","1414554449");
INSERT INTO user_history VALUES("289","1","login","1414555206");
INSERT INTO user_history VALUES("290","5","login","1414557783");
INSERT INTO user_history VALUES("291","5","login","1414561270");
INSERT INTO user_history VALUES("292","1","login","1414566446");
INSERT INTO user_history VALUES("293","1","login","1414566798");
INSERT INTO user_history VALUES("294","5","login","1414568741");
INSERT INTO user_history VALUES("295","5","login","1414572419");
INSERT INTO user_history VALUES("296","5","login","1414576143");
INSERT INTO user_history VALUES("297","3","login","1414591542");
INSERT INTO user_history VALUES("298","1","login","1414593487");
INSERT INTO user_history VALUES("299","1","logout","1414593566");
INSERT INTO user_history VALUES("300","1","login","1414594301");
INSERT INTO user_history VALUES("301","1","login","1414595334");
INSERT INTO user_history VALUES("302","5","login","1414634901");
INSERT INTO user_history VALUES("303","5","login","1414638698");
INSERT INTO user_history VALUES("304","1","login","1414641825");
INSERT INTO user_history VALUES("305","1","login","1414644084");
INSERT INTO user_history VALUES("306","5","login","1414646643");
INSERT INTO user_history VALUES("307","5","login","1414646725");
INSERT INTO user_history VALUES("308","1","login","1414652384");
INSERT INTO user_history VALUES("309","5","login","1414652492");
INSERT INTO user_history VALUES("310","1","login","1414654140");
INSERT INTO user_history VALUES("311","1","login","1414656297");
INSERT INTO user_history VALUES("312","1","login","1414660320");
INSERT INTO user_history VALUES("313","4","login","1414660377");
INSERT INTO user_history VALUES("314","1","login","1414660850");
INSERT INTO user_history VALUES("315","5","login","1414662209");
INSERT INTO user_history VALUES("316","5","login","1414662744");
INSERT INTO user_history VALUES("317","3","login","1414664920");
INSERT INTO user_history VALUES("318","1","login","1414667250");
INSERT INTO user_history VALUES("319","3","login","1414667520");
INSERT INTO user_history VALUES("320","1","login","1414667877");
INSERT INTO user_history VALUES("321","1","logout","1414667986");
INSERT INTO user_history VALUES("322","1","login","1414668051");
INSERT INTO user_history VALUES("323","1","logout","1414668566");
INSERT INTO user_history VALUES("324","3","login","1414676039");
INSERT INTO user_history VALUES("325","1","login","1414680835");
INSERT INTO user_history VALUES("326","4","login","1414718544");
INSERT INTO user_history VALUES("327","1","login","1414719080");
INSERT INTO user_history VALUES("328","5","login","1414719959");
INSERT INTO user_history VALUES("329","1","login","1414720107");
INSERT INTO user_history VALUES("330","1","login","1414721992");
INSERT INTO user_history VALUES("331","3","login","1414723155");
INSERT INTO user_history VALUES("332","4","login","1414723271");
INSERT INTO user_history VALUES("333","3","logout","1414723426");
INSERT INTO user_history VALUES("334","1","login","1414729897");
INSERT INTO user_history VALUES("335","5","login","1414730397");
INSERT INTO user_history VALUES("336","1","login","1414730559");
INSERT INTO user_history VALUES("337","5","login","1414732556");
INSERT INTO user_history VALUES("338","1","logout","1414733608");
INSERT INTO user_history VALUES("339","4","login","1414733611");
INSERT INTO user_history VALUES("340","1","login","1414734574");
INSERT INTO user_history VALUES("341","1","logout","1414734767");
INSERT INTO user_history VALUES("342","4","login","1414735532");
INSERT INTO user_history VALUES("343","1","login","1414735544");
INSERT INTO user_history VALUES("344","5","login","1414741377");
INSERT INTO user_history VALUES("345","5","login","1414746329");
INSERT INTO user_history VALUES("346","5","logout","1414750651");
INSERT INTO user_history VALUES("347","3","login","1414750659");
INSERT INTO user_history VALUES("348","3","login","1414754836");
INSERT INTO user_history VALUES("349","3","login","1414758437");
INSERT INTO user_history VALUES("350","1","login","1414764332");
INSERT INTO user_history VALUES("351","1","login","1414768735");
INSERT INTO user_history VALUES("352","5","login","1414807344");
INSERT INTO user_history VALUES("353","5","login","1414809068");
INSERT INTO user_history VALUES("354","5","login","1414815713");
INSERT INTO user_history VALUES("355","1","login","1414817490");
INSERT INTO user_history VALUES("356","1","logout","1414817616");
INSERT INTO user_history VALUES("357","3","login","1414817623");
INSERT INTO user_history VALUES("358","1","login","1414819193");
INSERT INTO user_history VALUES("359","5","login","1414819210");
INSERT INTO user_history VALUES("360","1","login","1414826576");
INSERT INTO user_history VALUES("361","5","login","1414836108");
INSERT INTO user_history VALUES("362","3","login","1414839537");
INSERT INTO user_history VALUES("363","3","login","1414847089");
INSERT INTO user_history VALUES("364","3","login","1414847106");
INSERT INTO user_history VALUES("365","3","login","1414847120");
INSERT INTO user_history VALUES("366","3","login","1414847320");
INSERT INTO user_history VALUES("367","3","login","1414851016");
INSERT INTO user_history VALUES("368","1","login","1414855557");
INSERT INTO user_history VALUES("369","5","login","1414896976");
INSERT INTO user_history VALUES("370","1","login","1414902033");
INSERT INTO user_history VALUES("371","5","login","1414902722");
INSERT INTO user_history VALUES("372","5","login","1414907489");
INSERT INTO user_history VALUES("373","5","login","1414910779");
INSERT INTO user_history VALUES("374","5","login","1414922558");
INSERT INTO user_history VALUES("375","3","login","1414930587");
INSERT INTO user_history VALUES("376","3","login","1414935179");
INSERT INTO user_history VALUES("377","3","login","1414939654");
INSERT INTO user_history VALUES("378","5","login","1414986369");
INSERT INTO user_history VALUES("379","1","login","1414987084");
INSERT INTO user_history VALUES("380","1","login","1414989787");
INSERT INTO user_history VALUES("381","1","login","1414990116");
INSERT INTO user_history VALUES("382","5","login","1414991793");
INSERT INTO user_history VALUES("383","1","login","1415002334");
INSERT INTO user_history VALUES("384","5","login","1415006888");
INSERT INTO user_history VALUES("385","5","login","1415008025");
INSERT INTO user_history VALUES("386","5","login","1415008033");
INSERT INTO user_history VALUES("387","5","login","1415008049");
INSERT INTO user_history VALUES("388","5","login","1415015900");
INSERT INTO user_history VALUES("389","1","login","1415017513");
INSERT INTO user_history VALUES("390","1","logout","1415018082");
INSERT INTO user_history VALUES("391","1","login","1415019880");
INSERT INTO user_history VALUES("392","3","login","1415019961");
INSERT INTO user_history VALUES("393","3","login","1415022236");
INSERT INTO user_history VALUES("394","3","login","1415025787");
INSERT INTO user_history VALUES("395","1","login","1415026675");
INSERT INTO user_history VALUES("396","1","login","1415072924");
INSERT INTO user_history VALUES("397","5","login","1415076981");
INSERT INTO user_history VALUES("398","4","login","1415077020");
INSERT INTO user_history VALUES("399","1","login","1415077043");
INSERT INTO user_history VALUES("400","5","login","1415081623");
INSERT INTO user_history VALUES("401","5","login","1415081636");
INSERT INTO user_history VALUES("402","5","login","1415081664");
INSERT INTO user_history VALUES("403","5","login","1415081690");
INSERT INTO user_history VALUES("404","5","login","1415081708");
INSERT INTO user_history VALUES("405","1","login","1415084704");
INSERT INTO user_history VALUES("406","5","login","1415085475");
INSERT INTO user_history VALUES("407","1","login","1415088658");
INSERT INTO user_history VALUES("408","5","login","1415093625");
INSERT INTO user_history VALUES("409","3","login","1415097266");
INSERT INTO user_history VALUES("410","3","login","1415105762");
INSERT INTO user_history VALUES("411","1","login","1415106586");
INSERT INTO user_history VALUES("412","1","login","1415110761");
INSERT INTO user_history VALUES("413","1","login","1415112176");
INSERT INTO user_history VALUES("414","3","login","1415112415");
INSERT INTO user_history VALUES("415","5","login","1415160270");
INSERT INTO user_history VALUES("416","5","login","1415163608");
INSERT INTO user_history VALUES("417","1","login","1415178344");
INSERT INTO user_history VALUES("418","5","login","1415181405");
INSERT INTO user_history VALUES("419","1","login","1415182763");
INSERT INTO user_history VALUES("420","1","login","1415182932");
INSERT INTO user_history VALUES("421","3","login","1415189810");
INSERT INTO user_history VALUES("422","3","login","1415197206");
INSERT INTO user_history VALUES("423","1","login","1415240485");
INSERT INTO user_history VALUES("424","4","login","1415240532");
INSERT INTO user_history VALUES("425","1","login","1415241455");
INSERT INTO user_history VALUES("426","5","login","1415246606");
INSERT INTO user_history VALUES("427","5","login","1415246635");
INSERT INTO user_history VALUES("428","1","login","1415247074");
INSERT INTO user_history VALUES("429","1","login","1415247151");
INSERT INTO user_history VALUES("430","1","logout","1415247641");
INSERT INTO user_history VALUES("431","4","login","1415247643");
INSERT INTO user_history VALUES("432","1","login","1415247949");
INSERT INTO user_history VALUES("433","1","login","1415249178");
INSERT INTO user_history VALUES("434","1","login","1415256171");
INSERT INTO user_history VALUES("435","1","login","1415257068");
INSERT INTO user_history VALUES("436","5","login","1415259500");
INSERT INTO user_history VALUES("437","1","login","1415262515");
INSERT INTO user_history VALUES("438","1","login","1415263835");
INSERT INTO user_history VALUES("439","5","login","1415266042");
INSERT INTO user_history VALUES("440","1","login","1415271977");
INSERT INTO user_history VALUES("441","3","login","1415276083");
INSERT INTO user_history VALUES("442","3","login","1415279417");
INSERT INTO user_history VALUES("443","3","login","1415283835");
INSERT INTO user_history VALUES("444","4","login","1415325316");
INSERT INTO user_history VALUES("445","1","login","1415327466");
INSERT INTO user_history VALUES("446","1","login","1415327488");
INSERT INTO user_history VALUES("447","1","logout","1415327489");
INSERT INTO user_history VALUES("448","4","login","1415327491");
INSERT INTO user_history VALUES("449","4","logout","1415327559");
INSERT INTO user_history VALUES("450","1","login","1415327568");
INSERT INTO user_history VALUES("451","1","login","1415332292");
INSERT INTO user_history VALUES("452","5","login","1415332980");
INSERT INTO user_history VALUES("453","5","login","1415335944");
INSERT INTO user_history VALUES("454","5","login","1415343156");
INSERT INTO user_history VALUES("455","1","login","1415343264");
INSERT INTO user_history VALUES("456","1","login","1415344929");
INSERT INTO user_history VALUES("457","1","login","1415346738");
INSERT INTO user_history VALUES("458","1","login","1415346879");
INSERT INTO user_history VALUES("459","4","login","1415348373");
INSERT INTO user_history VALUES("460","4","login","1415348396");
INSERT INTO user_history VALUES("461","4","login","1415348405");
INSERT INTO user_history VALUES("462","1","login","1415348410");
INSERT INTO user_history VALUES("463","1","logout","1415348430");
INSERT INTO user_history VALUES("464","4","login","1415348436");
INSERT INTO user_history VALUES("465","1","login","1415348704");
INSERT INTO user_history VALUES("466","5","login","1415351617");
INSERT INTO user_history VALUES("467","1","login","1415355132");
INSERT INTO user_history VALUES("468","3","login","1415358037");
INSERT INTO user_history VALUES("469","3","login","1415358058");
INSERT INTO user_history VALUES("470","3","login","1415358085");
INSERT INTO user_history VALUES("471","3","login","1415358160");
INSERT INTO user_history VALUES("472","3","login","1415366999");
INSERT INTO user_history VALUES("473","5","login","1415411898");
INSERT INTO user_history VALUES("474","1","login","1415414816");
INSERT INTO user_history VALUES("475","1","login","1415414903");
INSERT INTO user_history VALUES("476","5","login","1415416638");
INSERT INTO user_history VALUES("477","1","login","1415417222");
INSERT INTO user_history VALUES("478","5","login","1415422495");
INSERT INTO user_history VALUES("479","5","login","1415422511");
INSERT INTO user_history VALUES("480","5","login","1415428763");
INSERT INTO user_history VALUES("481","5","login","1415430901");
INSERT INTO user_history VALUES("482","3","login","1415438168");
INSERT INTO user_history VALUES("483","3","logout","1415438205");
INSERT INTO user_history VALUES("484","5","login","1415438221");
INSERT INTO user_history VALUES("485","3","login","1415441469");
INSERT INTO user_history VALUES("486","1","login","1415442907");
INSERT INTO user_history VALUES("487","3","login","1415443820");
INSERT INTO user_history VALUES("488","1","login","1415448411");
INSERT INTO user_history VALUES("489","3","login","1415449320");
INSERT INTO user_history VALUES("490","1","login","1415457698");
INSERT INTO user_history VALUES("491","5","login","1415512257");
INSERT INTO user_history VALUES("492","1","login","1415516082");
INSERT INTO user_history VALUES("493","5","login","1415518515");
INSERT INTO user_history VALUES("494","5","login","1415520865");
INSERT INTO user_history VALUES("495","5","login","1415523622");
INSERT INTO user_history VALUES("496","5","login","1415529646");
INSERT INTO user_history VALUES("497","5","login","1415535667");
INSERT INTO user_history VALUES("498","1","login","1415544014");
INSERT INTO user_history VALUES("499","5","login","1415587145");
INSERT INTO user_history VALUES("500","5","login","1415589401");
INSERT INTO user_history VALUES("501","5","login","1415597021");
INSERT INTO user_history VALUES("502","5","login","1415597046");
INSERT INTO user_history VALUES("503","5","login","1415597084");
INSERT INTO user_history VALUES("504","1","login","1415604108");
INSERT INTO user_history VALUES("505","5","login","1415605761");
INSERT INTO user_history VALUES("506","1","login","1415608713");
INSERT INTO user_history VALUES("507","1","login","1415610703");
INSERT INTO user_history VALUES("508","5","login","1415610972");
INSERT INTO user_history VALUES("509","1","login","1415611232");
INSERT INTO user_history VALUES("510","1","login","1415612127");
INSERT INTO user_history VALUES("511","3","login","1415616345");
INSERT INTO user_history VALUES("512","3","login","1415621461");
INSERT INTO user_history VALUES("513","3","login","1415624293");
INSERT INTO user_history VALUES("514","3","login","1415627544");
INSERT INTO user_history VALUES("515","5","login","1415674355");
INSERT INTO user_history VALUES("516","1","login","1415677567");
INSERT INTO user_history VALUES("517","1","login","1415682081");
INSERT INTO user_history VALUES("518","5","login","1415682905");
INSERT INTO user_history VALUES("519","1","login","1415686561");
INSERT INTO user_history VALUES("520","1","login","1415691456");
INSERT INTO user_history VALUES("521","1","login","1415693043");
INSERT INTO user_history VALUES("522","1","login","1415693385");
INSERT INTO user_history VALUES("523","5","login","1415694248");
INSERT INTO user_history VALUES("524","1","login","1415697032");
INSERT INTO user_history VALUES("525","1","login","1415700945");
INSERT INTO user_history VALUES("526","5","logout","1415701142");
INSERT INTO user_history VALUES("527","3","login","1415701151");
INSERT INTO user_history VALUES("528","1","login","1415704658");
INSERT INTO user_history VALUES("529","1","login","1415705658");
INSERT INTO user_history VALUES("530","3","login","1415706876");
INSERT INTO user_history VALUES("531","1","login","1415711464");
INSERT INTO user_history VALUES("532","1","login","1415716688");
INSERT INTO user_history VALUES("533","5","login","1415753797");
INSERT INTO user_history VALUES("534","1","login","1415758194");
INSERT INTO user_history VALUES("535","4","login","1415759170");
INSERT INTO user_history VALUES("536","1","login","1415759219");
INSERT INTO user_history VALUES("537","4","login","1415759232");
INSERT INTO user_history VALUES("538","5","login","1415762225");
INSERT INTO user_history VALUES("539","1","login","1415762963");
INSERT INTO user_history VALUES("540","5","login","1415767081");
INSERT INTO user_history VALUES("541","1","login","1415767147");
INSERT INTO user_history VALUES("542","1","login","1415767239");
INSERT INTO user_history VALUES("543","5","logout","1415767467");
INSERT INTO user_history VALUES("544","5","login","1415767472");
INSERT INTO user_history VALUES("545","4","login","1415767506");
INSERT INTO user_history VALUES("546","1","login","1415771052");
INSERT INTO user_history VALUES("547","1","login","1415774217");
INSERT INTO user_history VALUES("548","1","logout","1415774313");
INSERT INTO user_history VALUES("549","1","login","1415780321");
INSERT INTO user_history VALUES("550","5","login","1415780588");
INSERT INTO user_history VALUES("551","1","login","1415782444");
INSERT INTO user_history VALUES("552","3","login","1415790346");
INSERT INTO user_history VALUES("553","3","login","1415794544");
INSERT INTO user_history VALUES("554","1","login","1415798626");
INSERT INTO user_history VALUES("555","5","login","1415849967");
INSERT INTO user_history VALUES("556","5","login","1415854473");
INSERT INTO user_history VALUES("557","1","login","1415859359");
INSERT INTO user_history VALUES("558","1","login","1415863161");
INSERT INTO user_history VALUES("559","1","login","1415863753");
INSERT INTO user_history VALUES("560","5","login","1415868496");
INSERT INTO user_history VALUES("561","1","login","1415868957");
INSERT INTO user_history VALUES("562","3","login","1415875927");
INSERT INTO user_history VALUES("563","1","login","1415879846");
INSERT INTO user_history VALUES("564","3","login","1415881056");
INSERT INTO user_history VALUES("565","3","login","1415885130");
INSERT INTO user_history VALUES("566","1","login","1415887839");
INSERT INTO user_history VALUES("567","1","login","1415888833");
INSERT INTO user_history VALUES("568","1","login","1415939782");
INSERT INTO user_history VALUES("569","5","login","1415943089");
INSERT INTO user_history VALUES("570","1","login","1415947015");
INSERT INTO user_history VALUES("571","1","login","1415947872");
INSERT INTO user_history VALUES("572","1","login","1415948039");
INSERT INTO user_history VALUES("573","5","login","1415957002");
INSERT INTO user_history VALUES("574","1","login","1415958125");
INSERT INTO user_history VALUES("575","5","logout","1415959521");
INSERT INTO user_history VALUES("576","3","login","1415959530");
INSERT INTO user_history VALUES("577","3","login","1415961765");
INSERT INTO user_history VALUES("578","3","login","1415965356");
INSERT INTO user_history VALUES("579","3","login","1415969537");
INSERT INTO user_history VALUES("580","3","login","1415973959");
INSERT INTO user_history VALUES("581","1","login","1415976384");
INSERT INTO user_history VALUES("582","5","login","1416017387");
INSERT INTO user_history VALUES("583","5","login","1416020732");
INSERT INTO user_history VALUES("584","4","login","1416021442");
INSERT INTO user_history VALUES("585","5","login","1416023639");
INSERT INTO user_history VALUES("586","5","login","1416023649");
INSERT INTO user_history VALUES("587","1","login","1416033490");
INSERT INTO user_history VALUES("588","5","login","1416033768");
INSERT INTO user_history VALUES("589","1","login","1416039505");
INSERT INTO user_history VALUES("590","5","login","1416043725");
INSERT INTO user_history VALUES("591","1","login","1416044270");
INSERT INTO user_history VALUES("592","3","login","1416050485");
INSERT INTO user_history VALUES("593","1","login","1416051626");
INSERT INTO user_history VALUES("594","1","logout","1416051814");
INSERT INTO user_history VALUES("595","1","login","1416052017");
INSERT INTO user_history VALUES("596","3","login","1416053902");
INSERT INTO user_history VALUES("597","3","login","1416061405");
INSERT INTO user_history VALUES("598","3","login","1416105164");
INSERT INTO user_history VALUES("599","3","login","1416109144");
INSERT INTO user_history VALUES("600","3","login","1416113585");
INSERT INTO user_history VALUES("601","1","login","1416115772");
INSERT INTO user_history VALUES("602","3","login","1416120748");
INSERT INTO user_history VALUES("603","3","login","1416123618");
INSERT INTO user_history VALUES("604","5","login","1416134125");
INSERT INTO user_history VALUES("605","1","login","1416137081");
INSERT INTO user_history VALUES("606","5","login","1416144521");
INSERT INTO user_history VALUES("607","1","login","1416146917");
INSERT INTO user_history VALUES("608","1","logout","1416146951");
INSERT INTO user_history VALUES("609","5","logout","1416149404");
INSERT INTO user_history VALUES("610","1","login","1416149437");
INSERT INTO user_history VALUES("611","1","login","1416149483");
INSERT INTO user_history VALUES("612","1","logout","1416149914");
INSERT INTO user_history VALUES("613","5","login","1416149922");
INSERT INTO user_history VALUES("614","5","login","1416191758");
INSERT INTO user_history VALUES("615","1","login","1416192820");
INSERT INTO user_history VALUES("616","1","login","1416196873");
INSERT INTO user_history VALUES("617","1","login","1416201802");
INSERT INTO user_history VALUES("618","1","login","1416207299");
INSERT INTO user_history VALUES("619","1","login","1416209775");
INSERT INTO user_history VALUES("620","1","login","1416209976");
INSERT INTO user_history VALUES("621","1","login","1416212741");
INSERT INTO user_history VALUES("622","1","logout","1416212773");
INSERT INTO user_history VALUES("623","5","login","1416212811");
INSERT INTO user_history VALUES("624","5","login","1416216231");
INSERT INTO user_history VALUES("625","5","logout","1416217697");
INSERT INTO user_history VALUES("626","1","login","1416219118");
INSERT INTO user_history VALUES("627","3","login","1416221631");
INSERT INTO user_history VALUES("628","1","login","1416281695");
INSERT INTO user_history VALUES("629","1","login","1416282123");
INSERT INTO user_history VALUES("630","1","logout","1416282210");
INSERT INTO user_history VALUES("631","1","login","1416282227");
INSERT INTO user_history VALUES("632","1","logout","1416282434");
INSERT INTO user_history VALUES("633","1","login","1416282453");
INSERT INTO user_history VALUES("634","1","login","1416285829");
INSERT INTO user_history VALUES("635","5","login","1416287928");
INSERT INTO user_history VALUES("636","5","login","1416298325");
INSERT INTO user_history VALUES("637","5","login","1416302065");
INSERT INTO user_history VALUES("638","1","login","1416307713");
INSERT INTO user_history VALUES("639","3","login","1416307872");
INSERT INTO user_history VALUES("640","3","login","1416318117");
INSERT INTO user_history VALUES("641","1","login","1416326824");
INSERT INTO user_history VALUES("642","3","login","1416329783");
INSERT INTO user_history VALUES("643","3","login","1416329796");
INSERT INTO user_history VALUES("644","3","login","1416329812");
INSERT INTO user_history VALUES("645","3","login","1416329822");
INSERT INTO user_history VALUES("646","3","login","1416329851");
INSERT INTO user_history VALUES("647","3","login","1416334433");
INSERT INTO user_history VALUES("648","1","login","1416337576");
INSERT INTO user_history VALUES("649","3","login","1416344982");
INSERT INTO user_history VALUES("650","1","login","1416345870");
INSERT INTO user_history VALUES("651","3","login","1416353721");
INSERT INTO user_history VALUES("652","1","login","1416353955");
INSERT INTO user_history VALUES("653","3","login","1416359746");
INSERT INTO user_history VALUES("654","3","login","1416366183");
INSERT INTO user_history VALUES("655","3","login","1416368970");
INSERT INTO user_history VALUES("656","5","login","1416445437");
INSERT INTO user_history VALUES("657","5","login","1416453442");
INSERT INTO user_history VALUES("658","5","login","1416466486");
INSERT INTO user_history VALUES("659","1","login","1416467401");
INSERT INTO user_history VALUES("660","1","login","1416468731");
INSERT INTO user_history VALUES("661","1","login","1416471552");
INSERT INTO user_history VALUES("662","1","login","1416473512");
INSERT INTO user_history VALUES("663","5","logout","1416478483");
INSERT INTO user_history VALUES("664","3","login","1416478491");
INSERT INTO user_history VALUES("665","1","login","1416480310");
INSERT INTO user_history VALUES("666","3","login","1416482202");
INSERT INTO user_history VALUES("667","1","login","1416486234");
INSERT INTO user_history VALUES("668","5","login","1416507425");
INSERT INTO user_history VALUES("669","5","login","1416511903");
INSERT INTO user_history VALUES("670","1","login","1416518064");
INSERT INTO user_history VALUES("671","1","login","1416520238");
INSERT INTO user_history VALUES("672","5","login","1416521906");
INSERT INTO user_history VALUES("673","5","login","1416522057");
INSERT INTO user_history VALUES("674","1","login","1416526926");
INSERT INTO user_history VALUES("675","3","login","1416530628");
INSERT INTO user_history VALUES("676","1","login","1416530780");
INSERT INTO user_history VALUES("677","1","login","1416533975");
INSERT INTO user_history VALUES("678","3","login","1416547980");
INSERT INTO user_history VALUES("679","1","login","1416626150");
INSERT INTO user_history VALUES("680","5","login","1416627439");
INSERT INTO user_history VALUES("681","5","login","1416631418");
INSERT INTO user_history VALUES("682","1","login","1416637894");
INSERT INTO user_history VALUES("683","5","login","1416644613");
INSERT INTO user_history VALUES("684","5","login","1416664191");
INSERT INTO user_history VALUES("685","5","login","1416669152");
INSERT INTO user_history VALUES("686","5","login","1416678482");
INSERT INTO user_history VALUES("687","5","login","1416685802");
INSERT INTO user_history VALUES("688","5","login","1416697602");
INSERT INTO user_history VALUES("689","5","logout","1416702820");
INSERT INTO user_history VALUES("690","3","login","1416702829");
INSERT INTO user_history VALUES("691","3","login","1416707703");
INSERT INTO user_history VALUES("692","3","login","1416719519");
INSERT INTO user_history VALUES("693","1","login","1416794252");
INSERT INTO user_history VALUES("694","1","login","1416798690");
INSERT INTO user_history VALUES("695","5","login","1416800948");
INSERT INTO user_history VALUES("696","5","login","1416813557");
INSERT INTO user_history VALUES("697","1","login","1416814183");
INSERT INTO user_history VALUES("698","1","login","1416816154");
INSERT INTO user_history VALUES("699","5","login","1416817538");
INSERT INTO user_history VALUES("700","1","login","1416820548");
INSERT INTO user_history VALUES("701","5","login","1416823488");
INSERT INTO user_history VALUES("702","3","login","1416825695");
INSERT INTO user_history VALUES("703","3","login","1416825713");
INSERT INTO user_history VALUES("704","3","login","1416833897");
INSERT INTO user_history VALUES("705","3","login","1416840235");
INSERT INTO user_history VALUES("706","5","login","1416885998");
INSERT INTO user_history VALUES("707","5","login","1416891715");
INSERT INTO user_history VALUES("708","5","login","1416899562");
INSERT INTO user_history VALUES("709","5","logout","1416899954");
INSERT INTO user_history VALUES("710","1","login","1416900006");
INSERT INTO user_history VALUES("711","1","logout","1416900047");
INSERT INTO user_history VALUES("712","5","login","1416900058");
INSERT INTO user_history VALUES("713","1","login","1416903577");
INSERT INTO user_history VALUES("714","1","login","1416903744");
INSERT INTO user_history VALUES("715","1","login","1416905431");
INSERT INTO user_history VALUES("716","1","login","1416908751");
INSERT INTO user_history VALUES("717","5","login","1416909741");
INSERT INTO user_history VALUES("718","4","login","1416912185");
INSERT INTO user_history VALUES("719","5","logout","1416915936");
INSERT INTO user_history VALUES("720","3","login","1416915947");
INSERT INTO user_history VALUES("721","3","logout","1416915977");
INSERT INTO user_history VALUES("722","3","login","1416916004");
INSERT INTO user_history VALUES("723","3","logout","1416916083");
INSERT INTO user_history VALUES("724","1","login","1416916270");
INSERT INTO user_history VALUES("725","1","logout","1416916373");
INSERT INTO user_history VALUES("726","3","login","1416917762");
INSERT INTO user_history VALUES("727","3","login","1416921080");
INSERT INTO user_history VALUES("728","1","login","1416926907");
INSERT INTO user_history VALUES("729","3","logout","1416928172");
INSERT INTO user_history VALUES("730","1","login","1416928268");
INSERT INTO user_history VALUES("731","1","logout","1416928438");
INSERT INTO user_history VALUES("732","3","login","1416928448");
INSERT INTO user_history VALUES("733","1","login","1416928996");
INSERT INTO user_history VALUES("734","1","logout","1416929273");
INSERT INTO user_history VALUES("735","1","login","1416966770");
INSERT INTO user_history VALUES("736","1","login","1416966911");
INSERT INTO user_history VALUES("737","1","logout","1416966969");
INSERT INTO user_history VALUES("738","1","login","1416967486");
INSERT INTO user_history VALUES("739","1","login","1416973421");
INSERT INTO user_history VALUES("740","1","login","1416973921");
INSERT INTO user_history VALUES("741","5","login","1416978068");
INSERT INTO user_history VALUES("742","5","login","1416980798");
INSERT INTO user_history VALUES("743","1","login","1416983576");
INSERT INTO user_history VALUES("744","1","login","1416986015");
INSERT INTO user_history VALUES("745","1","login","1416988385");
INSERT INTO user_history VALUES("746","5","login","1416995731");
INSERT INTO user_history VALUES("747","3","login","1417002544");
INSERT INTO user_history VALUES("748","3","login","1417007466");
INSERT INTO user_history VALUES("749","1","login","1417010813");
INSERT INTO user_history VALUES("750","1","login","1417010856");
INSERT INTO user_history VALUES("751","1","login","1417053858");
INSERT INTO user_history VALUES("752","1","login","1417054569");
INSERT INTO user_history VALUES("753","1","login","1417054813");
INSERT INTO user_history VALUES("754","1","logout","1417055138");
INSERT INTO user_history VALUES("755","1","login","1417055142");
INSERT INTO user_history VALUES("756","1","login","1417057759");
INSERT INTO user_history VALUES("757","1","login","1417062069");
INSERT INTO user_history VALUES("758","1","logout","1417062550");
INSERT INTO user_history VALUES("759","1","login","1417062727");
INSERT INTO user_history VALUES("760","1","logout","1417062945");
INSERT INTO user_history VALUES("761","5","login","1417063349");
INSERT INTO user_history VALUES("762","5","login","1417072853");
INSERT INTO user_history VALUES("763","5","login","1417077724");
INSERT INTO user_history VALUES("764","1","login","1417079032");
INSERT INTO user_history VALUES("765","5","login","1417082366");
INSERT INTO user_history VALUES("766","5","logout","1417083034");
INSERT INTO user_history VALUES("767","3","login","1417083042");
INSERT INTO user_history VALUES("768","3","login","1417090608");
INSERT INTO user_history VALUES("769","3","login","1417096748");
INSERT INTO user_history VALUES("770","1","login","1417104908");
INSERT INTO user_history VALUES("771","1","logout","1417105418");
INSERT INTO user_history VALUES("772","5","login","1417105909");
INSERT INTO user_history VALUES("773","1","login","1417108592");
INSERT INTO user_history VALUES("774","1","login","1417108923");
INSERT INTO user_history VALUES("775","1","login","1417110634");
INSERT INTO user_history VALUES("776","5","login","1417114614");
INSERT INTO user_history VALUES("777","1","login","1417124114");
INSERT INTO user_history VALUES("778","5","login","1417127323");
INSERT INTO user_history VALUES("779","1","login","1417128189");
INSERT INTO user_history VALUES("780","1","logout","1417128232");
INSERT INTO user_history VALUES("781","5","login","1417129765");
INSERT INTO user_history VALUES("782","1","login","1417130702");
INSERT INTO user_history VALUES("783","3","login","1417132158");
INSERT INTO user_history VALUES("784","3","login","1417140515");
INSERT INTO user_history VALUES("785","1","login","1417143544");
INSERT INTO user_history VALUES("786","3","logout","1417150365");
INSERT INTO user_history VALUES("787","1","login","1417152506");
INSERT INTO user_history VALUES("788","5","login","1417156929");
INSERT INTO user_history VALUES("789","5","login","1417159622");
INSERT INTO user_history VALUES("790","5","logout","1417159781");
INSERT INTO user_history VALUES("791","5","login","1417159788");
INSERT INTO user_history VALUES("792","1","login","1417159828");
INSERT INTO user_history VALUES("793","5","logout","1417160246");
INSERT INTO user_history VALUES("794","5","login","1417160252");
INSERT INTO user_history VALUES("795","5","logout","1417160298");
INSERT INTO user_history VALUES("796","5","login","1417160304");
INSERT INTO user_history VALUES("797","1","login","1417235495");
INSERT INTO user_history VALUES("798","1","login","1417235821");
INSERT INTO user_history VALUES("799","5","login","1417238944");
INSERT INTO user_history VALUES("800","5","login","1417245920");
INSERT INTO user_history VALUES("801","5","login","1417252063");
INSERT INTO user_history VALUES("802","5","login","1417264321");
INSERT INTO user_history VALUES("803","5","login","1417264563");
INSERT INTO user_history VALUES("804","1","login","1417265246");
INSERT INTO user_history VALUES("805","1","logout","1417265294");
INSERT INTO user_history VALUES("806","5","login","1417266355");
INSERT INTO user_history VALUES("807","5","login","1417269647");
INSERT INTO user_history VALUES("808","5","login","1417311705");
INSERT INTO user_history VALUES("809","5","login","1417314805");
INSERT INTO user_history VALUES("810","5","login","1417329951");
INSERT INTO user_history VALUES("811","5","login","1417341362");
INSERT INTO user_history VALUES("812","5","logout","1417342435");
INSERT INTO user_history VALUES("813","1","login","1417342482");
INSERT INTO user_history VALUES("814","1","logout","1417342528");
INSERT INTO user_history VALUES("815","3","login","1417346508");
INSERT INTO user_history VALUES("816","3","login","1417350786");
INSERT INTO user_history VALUES("817","1","login","1417367026");
INSERT INTO user_history VALUES("818","1","login","1417368449");
INSERT INTO user_history VALUES("819","5","login","1417369672");
INSERT INTO user_history VALUES("820","1","login","1417371640");
INSERT INTO user_history VALUES("821","1","login","1417371826");
INSERT INTO user_history VALUES("822","5","login","1417373983");
INSERT INTO user_history VALUES("823","1","login","1417376278");
INSERT INTO user_history VALUES("824","1","login","1417384021");
INSERT INTO user_history VALUES("825","5","login","1417385147");
INSERT INTO user_history VALUES("826","1","login","1418119478");
INSERT INTO user_history VALUES("827","1","login","1418179132");
INSERT INTO user_history VALUES("828","1","login","1418262945");
INSERT INTO user_history VALUES("829","1","login","1418287942");
INSERT INTO user_history VALUES("830","1","login","1418355503");
INSERT INTO user_history VALUES("831","1","logout","1418378393");
INSERT INTO user_history VALUES("832","1","login","1418607481");
INSERT INTO user_history VALUES("833","1","login","1418697703");
INSERT INTO user_history VALUES("834","1","login","1418784210");



