DROP TABLE categories;

CREATE TABLE `categories` (
  `id` int(11) NOT NULL AUTO_INCREMENT,
  `name` longtext COLLATE utf8_unicode_ci NOT NULL,
  `isdelete` int(11) NOT NULL,
  PRIMARY KEY (`id`)
) ENGINE=InnoDB AUTO_INCREMENT=11 DEFAULT CHARSET=utf8 COLLATE=utf8_unicode_ci;

INSERT INTO categories VALUES("1","Món truyền thống","0");
INSERT INTO categories VALUES("2","Nước ép","0");
INSERT INTO categories VALUES("3","Sinh tố","0");
INSERT INTO categories VALUES("4","Soda Ý","0");
INSERT INTO categories VALUES("5","Đá Xay","0");
INSERT INTO categories VALUES("6","Món đặc biệt","0");
INSERT INTO categories VALUES("7","Thức ăn","0");
INSERT INTO categories VALUES("8","Khác","0");
INSERT INTO categories VALUES("9","Đồ gốm","0");
INSERT INTO categories VALUES("10","Lưu niệm","0");



DROP TABLE config;

CREATE TABLE `config` (
  `id` int(11) NOT NULL AUTO_INCREMENT,
  `name` varchar(20) COLLATE utf8_unicode_ci NOT NULL,
  `value` longtext COLLATE utf8_unicode_ci NOT NULL,
  `type` varchar(20) COLLATE utf8_unicode_ci NOT NULL,
  PRIMARY KEY (`id`),
  UNIQUE KEY `name` (`name`)
) ENGINE=InnoDB AUTO_INCREMENT=16 DEFAULT CHARSET=utf8 COLLATE=utf8_unicode_ci;

INSERT INTO config VALUES("1","logo","/img/upload/config/KAFFA-NEN-TRANG-h40-w250.png","file");
INSERT INTO config VALUES("2","logo_printer","/img/upload/config/logo-KAFFA.png","file");
INSERT INTO config VALUES("3","print_phone","08.66 8484 91","text");
INSERT INTO config VALUES("4","print_address","47 - Ho Ba Kien - P.15 - Q10 - TP HCM","text");
INSERT INTO config VALUES("5","max_quantity_order","22","text");
INSERT INTO config VALUES("6","thank_text","Cảm ơn quý khách. Hẹn gặp lại!","text");
INSERT INTO config VALUES("7","currency","VND","text");
INSERT INTO config VALUES("8","out_of_stock","200","text");
INSERT INTO config VALUES("9","end_year","2030","text");
INSERT INTO config VALUES("10","emailId","kaffacoffee47@gmail.com","text");
INSERT INTO config VALUES("11","emailPassword","vela2013#","text");
INSERT INTO config VALUES("12","sitename","Kaffa Coffe","text");
INSERT INTO config VALUES("13","meta_description","Kaffa Coffe","text");
INSERT INTO config VALUES("14","print_number","1","text");
INSERT INTO config VALUES("15","key_note","Key note","text");



DROP TABLE coupon;

CREATE TABLE `coupon` (
  `id` int(11) NOT NULL AUTO_INCREMENT,
  `code` varchar(11) COLLATE utf8_unicode_ci NOT NULL,
  `value` double NOT NULL,
  `fromdate` bigint(20) NOT NULL,
  `todate` bigint(20) NOT NULL,
  `isdelete` int(11) NOT NULL,
  `type` int(11) NOT NULL,
  `description` longtext COLLATE utf8_unicode_ci NOT NULL,
  `reuse` int(11) NOT NULL,
  PRIMARY KEY (`id`),
  UNIQUE KEY `code` (`code`)
) ENGINE=InnoDB AUTO_INCREMENT=31 DEFAULT CHARSET=utf8 COLLATE=utf8_unicode_ci;

INSERT INTO coupon VALUES("1","ADE5116A","70000","1413219600","1444755600","1","0","","0");
INSERT INTO coupon VALUES("2","1B612489","30","1413219600","1413824400","1","1","Giảm giá khai trương","0");
INSERT INTO coupon VALUES("3","74ED6269","30","1412096400","1414688400","1","1","gim gia moi","0");
INSERT INTO coupon VALUES("4","7D2576F8","30","1413219600","1413306000","1","1","","0");
INSERT INTO coupon VALUES("5","05B88EF4","30","1413219600","1413306000","1","1","","0");
INSERT INTO coupon VALUES("6","2D8185FE","20","1413219600","1413565200","1","1","","0");
INSERT INTO coupon VALUES("7","9C385A93","20","1413219600","1413565200","1","1","","0");
INSERT INTO coupon VALUES("8","42BEACF0","20","1413219600","1413565200","1","1","","0");
INSERT INTO coupon VALUES("9","0DEB0821","20","1413219600","1413565200","1","1","","0");
INSERT INTO coupon VALUES("10","C39137F3","20","1413219600","1413565200","1","1","","0");
INSERT INTO coupon VALUES("11","045740F4","20","1413219600","1413565200","0","1","","0");
INSERT INTO coupon VALUES("12","64AF13A7","20","1413219600","1413565200","0","1","","0");
INSERT INTO coupon VALUES("13","E30E9B78","20","1413219600","1413565200","0","1","","0");
INSERT INTO coupon VALUES("14","E6CC36A8","20","1413219600","1413565200","0","1","","0");
INSERT INTO coupon VALUES("15","051DE2C7","20","1413219600","1413565200","1","1","","0");
INSERT INTO coupon VALUES("16","FB1992D0","20","1413219600","1413565200","1","1","","0");
INSERT INTO coupon VALUES("17","8698B90C","20","1413219600","1413565200","0","1","","0");
INSERT INTO coupon VALUES("22","BCF20E4A","20","1412096400","1420045200","1","1","giảm giá 20%","1");
INSERT INTO coupon VALUES("23","CD681EF7","30","1412096400","1436461200","0","1","giảm giá 30%","1");
INSERT INTO coupon VALUES("24","FC496D24","0","1412096400","1445619600","0","1","giảm giá 40%","1");
INSERT INTO coupon VALUES("25","90CB8ECB","50","1412096400","1445619600","0","1","giảm giá 50%","1");
INSERT INTO coupon VALUES("26","0901B1CD","80000","1413306000","1416934800","1","0","","0");
INSERT INTO coupon VALUES("27","BC573797","20","1412096400","1447952400","0","1","Giam giá 20%","1");
INSERT INTO coupon VALUES("28","8A00677A","10","0","0","1","1","Giảm giá 10%","1");
INSERT INTO coupon VALUES("29","4969AA26","10","1415293200","1446915600","0","1","Giam gia 10%","1");
INSERT INTO coupon VALUES("30","47746A3B","100","1417971600","1419958800","0","1","Giảm giá 100%","1");



DROP TABLE customer;

CREATE TABLE `customer` (
  `id` int(11) NOT NULL AUTO_INCREMENT,
  `fullname` varchar(255) COLLATE utf8_unicode_ci NOT NULL,
  `nicename` varchar(255) COLLATE utf8_unicode_ci NOT NULL,
  `customer_code` varchar(100) COLLATE utf8_unicode_ci NOT NULL,
  `level` int(11) NOT NULL,
  `phone` int(11) NOT NULL,
  `email` varchar(100) COLLATE utf8_unicode_ci NOT NULL,
  `address` varchar(255) COLLATE utf8_unicode_ci NOT NULL,
  `birthday` varchar(100) COLLATE utf8_unicode_ci NOT NULL,
  `avatar` varchar(255) COLLATE utf8_unicode_ci NOT NULL,
  `isdelete` int(11) NOT NULL,
  PRIMARY KEY (`id`)
) ENGINE=InnoDB DEFAULT CHARSET=utf8 COLLATE=utf8_unicode_ci;




DROP TABLE event;

CREATE TABLE `event` (
  `id` int(11) NOT NULL AUTO_INCREMENT,
  `name` longtext COLLATE utf8_unicode_ci,
  `value` double NOT NULL,
  `type` varchar(11) COLLATE utf8_unicode_ci NOT NULL,
  `isdelete` int(11) NOT NULL,
  PRIMARY KEY (`id`)
) ENGINE=InnoDB DEFAULT CHARSET=utf8 COLLATE=utf8_unicode_ci;




DROP TABLE log;

CREATE TABLE `log` (
  `id` int(11) NOT NULL AUTO_INCREMENT,
  `event` longtext COLLATE utf8_unicode_ci NOT NULL,
  PRIMARY KEY (`id`)
) ENGINE=InnoDB DEFAULT CHARSET=utf8 COLLATE=utf8_unicode_ci;




DROP TABLE managetable;

CREATE TABLE `managetable` (
  `id` int(11) NOT NULL AUTO_INCREMENT,
  `name` longtext COLLATE utf8_unicode_ci NOT NULL,
  `isdelete` int(11) NOT NULL,
  PRIMARY KEY (`id`)
) ENGINE=InnoDB AUTO_INCREMENT=21 DEFAULT CHARSET=utf8 COLLATE=utf8_unicode_ci;

INSERT INTO managetable VALUES("1","Bàn A1","0");
INSERT INTO managetable VALUES("2","Bàn A2","0");
INSERT INTO managetable VALUES("3","Bàn A3","0");
INSERT INTO managetable VALUES("4","Bàn A4","0");
INSERT INTO managetable VALUES("5","Bàn A5","0");
INSERT INTO managetable VALUES("6","Bàn A6","0");
INSERT INTO managetable VALUES("7","Bàn A7","0");
INSERT INTO managetable VALUES("8","Bàn A81","0");
INSERT INTO managetable VALUES("9","Bàn A82","0");
INSERT INTO managetable VALUES("10","Bàn A83","0");
INSERT INTO managetable VALUES("11","Bàn A84","0");
INSERT INTO managetable VALUES("12","Bàn A9","0");
INSERT INTO managetable VALUES("13","Bàn B11","0");
INSERT INTO managetable VALUES("14","Bàn B12","0");
INSERT INTO managetable VALUES("15","Bàn B13","0");
INSERT INTO managetable VALUES("16","Bàn B14","0");
INSERT INTO managetable VALUES("17","Bàn B2","0");
INSERT INTO managetable VALUES("18","Bàn B3","0");
INSERT INTO managetable VALUES("19","Bàn B4","0");
INSERT INTO managetable VALUES("20","Bàn B5","0");



DROP TABLE menu;

CREATE TABLE `menu` (
  `id` int(11) NOT NULL AUTO_INCREMENT,
  `name` longtext COLLATE utf8_unicode_ci NOT NULL,
  `cost` double NOT NULL,
  `take_away_cost` double NOT NULL,
  `description` longtext COLLATE utf8_unicode_ci NOT NULL,
  `image` longtext COLLATE utf8_unicode_ci NOT NULL,
  `cat_id` int(11) NOT NULL,
  `is_combo` int(11) DEFAULT NULL,
  `isdelete` int(11) NOT NULL,
  PRIMARY KEY (`id`)
) ENGINE=InnoDB AUTO_INCREMENT=264 DEFAULT CHARSET=utf8 COLLATE=utf8_unicode_ci;

INSERT INTO menu VALUES("1","MTT1 - Cafe","26000","21000",""," ","1","0","0");
INSERT INTO menu VALUES("2","MTT2 - Cafe Sữa","30000","24000",""," ","1","0","0");
INSERT INTO menu VALUES("3","MTT3 - Bạc xĩu","30000","24000",""," ","1","0","0");
INSERT INTO menu VALUES("4","MTT4 - Lipton Chanh Đá","26000","21000",""," ","1","0","0");
INSERT INTO menu VALUES("5","MTT5 - Lipton Chanh Mật Ong","30000","24000",""," ","1","0","0");
INSERT INTO menu VALUES("6","NE1 - Cam ép","30000","24000",""," ","2","0","0");
INSERT INTO menu VALUES("7","NE2 - Táo ép","30000","24000",""," ","2","0","0");
INSERT INTO menu VALUES("8","NE3 - Bưởi ép","30000","24000",""," ","2","0","0");
INSERT INTO menu VALUES("9","NE4 - Ổi ép","30000","24000",""," ","2","0","0");
INSERT INTO menu VALUES("10","NE5 - Thơm ép","30000","24000",""," ","2","0","0");
INSERT INTO menu VALUES("11","NE6 - Cam & Cà rốt","35000","28000",""," ","2","","0");
INSERT INTO menu VALUES("12","NE7 - Cam & Dâu","35000","28000",""," ","2","0","0");
INSERT INTO menu VALUES("13","NE8 - Táo & Ổi","35000","28000",""," ","2","0","0");
INSERT INTO menu VALUES("14","ST1 - Bơ","40000","32000",""," ","3","0","0");
INSERT INTO menu VALUES("15","ST2 - 3D","35000","28000","Dâu, dứa, dừa"," ","3","0","0");
INSERT INTO menu VALUES("16","ST3 - Chuối","30000","24000",""," ","3","0","0");
INSERT INTO menu VALUES("17","ST4 - Dâu","40000","32000",""," ","3","0","0");
INSERT INTO menu VALUES("18","ST5 - Xoài ","30000","24000",""," ","3","0","0");
INSERT INTO menu VALUES("19","ST6 - Chanh Dây","30000","24000",""," ","3","","1");
INSERT INTO menu VALUES("20","ST7 - Kaffa","35000","28000","Cam, dâu, chuối"," ","3","0","0");
INSERT INTO menu VALUES("21","SD1 - First Kiss","32000","26000",""," ","4","0","0");
INSERT INTO menu VALUES("22","SD2 - Deep Blue Ocean","32000","26000",""," ","4","0","0");
INSERT INTO menu VALUES("23","SD3 - Blue Ocean","32000","26000",""," ","4","0","0");
INSERT INTO menu VALUES("24","SD4 - Beautiful Day","32000","26000",""," ","4","0","0");
INSERT INTO menu VALUES("25","SD5 - Lavender Field","32000","26000",""," ","4","","1");
INSERT INTO menu VALUES("26","SD6 - Maleficent","32000","26000",""," ","4","0","0");
INSERT INTO menu VALUES("27","SD7 - Summer Beach","32000","26000",""," ","4","0","0");
INSERT INTO menu VALUES("28","SD8 - Cold wind","32000","26000",""," ","4","0","0");
INSERT INTO menu VALUES("29","SD9 - Pina Colada","32000","26000",""," ","4","0","0");
INSERT INTO menu VALUES("30","SD10 - Special Soda","32000","26000",""," ","4","0","0");
INSERT INTO menu VALUES("31","IB1 - Frappuccino Hazenut","38000","32000",""," ","5","0","0");
INSERT INTO menu VALUES("32","IB2 - Mocha Frappuccino","38000","32000",""," ","5","0","0");
INSERT INTO menu VALUES("33","IB3 - Choco Jelly Cream","40000","32000",""," ","5","0","0");
INSERT INTO menu VALUES("34","IB4 - Green Tea Cream","38000","32000",""," ","5","0","0");
INSERT INTO menu VALUES("35","IB5 - Green Tea Jelly Cream","40000","34000",""," ","5","0","0");
INSERT INTO menu VALUES("36","IB6 - Cookie Vani Cream","38000","32000",""," ","5","0","0");
INSERT INTO menu VALUES("37","IB7 - Cookie Choco","38000","32000",""," ","5","0","0");
INSERT INTO menu VALUES("38","IB8 - Cookie Choco Mint","40000","34000",""," ","5","0","0");
INSERT INTO menu VALUES("39","MDB1 - Kaffa Fruit Dance Tea","42000","36000",""," ","6","0","0");
INSERT INTO menu VALUES("40","MDB2 - Fresh Peach Tea","38000","32000",""," ","6","0","0");
INSERT INTO menu VALUES("41","MDB3 - Japanese Milk Tea","38000","32000",""," ","6","0","0");
INSERT INTO menu VALUES("42","MDB4 - Kaffa MixFruit Yogurt","38000","32000",""," ","6","0","0");
INSERT INTO menu VALUES("43","TA1 - Cơm trưa văn phòng","35000","0",""," ","7","","0");
INSERT INTO menu VALUES("44","TA2 - Mì Ý đút lò","45000","0",""," ","7","","0");
INSERT INTO menu VALUES("45","TA3 - Mì Ý sốt bò bằm","40000","0",""," ","7","","0");
INSERT INTO menu VALUES("46","TA4 - Bò lúc lắc","45000","0",""," ","7","0","0");
INSERT INTO menu VALUES("47","TA5 - Cơm chiên Kaffa","35000","0",""," ","7","","0");
INSERT INTO menu VALUES("48","TA6 - Mì gói kim chi thịt bò","35000","0",""," ","7","","0");
INSERT INTO menu VALUES("49","TA7 - Mì Giò Heo","35000","0",""," ","7","","1");
INSERT INTO menu VALUES("50","TA8 - Bánh mì bơ tỏi","20000","0",""," ","7","","1");
INSERT INTO menu VALUES("51","Khăn lạnh","2000","0",""," ","8","","0");
INSERT INTO menu VALUES("52","TAVP - Cơm trưa văn phòng cho nhân viên","25000","25000",""," ","7","","0");
INSERT INTO menu VALUES("53","NE9 - Nước cam ép không đá","38000","38000",""," ","2","0","0");
INSERT INTO menu VALUES("54","TA9 - Bánh mì ốp la ","30000","0",""," ","7","0","0");
INSERT INTO menu VALUES("55","ST8 - Sinh tố Kiwi","30000","24000",""," ","3","0","0");
INSERT INTO menu VALUES("56","TA10 - Canh khổ qua","18000","0",""," ","7","","0");
INSERT INTO menu VALUES("57","Canh gà","30000","30000",""," ","7","0","1");
INSERT INTO menu VALUES("58","canh gà","30000","30000",""," ","1","0","1");
INSERT INTO menu VALUES("59","canh cá","25000","25000",""," ","1","0","1");
INSERT INTO menu VALUES("60","Ta Món mặn VP","25000","20000",""," ","7","0","1");
INSERT INTO menu VALUES("61","TA Thêm món mặn","25000","25000",""," ","7","0","1");
INSERT INTO menu VALUES("62","Món mặn thêm VP","25000","25000",""," ","7","0","1");
INSERT INTO menu VALUES("63","Thuốc lá Caraven","25000","25000",""," ","8","0","1");
INSERT INTO menu VALUES("64","Sữa nóng","30000","30000",""," ","8","0","1");
INSERT INTO menu VALUES("65","Sua nong","30000","30000",""," ","1","0","1");
INSERT INTO menu VALUES("66","Com van phong them","25000","25000",""," ","1","0","1");
INSERT INTO menu VALUES("67","Goi Caraven","25000","25000",""," ","1","0","1");
INSERT INTO menu VALUES("73","Ta11 - Bánh mì ốp-la xx","30000","30000",""," ","7","0","1");
INSERT INTO menu VALUES("74","ST11 -  3D","35000","35000",""," ","3","0","1");
INSERT INTO menu VALUES("75","ta13 - bánh mì ốp la - xx","30000","30000",""," ","7","0","1");
INSERT INTO menu VALUES("76","Bánh mì op-la xx","30000","30000",""," ","7","0","1");
INSERT INTO menu VALUES("77","NE10 - Cà Chua","30000","30000",""," ","7","0","1");
INSERT INTO menu VALUES("78","NE10 - Cà Chua","28000","28000",""," ","2","0","1");
INSERT INTO menu VALUES("79","TA12 - Mì gói nấu bò","32000","32000",""," ","1","0","1");
INSERT INTO menu VALUES("80","TA13 - Mì gói nấu bò ","30000","30000",""," ","7","0","1");
INSERT INTO menu VALUES("81","NE10 - Chanh dây","30000","24000",""," ","2","0","0");
INSERT INTO menu VALUES("82","MTT6 - Lipton Sữa Đá","30000","24000",""," ","1","","1");
INSERT INTO menu VALUES("83","IB9 - Cookie Choco Choco","38000","32000",""," ","5","0","0");
INSERT INTO menu VALUES("84","IB10 - Cookie Tropical","38000","32000",""," ","5","0","0");
INSERT INTO menu VALUES("85","IB11 -  Raspberry Yogurt","35000","29000",""," ","5","0","0");
INSERT INTO menu VALUES("86","IB12 - Peach Yogurt","35000","29000",""," ","5","0","0");
INSERT INTO menu VALUES("87","TA11 - Xôi Phúc Kiến","35000","0",""," ","7","","0");
INSERT INTO menu VALUES("88","TA12 - Mì gói xào bò","35000","0",""," ","7","","0");
INSERT INTO menu VALUES("89","TA13 - Bò kho","40000","0",""," ","7","","0");
INSERT INTO menu VALUES("90","TA14 - Rau câu","10000","10000",""," ","7","0","0");
INSERT INTO menu VALUES("91","TA15 - Yogurt Homemade & Mật ong","20000","0",""," ","7","0","0");
INSERT INTO menu VALUES("92","Viết Bi Hình Hoa","10000","10000",""," ","1","0","1");
INSERT INTO menu VALUES("93","TA15 - Nui xao bo","40000","40000",""," ","1","0","1");
INSERT INTO menu VALUES("94","TA16- Mi y xao bo","42000","42000",""," ","7","0","1");
INSERT INTO menu VALUES("95","TA15 - Mi y xao bo","42000","42000",""," ","7","0","1");
INSERT INTO menu VALUES("96","Viết hình hoa","10000","10000",""," ","8","0","1");
INSERT INTO menu VALUES("97","TA15 -My y xao bo","42000","42000",""," ","7","0","1");
INSERT INTO menu VALUES("98","Ta15 - My y xao bo","42000","42000",""," ","7","0","1");
INSERT INTO menu VALUES("99","Mi y","42000","42000",""," ","7","0","1");
INSERT INTO menu VALUES("100","TA15 - Mi y xao bo","42000","42000",""," ","7","0","1");
INSERT INTO menu VALUES("101","Ta15 - Mi y xao bo","42000","42000",""," ","7","0","1");
INSERT INTO menu VALUES("102","Mi xao","32000","32000",""," ","8","0","1");
INSERT INTO menu VALUES("103","Ta15 - My y xao bo","42000","42000",""," ","8","0","1");
INSERT INTO menu VALUES("104","NE15 - Chanh tươi","28000","28000",""," ","2","0","1");
INSERT INTO menu VALUES("105","TAVP - Cơm VP thêm","20000","20000",""," ","8","0","1");
INSERT INTO menu VALUES("106","NE Cà rốt","30","30",""," ","2","0","1");
INSERT INTO menu VALUES("107","NE Cà rốt","30000","30000",""," ","2","0","1");
INSERT INTO menu VALUES("108","Ta16 - Com VP ","15000","15000",""," ","7","0","1");
INSERT INTO menu VALUES("111","10","10","10",""," ","1","0","1");
INSERT INTO menu VALUES("117","Chanh tươi đá","28000","28000",""," ","2","0","1");
INSERT INTO menu VALUES("118","Sữa nóng","26000","26000",""," ","1","0","1");
INSERT INTO menu VALUES("119","Ta17 - Cơm Canh thêm","12000","12000",""," ","1","0","1");
INSERT INTO menu VALUES("120","NE11 - Chanh tươi đá","28000","28000",""," ","2","","0");
INSERT INTO menu VALUES("121","MTT6 - Sữa nóng","26000","26000",""," ","1","0","0");
INSERT INTO menu VALUES("122","Com them","5000","5000",""," ","8","0","1");
INSERT INTO menu VALUES("123","Nui sot bo bam","40000","40000",""," ","8","0","1");
INSERT INTO menu VALUES("124","Nui sot bo bam","40000","40000",""," ","8","0","1");
INSERT INTO menu VALUES("125","Dâu - Chuối","25000","25000",""," ","6","0","1");
INSERT INTO menu VALUES("126","Mỳ ý xúc xích","32000","32000",""," ","8","0","1");
INSERT INTO menu VALUES("127","DG-C1404","77000","77000","Ly sứ xanh đậm-350ml"," ","9","0","0");
INSERT INTO menu VALUES("128","RN - Rong Nho 100gram","30000","30000","Rong nho 30000 ngan "," ","8","0","0");
INSERT INTO menu VALUES("129","RN - Rong Nho 200gram","50000","50000","Rong nho 200gram = 50k"," ","8","0","0");
INSERT INTO menu VALUES("130","DG-B1403","72000","72000","Hủ sứ trắng có nắp"," ","9","","0");
INSERT INTO menu VALUES("131","DG-C1409","120000","120000","Ly sứ pastel xanh dương mờ-335ml"," ","9","0","0");
INSERT INTO menu VALUES("132","DG-AC1406","79000","79000","Ly sứ pastel hồng mờ-350ml"," ","9","","0");
INSERT INTO menu VALUES("133","DG-ECC004","84000","84000","Ly sứ nắp nhựa - 280ml"," ","9","","0");
INSERT INTO menu VALUES("134","DG-ECC001","95000","95000","Ly sứ nắp nhựa - 380ml"," ","9","","0");
INSERT INTO menu VALUES("135","lipton sữa đá","30000","30000",""," ","1","0","1");
INSERT INTO menu VALUES("136","Trái cây dĩa","40000","40000",""," ","1","0","1");
INSERT INTO menu VALUES("137","Bò lúc lắc cơ bản","40000","40000",""," ","7","0","1");
INSERT INTO menu VALUES("138","Trung ga","5000","5000",""," ","8","0","1");
INSERT INTO menu VALUES("139","LN-001","30000","30000","Kẹp gỗ"," ","10","","0");
INSERT INTO menu VALUES("140","LN-002","25000","25000","Ma gỗ"," ","10","0","0");
INSERT INTO menu VALUES("141","LN-003","8000","8000","Túi quà nhỏ"," ","10","","0");
INSERT INTO menu VALUES("142","LN-004","25000","25000","Thú Noel thủy tinh"," ","10","0","0");
INSERT INTO menu VALUES("143","LN-005","25000","25000","Móc khóa Noel"," ","10","","0");
INSERT INTO menu VALUES("144","LN-006","25000","25000","Móc khóa quần"," ","10","","0");
INSERT INTO menu VALUES("145","LN-007","25000","25000","Lắc tay"," ","10","","0");
INSERT INTO menu VALUES("146","LN-008","25000","25000","Móc khóa ba lô dù"," ","10","","0");
INSERT INTO menu VALUES("147","LN-009","25000","25000","Móc khóa nón"," ","10","","0");
INSERT INTO menu VALUES("148","LN-010","50000","50000","Bóp kẽm"," ","10","","0");
INSERT INTO menu VALUES("149","LN-011","85000","85000","Đèn dầu"," ","10","0","0");
INSERT INTO menu VALUES("150","LN-012","60000","60000","Đèn sáp"," ","10","","0");
INSERT INTO menu VALUES("151","LN-013","50000","50000","Hộp thiếc lớn"," ","10","0","0");
INSERT INTO menu VALUES("152","LN-014","25000","25000","Hộp két săt"," ","10","","0");
INSERT INTO menu VALUES("153","LN-015","75000","75000","Hộp gỗ"," ","10","","0");
INSERT INTO menu VALUES("154","LN-016","30000","30000","Cắm bút gỗ"," ","10","","0");
INSERT INTO menu VALUES("155","LN-017","10000","10000","Bút hoa"," ","10","0","0");
INSERT INTO menu VALUES("156","LN - 019","40000","40000","Sao thuy tinh nho co den"," ","10","","0");
INSERT INTO menu VALUES("157","Viet Hoa","10000","10000",""," ","8","0","1");
INSERT INTO menu VALUES("158","Viet Hoa","10000","10000",""," ","1","0","1");
INSERT INTO menu VALUES("159","LN - 018","50000","50000","Hu thuy tinh hinh sao loai lon"," ","10","","0");
INSERT INTO menu VALUES("160","Voucher Hoa đất sét","95000","95000",""," ","8","0","1");
INSERT INTO menu VALUES("161","Cookie trà xanh","40000","40000",""," ","5","0","1");
INSERT INTO menu VALUES("162","Rong nho 100g","30000","30000",""," ","8","0","1");
INSERT INTO menu VALUES("163","Rong dây 200g","40000","40000",""," ","1","0","1");
INSERT INTO menu VALUES("164","Trái cây dĩa","40000","40000",""," ","1","0","1");
INSERT INTO menu VALUES("165","Nuoc ngot 7up","20000","20000",""," ","1","0","1");
INSERT INTO menu VALUES("166","Cơm thêm","5000","5000",""," ","8","0","1");
INSERT INTO menu VALUES("167","Trứng ốp la","8000","8000",""," ","1","0","1");
INSERT INTO menu VALUES("168","Trứng Ốp la","0","0",""," ","1","0","1");
INSERT INTO menu VALUES("169","Chanh nóng","26000","26000",""," ","2","0","1");
INSERT INTO menu VALUES("170","Yougour","26000","26000",""," ","6","0","1");
INSERT INTO menu VALUES("171","CP-Cơm phần 4 người","175000","175000","Cơm phần 4 người"," ","1","0","0");
INSERT INTO menu VALUES("172","Yogourt","26000","26000",""," ","6","0","1");
INSERT INTO menu VALUES("173","TA16 - Yogurt đá","26000","26000",""," ","7","0","0");
INSERT INTO menu VALUES("174","NE12 - Chanh nóng","26000","26000",""," ","2","","0");
INSERT INTO menu VALUES("175","Com Them","5000","5000",""," ","1","0","1");
INSERT INTO menu VALUES("176","Com VP ","0","0",""," ","1","0","1");
INSERT INTO menu VALUES("177","Com VP ","20000","20000",""," ","1","0","1");
INSERT INTO menu VALUES("178","Op-la ","7000","7000",""," ","1","0","1");
INSERT INTO menu VALUES("179","Com them","5000","5000",""," ","1","0","1");
INSERT INTO menu VALUES("180","Viết Hoa","10000","10000",""," ","8","0","1");
INSERT INTO menu VALUES("181","Op-La ( 2 trứng )","15000","15000",""," ","1","0","1");
INSERT INTO menu VALUES("182","Ly nhỏ","20000","20000",""," ","1","0","1");
INSERT INTO menu VALUES("183","Ly nhỏ","20000","20000",""," ","1","0","1");
INSERT INTO menu VALUES("184","Ly nhỏ","20000","20000",""," ","1","0","1");
INSERT INTO menu VALUES("185","Gốm ( 38 cái )","500000","500000",""," ","1","0","1");
INSERT INTO menu VALUES("186","LGN1 - Ly gom Nhat nho","20000","20000",""," ","9","0","0");
INSERT INTO menu VALUES("187","LGN2 - Ly gom Nhat lon","25000","25000",""," ","9","","0");
INSERT INTO menu VALUES("188","","0","0",""," ","1","0","1");
INSERT INTO menu VALUES("189","Sữa tươi đá","28000","28000",""," ","1","0","1");
INSERT INTO menu VALUES("190","Ly nhỏ","20000","20000",""," ","9","0","1");
INSERT INTO menu VALUES("191","Sữa tươi cafe","30000","30000",""," ","1","0","1");
INSERT INTO menu VALUES("192","Bánh mì","5000","5000",""," ","1","0","1");
INSERT INTO menu VALUES("193","Cơm thêm","5000","5000",""," ","1","0","1");
INSERT INTO menu VALUES("194","opla them","7000","7000",""," ","1","0","1");
INSERT INTO menu VALUES("195","Mi Y xao bo","42000","42000",""," ","1","0","1");
INSERT INTO menu VALUES("196","Mì ý xào bò","40000","40000",""," ","1","0","1");
INSERT INTO menu VALUES("197","opla","7000","7000",""," ","1","0","1");
INSERT INTO menu VALUES("198","sua chua","10000","10000",""," ","1","0","1");
INSERT INTO menu VALUES("199","Binh Gom 4 mau","40000","40000",""," ","1","0","1");
INSERT INTO menu VALUES("200","Sua chua tra xanh","10000","10000",""," ","1","0","1");
INSERT INTO menu VALUES("201","Sua chua tra xanh","10000","10000",""," ","1","0","1");
INSERT INTO menu VALUES("202","Siro Dau Chuoi","29000","29000",""," ","1","0","1");
INSERT INTO menu VALUES("203","Thach green-coffee","20000","20000",""," ","1","0","1");
INSERT INTO menu VALUES("204","Sua Chua da","18000","18000",""," ","1","0","1");
INSERT INTO menu VALUES("205","Com chien toi","30000","30000",""," ","1","0","1");
INSERT INTO menu VALUES("206","sua chua tra xanh","12000","12000",""," ","1","0","1");
INSERT INTO menu VALUES("207","Blue Passion Ocean","32000","32000",""," ","1","0","1");
INSERT INTO menu VALUES("208","Mi gói","15000","15000",""," ","1","0","1");
INSERT INTO menu VALUES("209","sua chua ","10000","10000",""," ","1","0","1");
INSERT INTO menu VALUES("210","Phụ thu","10000","10000",""," ","1","0","1");
INSERT INTO menu VALUES("211","Blue Passion Ocean","35000","35000",""," ","1","0","1");
INSERT INTO menu VALUES("212","phụ thu","15000","15000",""," ","1","0","1");
INSERT INTO menu VALUES("213","NE20 - Blue passion ocean","35000","35000",""," ","1","0","1");
INSERT INTO menu VALUES("214","TT20- Sua chua","12000","12000",""," ","1","0","1");
INSERT INTO menu VALUES("215","TT21-  Phụ thu 2","15000","15000",""," ","1","0","1");
INSERT INTO menu VALUES("216","Cacao nóng","26000","26000",""," ","1","0","1");
INSERT INTO menu VALUES("217","com them","5000","5000",""," ","1","0","1");
INSERT INTO menu VALUES("218","NE11 - Water melon","32000","32000",""," ","1","0","1");
INSERT INTO menu VALUES("219","Trái cây dĩa","45000","45000",""," ","8","0","1");
INSERT INTO menu VALUES("220","Hoa thom set","120000","120000",""," ","10","0","1");
INSERT INTO menu VALUES("221","Cơm thêm - 3 phần","15000","15000",""," ","1","0","1");
INSERT INTO menu VALUES("222","Sua chua tra xanh","12000","12000",""," ","1","0","1");
INSERT INTO menu VALUES("223","Soda chanh","16000","16000",""," ","1","0","1");
INSERT INTO menu VALUES("224","Com thêm","5000","5000",""," ","1","0","1");
INSERT INTO menu VALUES("225","CT - Cơm thêm","5000","5000","Cơm thêm"," ","8","0","0");
INSERT INTO menu VALUES("226","Yogurt Hand Made","12000","10000","Yogurt Hand Made"," ","8","0","0");
INSERT INTO menu VALUES("227","Xào thêm","5000","5000",""," ","1","0","1");
INSERT INTO menu VALUES("228","Sua chua","10000","10000",""," ","1","0","1");
INSERT INTO menu VALUES("229","Trứng ốp la","5000","5000",""," ","1","0","1");
INSERT INTO menu VALUES("230","Cam mật ong","38000","38000",""," ","1","0","1");
INSERT INTO menu VALUES("231","Cam mật ong","38000","38000",""," ","1","0","1");
INSERT INTO menu VALUES("232","Lạp xưởng thêm","15000","15000",""," ","1","0","1");
INSERT INTO menu VALUES("233","Lạp xưởng thêm","10000","10000",""," ","1","0","1");
INSERT INTO menu VALUES("234","Cacao nóng","26000","26000",""," ","8","0","1");
INSERT INTO menu VALUES("235","Ly gốm","10000","10000",""," ","10","0","1");
INSERT INTO menu VALUES("236","7-Up","20000","20000",""," ","1","0","1");
INSERT INTO menu VALUES("237","Canh kho qua","20000","20000",""," ","1","0","1");
INSERT INTO menu VALUES("238","Guava and Water lemon","28000","28000",""," ","1","0","1");
INSERT INTO menu VALUES("239","Rau cau trai cay","10000","10000",""," ","1","0","1");
INSERT INTO menu VALUES("240","NE10 - Cà-rốt","30000","30000",""," ","1","0","1");
INSERT INTO menu VALUES("241","Rau cau trái cây","10000","10000",""," ","1","0","1");
INSERT INTO menu VALUES("242","rau cau","10000","10000",""," ","1","0","1");
INSERT INTO menu VALUES("243","Com thêm","5000","5000",""," ","1","0","1");
INSERT INTO menu VALUES("244","Rau cau","10000","10000",""," ","1","0","1");
INSERT INTO menu VALUES("245","com them","5000","5000",""," ","1","0","1");
INSERT INTO menu VALUES("246","Trái cây dĩa  (lớn)","40000","40000","táo, dâu, ổi,thơm"," ","1","0","0");
INSERT INTO menu VALUES("247","Trái cây dĩa  (nhỏ)","30000","30000",""," ","1","0","0");
INSERT INTO menu VALUES("248","Đá chanh","26000","26000",""," ","8","0","1");
INSERT INTO menu VALUES("249","Cơm thêm","5000","5000",""," ","1","0","1");
INSERT INTO menu VALUES("250","Cam mật ong","38000","38000",""," ","1","0","1");
INSERT INTO menu VALUES("251","Cam mật ong","38000","38000",""," ","1","0","1");
INSERT INTO menu VALUES("252","Kem thêm","5000","5000",""," ","8","0","1");
INSERT INTO menu VALUES("253","Ca cao nóng","30000","30000",""," ","1","0","1");
INSERT INTO menu VALUES("254","Mứt Việt quất","3000","3000",""," ","1","0","1");
INSERT INTO menu VALUES("255","Mứt việt quất","3000","3000",""," ","1","0","1");
INSERT INTO menu VALUES("256","NE12 - Cam & mật ong","38000","38000",""," ","1","0","1");
INSERT INTO menu VALUES("257","Kem them","8000","8000",""," ","1","0","1");
INSERT INTO menu VALUES("258","TA20 - Extra Lunch","20000","20000",""," ","1","0","1");
INSERT INTO menu VALUES("259","NE20 - Cam mật ong","38000","38000",""," ","1","0","1");
INSERT INTO menu VALUES("260","NE20 - Thơm trái","32000","32000",""," ","1","0","1");
INSERT INTO menu VALUES("261","Fanta chai","20000","20000",""," ","8","0","1");
INSERT INTO menu VALUES("262","Fanta chai","20000","20000",""," ","1","0","1");
INSERT INTO menu VALUES("263","Cacao nóng","26000","26000",""," ","1","0","1");



DROP TABLE menu_combo;

CREATE TABLE `menu_combo` (
  `id` int(11) NOT NULL AUTO_INCREMENT,
  `menu_parent_id` int(11) NOT NULL,
  `menu_child_id` int(11) NOT NULL,
  `menu_quantity` int(11) NOT NULL,
  `isdelete` int(11) NOT NULL,
  PRIMARY KEY (`id`)
) ENGINE=InnoDB DEFAULT CHARSET=utf8 COLLATE=utf8_unicode_ci;




DROP TABLE menu_item;

CREATE TABLE `menu_item` (
  `id` int(5) NOT NULL AUTO_INCREMENT,
  `menu_store_id` int(5) NOT NULL,
  `menu_id` int(5) NOT NULL,
  `quantity` double NOT NULL,
  `unit` varchar(255) COLLATE utf8_unicode_ci NOT NULL,
  PRIMARY KEY (`id`)
) ENGINE=InnoDB AUTO_INCREMENT=399 DEFAULT CHARSET=utf8 COLLATE=utf8_unicode_ci;

INSERT INTO menu_item VALUES("39","40","81","2","Trai");
INSERT INTO menu_item VALUES("40","7","55","40","ML");
INSERT INTO menu_item VALUES("41","12","55","20","ML");
INSERT INTO menu_item VALUES("42","21","55","20","ML");
INSERT INTO menu_item VALUES("43","46","55","10","ML");
INSERT INTO menu_item VALUES("44","30","53","2","Trai");
INSERT INTO menu_item VALUES("47","20","41","20","G");
INSERT INTO menu_item VALUES("48","51","40","1","Goi");
INSERT INTO menu_item VALUES("49","14","40","30","ML");
INSERT INTO menu_item VALUES("71","47","16","1","Trai");
INSERT INTO menu_item VALUES("72","46","16","40","ML");
INSERT INTO menu_item VALUES("73","21","16","30","ML");
INSERT INTO menu_item VALUES("74","35","18","0.5","Trai");
INSERT INTO menu_item VALUES("75","21","18","30","ML");
INSERT INTO menu_item VALUES("76","46","18","35","ML");
INSERT INTO menu_item VALUES("80","18","21","25","ML");
INSERT INTO menu_item VALUES("81","3","21","5","ML");
INSERT INTO menu_item VALUES("82","52","21","150","ML");
INSERT INTO menu_item VALUES("83","43","21","22.5","ML");
INSERT INTO menu_item VALUES("84","44","21","22.5","ML");
INSERT INTO menu_item VALUES("98","11","28","20","ML");
INSERT INTO menu_item VALUES("99","19","28","5","ML");
INSERT INTO menu_item VALUES("100","10","28","5","ML");
INSERT INTO menu_item VALUES("101","52","28","150","ML");
INSERT INTO menu_item VALUES("102","44","28","22.5","ML");
INSERT INTO menu_item VALUES("103","43","28","22.5","ML");
INSERT INTO menu_item VALUES("108","6","29","30","ML");
INSERT INTO menu_item VALUES("109","52","29","150","ML");
INSERT INTO menu_item VALUES("110","44","29","22.5","ML");
INSERT INTO menu_item VALUES("111","43","29","22.5","ML");
INSERT INTO menu_item VALUES("112","5","30","30","ML");
INSERT INTO menu_item VALUES("113","4","30","30","ML");
INSERT INTO menu_item VALUES("114","18","30","30","ML");
INSERT INTO menu_item VALUES("115","43","30","22.5","ML");
INSERT INTO menu_item VALUES("116","44","30","22.5","ML");
INSERT INTO menu_item VALUES("117","52","30","150","ML");
INSERT INTO menu_item VALUES("135","21","32","20","ML");
INSERT INTO menu_item VALUES("136","23","32","20","G");
INSERT INTO menu_item VALUES("137","25","32","20","G");
INSERT INTO menu_item VALUES("138","39","32","30","G");
INSERT INTO menu_item VALUES("139","54","32","8","Cai");
INSERT INTO menu_item VALUES("140","43","32","22.5","ML");
INSERT INTO menu_item VALUES("141","44","32","22.5","ML");
INSERT INTO menu_item VALUES("142","25","33","20","G");
INSERT INTO menu_item VALUES("143","23","33","20","G");
INSERT INTO menu_item VALUES("144","46","33","40","ML");
INSERT INTO menu_item VALUES("145","21","33","30","ML");
INSERT INTO menu_item VALUES("146","54","33","8","Cai");
INSERT INTO menu_item VALUES("147","43","33","22.5","ML");
INSERT INTO menu_item VALUES("148","44","33","22.5","ML");
INSERT INTO menu_item VALUES("149","45","36","2","Cai");
INSERT INTO menu_item VALUES("150","46","36","60","ML");
INSERT INTO menu_item VALUES("151","21","36","10","ML");
INSERT INTO menu_item VALUES("152","25","36","20","G");
INSERT INTO menu_item VALUES("153","43","36","22.5","ML");
INSERT INTO menu_item VALUES("154","44","36","22.5","ML");
INSERT INTO menu_item VALUES("171","36","26","15","ML");
INSERT INTO menu_item VALUES("172","15","26","15","ML");
INSERT INTO menu_item VALUES("173","52","26","150","ML");
INSERT INTO menu_item VALUES("174","43","26","22.5","ML");
INSERT INTO menu_item VALUES("175","44","26","22.5","ML");
INSERT INTO menu_item VALUES("176","18","24","10","ML");
INSERT INTO menu_item VALUES("177","37","24","20","ML");
INSERT INTO menu_item VALUES("178","52","24","150","ML");
INSERT INTO menu_item VALUES("179","43","24","22.5","ML");
INSERT INTO menu_item VALUES("180","44","24","22.5","ML");
INSERT INTO menu_item VALUES("181","8","23","30","ML");
INSERT INTO menu_item VALUES("182","52","23","150","ML");
INSERT INTO menu_item VALUES("183","43","23","22.5","ML");
INSERT INTO menu_item VALUES("184","44","23","22.5","ML");
INSERT INTO menu_item VALUES("185","8","22","20","ML");
INSERT INTO menu_item VALUES("186","3","22","5","ML");
INSERT INTO menu_item VALUES("187","5","22","5","ML");
INSERT INTO menu_item VALUES("188","52","22","150","ML");
INSERT INTO menu_item VALUES("189","43","22","22.5","ML");
INSERT INTO menu_item VALUES("190","44","22","22.5","ML");
INSERT INTO menu_item VALUES("191","30","20","0.5","Trai");
INSERT INTO menu_item VALUES("192","53","20","3","Trai");
INSERT INTO menu_item VALUES("193","47","20","0.5","Trai");
INSERT INTO menu_item VALUES("194","21","20","20","ML");
INSERT INTO menu_item VALUES("195","46","20","30","ML");
INSERT INTO menu_item VALUES("196","53","17","6","Trai");
INSERT INTO menu_item VALUES("197","46","17","30","ML");
INSERT INTO menu_item VALUES("198","21","17","20","ML");
INSERT INTO menu_item VALUES("199","18","17","15","ML");
INSERT INTO menu_item VALUES("200","53","15","3","Trai");
INSERT INTO menu_item VALUES("201","34","15","0.125","Trai");
INSERT INTO menu_item VALUES("202","3","15","15","ML");
INSERT INTO menu_item VALUES("203","21","15","30","ML");
INSERT INTO menu_item VALUES("204","31","13","0.5","Trai");
INSERT INTO menu_item VALUES("205","33","13","0.5","Trai");
INSERT INTO menu_item VALUES("206","30","12","1","Trai");
INSERT INTO menu_item VALUES("207","53","12","4","Trai");
INSERT INTO menu_item VALUES("208","18","12","15","ML");
INSERT INTO menu_item VALUES("209","34","10","0.5","Trai");
INSERT INTO menu_item VALUES("210","33","9","1","Trai");
INSERT INTO menu_item VALUES("211","32","8","1","Trai");
INSERT INTO menu_item VALUES("212","31","7","1","Trai");
INSERT INTO menu_item VALUES("213","30","6","2","Trai");
INSERT INTO menu_item VALUES("218","29","5","1","Goi");
INSERT INTO menu_item VALUES("219","28","5","2","Goi");
INSERT INTO menu_item VALUES("220","27","5","10","ML");
INSERT INTO menu_item VALUES("221","29","4","1","Goi");
INSERT INTO menu_item VALUES("222","28","4","2","Goi");
INSERT INTO menu_item VALUES("226","21","3","20","ML");
INSERT INTO menu_item VALUES("227","46","3","50","ML");
INSERT INTO menu_item VALUES("228","39","3","20","G");
INSERT INTO menu_item VALUES("229","21","2","20","ML");
INSERT INTO menu_item VALUES("230","39","2","30","G");
INSERT INTO menu_item VALUES("231","39","1","30","G");
INSERT INTO menu_item VALUES("232","21","121","50","ML");
INSERT INTO menu_item VALUES("257","34","39","0.125","Trai");
INSERT INTO menu_item VALUES("258","31","39","0.125","Trai");
INSERT INTO menu_item VALUES("259","33","39","0.125","Trai");
INSERT INTO menu_item VALUES("260","49","39","1","KG");
INSERT INTO menu_item VALUES("261","37","39","15","ML");
INSERT INTO menu_item VALUES("262","53","39","2","Trai");
INSERT INTO menu_item VALUES("269","53","42","3","Trai");
INSERT INTO menu_item VALUES("270","34","42","0.125","Trai");
INSERT INTO menu_item VALUES("271","35","42","0.167","Trai");
INSERT INTO menu_item VALUES("272","42","42","0.5","Hu");
INSERT INTO menu_item VALUES("300","45","84","2","Cai");
INSERT INTO menu_item VALUES("301","21","84","10","ML");
INSERT INTO menu_item VALUES("302","46","84","60","ML");
INSERT INTO menu_item VALUES("303","25","84","20","G");
INSERT INTO menu_item VALUES("304","44","84","22.5","ML");
INSERT INTO menu_item VALUES("305","43","84","22.5","ML");
INSERT INTO menu_item VALUES("306","13","84","15","ML");
INSERT INTO menu_item VALUES("312","45","83","2","Cai");
INSERT INTO menu_item VALUES("313","23","83","20","G");
INSERT INTO menu_item VALUES("314","21","83","10","ML");
INSERT INTO menu_item VALUES("315","46","83","40","ML");
INSERT INTO menu_item VALUES("316","25","83","20","G");
INSERT INTO menu_item VALUES("317","17","83","5","G");
INSERT INTO menu_item VALUES("318","43","83","22.5","ML");
INSERT INTO menu_item VALUES("319","44","83","22.5","ML");
INSERT INTO menu_item VALUES("320","3","83","15","ML");
INSERT INTO menu_item VALUES("330","45","37","2","Cai");
INSERT INTO menu_item VALUES("331","23","37","20","G");
INSERT INTO menu_item VALUES("332","25","37","20","G");
INSERT INTO menu_item VALUES("333","21","37","10","ML");
INSERT INTO menu_item VALUES("334","46","37","40","ML");
INSERT INTO menu_item VALUES("335","17","37","5","G");
INSERT INTO menu_item VALUES("336","43","37","22.5","ML");
INSERT INTO menu_item VALUES("337","44","37","22.5","ML");
INSERT INTO menu_item VALUES("338","45","38","2","Cai");
INSERT INTO menu_item VALUES("339","23","38","20","G");
INSERT INTO menu_item VALUES("340","21","38","10","ML");
INSERT INTO menu_item VALUES("341","46","38","40","ML");
INSERT INTO menu_item VALUES("342","25","38","20","G");
INSERT INTO menu_item VALUES("343","17","38","5","G");
INSERT INTO menu_item VALUES("344","43","38","22.5","ML");
INSERT INTO menu_item VALUES("345","44","38","22.5","ML");
INSERT INTO menu_item VALUES("346","19","38","15","ML");
INSERT INTO menu_item VALUES("357","13","27","20","ML");
INSERT INTO menu_item VALUES("358","40","27","0.5","Trai");
INSERT INTO menu_item VALUES("359","52","27","150","ML");
INSERT INTO menu_item VALUES("360","44","27","22.5","ML");
INSERT INTO menu_item VALUES("361","43","27","22.5","ML");
INSERT INTO menu_item VALUES("362","21","31","10","ML");
INSERT INTO menu_item VALUES("363","2","31","15","ML");
INSERT INTO menu_item VALUES("364","25","31","20","G");
INSERT INTO menu_item VALUES("365","39","31","8","G");
INSERT INTO menu_item VALUES("366","44","31","22.5","ML");
INSERT INTO menu_item VALUES("367","43","31","22.5","ML");
INSERT INTO menu_item VALUES("368","54","31","8","Cai");
INSERT INTO menu_item VALUES("369","27","91","20","ML");
INSERT INTO menu_item VALUES("370","42","91","1","Hu");
INSERT INTO menu_item VALUES("371","42","86","1","Hu");
INSERT INTO menu_item VALUES("372","14","86","30","ML");
INSERT INTO menu_item VALUES("373","21","86","30","ML");
INSERT INTO menu_item VALUES("374","44","86","22.5","ML");
INSERT INTO menu_item VALUES("375","43","86","22.5","ML");
INSERT INTO menu_item VALUES("377","42","173","1","Hu");
INSERT INTO menu_item VALUES("378","46","35","50","ML");
INSERT INTO menu_item VALUES("379","22","35","12","G");
INSERT INTO menu_item VALUES("380","56","35","10","G");
INSERT INTO menu_item VALUES("381","21","35","30","ML");
INSERT INTO menu_item VALUES("382","43","35","22.5","ML");
INSERT INTO menu_item VALUES("383","44","35","22.5","ML");
INSERT INTO menu_item VALUES("384","0","35","0","");
INSERT INTO menu_item VALUES("385","60","226","1","Hu");
INSERT INTO menu_item VALUES("386","42","85","1","Hu");
INSERT INTO menu_item VALUES("387","38","85","30","ML");
INSERT INTO menu_item VALUES("388","21","85","30","ML");
INSERT INTO menu_item VALUES("389","43","85","22.5","ML");
INSERT INTO menu_item VALUES("390","44","85","22.5","ML");
INSERT INTO menu_item VALUES("391","22","34","15","G");
INSERT INTO menu_item VALUES("392","56","34","5","G");
INSERT INTO menu_item VALUES("393","46","34","40","ML");
INSERT INTO menu_item VALUES("394","21","34","30","ML");
INSERT INTO menu_item VALUES("395","43","34","22.5","ML");
INSERT INTO menu_item VALUES("396","44","34","22.5","ML");
INSERT INTO menu_item VALUES("397","64","90","1","Hu");
INSERT INTO menu_item VALUES("398","65","155","1","Cai");



DROP TABLE menu_store;

CREATE TABLE `menu_store` (
  `id` int(5) NOT NULL AUTO_INCREMENT,
  `name` varchar(255) COLLATE utf8_unicode_ci NOT NULL,
  `isdelete` int(11) NOT NULL,
  `unit` varchar(255) COLLATE utf8_unicode_ci NOT NULL,
  `des` varchar(255) COLLATE utf8_unicode_ci NOT NULL,
  `out_of_stock` double DEFAULT NULL,
  `cost` double NOT NULL,
  `supplier` int(11) NOT NULL,
  `supply_item` int(11) NOT NULL,
  PRIMARY KEY (`id`),
  UNIQUE KEY `name` (`name`)
) ENGINE=InnoDB AUTO_INCREMENT=66 DEFAULT CHARSET=utf8 COLLATE=utf8_unicode_ci;

INSERT INTO menu_store VALUES("1","Gạo","1","kg","","2","0","0","0");
INSERT INTO menu_store VALUES("2","Syrup Hazennut","0","ML","","0","0","0","30");
INSERT INTO menu_store VALUES("3","Syrup coconut","0","ML","","0","0","0","19");
INSERT INTO menu_store VALUES("4","Syrup Raspberry","0","ML","","0","0","0","20");
INSERT INTO menu_store VALUES("5","Syrup Green mint","0","ML","","0","0","0","21");
INSERT INTO menu_store VALUES("6","Syrup Colada","0","ML","","0","0","0","22");
INSERT INTO menu_store VALUES("7","Mứt Kiwi","0","ML","","0","0","0","67");
INSERT INTO menu_store VALUES("8","Syrup Le \"Blue\"","0","ML","","0","0","0","24");
INSERT INTO menu_store VALUES("9","Syrup Strawberry","0","ML","","0","0","0","25");
INSERT INTO menu_store VALUES("10","Syrup Mojito","0","ML","","0","0","0","27");
INSERT INTO menu_store VALUES("11","Syrup green apple","0","ML","","0","0","0","28");
INSERT INTO menu_store VALUES("12","Syrup dưa lưới","0","ML","","0","0","0","29");
INSERT INTO menu_store VALUES("13","Mứt dứa-xoài","0","ML","","0","0","0","31");
INSERT INTO menu_store VALUES("14","Mứt đào","0","ML","","0","0","0","33");
INSERT INTO menu_store VALUES("15","Mứt nho đen","0","ML","","0","0","0","39");
INSERT INTO menu_store VALUES("16","Mứt chanh dây","0","ML","","0","0","0","35");
INSERT INTO menu_store VALUES("17","Syrup socola flavor","0","ML","","0","0","0","40");
INSERT INTO menu_store VALUES("18","Syrup dâu","0","ML","","0","0","0","46");
INSERT INTO menu_store VALUES("19","Syrup bạc hà","0","ML","","0","0","0","48");
INSERT INTO menu_store VALUES("20","Bột trà xanh Nhật Bản","0","G","","0","0","0","7");
INSERT INTO menu_store VALUES("21","Sữa đặc","0","ML","","0","0","0","9");
INSERT INTO menu_store VALUES("22","Bột trà xanh","0","G","","0","0","0","10");
INSERT INTO menu_store VALUES("23","Bột ca cao","0","G","","0","0","0","11");
INSERT INTO menu_store VALUES("24","Đường","0","KG","","0","0","0","12");
INSERT INTO menu_store VALUES("25","Bột kem béo","0","G","","0","0","0","13");
INSERT INTO menu_store VALUES("26","Soda","1","ML","","660","44000","4","18");
INSERT INTO menu_store VALUES("27","Mật ong","0","ML","","0","0","0","61");
INSERT INTO menu_store VALUES("28","Đường que","0","Goi","","0","0","0","4");
INSERT INTO menu_store VALUES("29","Trà lipton","0","Goi","","0","0","0","1");
INSERT INTO menu_store VALUES("30","Cam","0","Trai","","0","0","0","52");
INSERT INTO menu_store VALUES("31","Táo","0","Trai","","0","0","0","51");
INSERT INTO menu_store VALUES("32","Bưởi","0","Trai","","0","0","0","53");
INSERT INTO menu_store VALUES("33","Ôỉ","0","Trai","","0","0","0","54");
INSERT INTO menu_store VALUES("34","Thơm","0","Trai","","0","0","0","55");
INSERT INTO menu_store VALUES("35","Xoài","0","Trai","","0","0","0","59");
INSERT INTO menu_store VALUES("36","Syrup Bluberry","0","ML","","0","0","0","1");
INSERT INTO menu_store VALUES("37","Syrup Waterlemon","0","ML","","0","0","0","23");
INSERT INTO menu_store VALUES("38","Mứt Phúc bồn tử","0","ML","","0","0","0","37");
INSERT INTO menu_store VALUES("39","Cà phê","0","G","","0","0","0","8");
INSERT INTO menu_store VALUES("40","Chanh dây","0","Trai","","0","0","0","56");
INSERT INTO menu_store VALUES("41","Cà rốt","0","Trai","","0","0","0","57");
INSERT INTO menu_store VALUES("42","Yogurt Vinamilk","0","Hu","","0","0","0","77");
INSERT INTO menu_store VALUES("43","Base topping","0","ML","","0","0","0","76");
INSERT INTO menu_store VALUES("44","Kem béo Rich","0","ML","","0","0","0","75");
INSERT INTO menu_store VALUES("45","Bánh Cookie","0","Cai","","0","0","0","74");
INSERT INTO menu_store VALUES("46","Sữa tươi","0","L","","0","0","0","78");
INSERT INTO menu_store VALUES("47","Chuối","1","Trai","","0","0","0","60");
INSERT INTO menu_store VALUES("48","Cosy- Hồng Trà","0","Goi","","0","0","0","70");
INSERT INTO menu_store VALUES("49","Cosy - Dâu","0","Goi","","0","0","0","71");
INSERT INTO menu_store VALUES("50","Cosy - Bạc Hà","0","Goi","","0","0","0","72");
INSERT INTO menu_store VALUES("51","Cosy - Đào","0","Goi","","0","0","0","73");
INSERT INTO menu_store VALUES("52","7up","0","ML","","0","0","0","80");
INSERT INTO menu_store VALUES("53","Dâu","0","Trai","","0","0","0","1");
INSERT INTO menu_store VALUES("54","Thạch cà phê","0","Cai","","0","0","0","82");
INSERT INTO menu_store VALUES("55","Thạch trà xanh","0","Cai","","0","0","0","81");
INSERT INTO menu_store VALUES("56","Trà xanh nguyên chất","0","G","","0","0","0","84");
INSERT INTO menu_store VALUES("57"," Chuối","0","Trai","","0","0","0","60");
INSERT INTO menu_store VALUES("58","test","1","KG","","10","0","0","1");
INSERT INTO menu_store VALUES("59","Mứt việt quất","0","ML","","0","0","0","36");
INSERT INTO menu_store VALUES("60","Yogurt hủ thủy tinh","0","Hu","","0","0","0","87");
INSERT INTO menu_store VALUES("61","Choco chip","0","G","","0","0","0","86");
INSERT INTO menu_store VALUES("62","new test by Trí","1","KG","","10","0","0","1");
INSERT INTO menu_store VALUES("63","gas bình xịt","0","Cai","","0","0","0","85");
INSERT INTO menu_store VALUES("64","Rau câu","0","Hu","","0","0","0","88");
INSERT INTO menu_store VALUES("65","Bút hoa","0","Cai","","0","0","0","89");



DROP TABLE menu_store_main;

CREATE TABLE `menu_store_main` (
  `id` int(11) NOT NULL AUTO_INCREMENT,
  `cost` double NOT NULL,
  `isdelete` int(11) NOT NULL,
  `name` varchar(500) COLLATE utf8_unicode_ci NOT NULL,
  `out_of_stock` double NOT NULL,
  `supplier` int(11) NOT NULL,
  `supply_item` int(11) NOT NULL,
  `unit` longtext COLLATE utf8_unicode_ci NOT NULL,
  `des` longtext COLLATE utf8_unicode_ci NOT NULL,
  PRIMARY KEY (`id`),
  KEY `name` (`name`(255))
) ENGINE=InnoDB AUTO_INCREMENT=72 DEFAULT CHARSET=utf8 COLLATE=utf8_unicode_ci;

INSERT INTO menu_store_main VALUES("1","0","1","Gạo","2","0","0","kg","");
INSERT INTO menu_store_main VALUES("4","150000","0","Syrup Hazennut","0","5","30","ML","");
INSERT INTO menu_store_main VALUES("5","59000","0","Syrup coconut","0","5","19","ML","");
INSERT INTO menu_store_main VALUES("6","80000","0","Syrup Raspberry","0","5","20","ML","");
INSERT INTO menu_store_main VALUES("7","265000","0","Syrup Green mint","0","5","21","ML","");
INSERT INTO menu_store_main VALUES("8","160000","0","Syrup Colada","0","11","22","ML","");
INSERT INTO menu_store_main VALUES("9","195000","0","Mứt Kiwi","0","11","67","ML","");
INSERT INTO menu_store_main VALUES("10","90000","0","Syrup Le \"Blue\"","0","11","24","ML","");
INSERT INTO menu_store_main VALUES("11","85000","0","Syrup Strawberry","0","11","25","ML","");
INSERT INTO menu_store_main VALUES("12","85000","0","Syrup Mojito","0","11","27","ML","");
INSERT INTO menu_store_main VALUES("13","170000","0","Syrup green apple","0","11","28","ML","");
INSERT INTO menu_store_main VALUES("14","30000","0","Syrup dưa lưới","0","11","29","ML","");
INSERT INTO menu_store_main VALUES("15","135000","0","Mứt dứa-xoài","0","11","31","ML","");
INSERT INTO menu_store_main VALUES("16","143000","0","Mứt đào","0","11","33","ML","");
INSERT INTO menu_store_main VALUES("17","132000","0","Mứt nho đen","0","11","39","ML","");
INSERT INTO menu_store_main VALUES("18","75000","0","Mứt chanh dây","0","5","35","ML","");
INSERT INTO menu_store_main VALUES("19","20000","0","Syrup socola flavor","0","5","40","ML","");
INSERT INTO menu_store_main VALUES("20","100000","0","Syrup dâu","0","5","46","ML","");
INSERT INTO menu_store_main VALUES("21","40000","0","Syrup bạc hà","0","11","48","ML","");
INSERT INTO menu_store_main VALUES("22","1000000","0","Bột trà xanh Nhật Bản","0","7","7","G","");
INSERT INTO menu_store_main VALUES("23","1296000","0","Sữa đặc","0","11","9","ML","");
INSERT INTO menu_store_main VALUES("24","560000","0","Bột trà xanh","0","5","10","G","");
INSERT INTO menu_store_main VALUES("25","720000","0","Bột ca cao","0","5","11","G","");
INSERT INTO menu_store_main VALUES("26","13000","0","Đường","0","6","12","KG","");
INSERT INTO menu_store_main VALUES("27","200000","0","Bột kem béo","0","5","13","G","");
INSERT INTO menu_store_main VALUES("28","44000","1","Soda","660","4","18","ML","");
INSERT INTO menu_store_main VALUES("29","100000","0","Mật ong","0","4","61","ML","");
INSERT INTO menu_store_main VALUES("31","60000","0","Đường que","0","11","4","Goi","");
INSERT INTO menu_store_main VALUES("32","110000","0","Trà lipton","0","4","1","Goi","");
INSERT INTO menu_store_main VALUES("33","36000","0","Cam","0","8","52","Trai","");
INSERT INTO menu_store_main VALUES("34","30000","0","Táo","0","8","51","Trai","");
INSERT INTO menu_store_main VALUES("35","45000","0","Bưởi","0","8","53","Trai","");
INSERT INTO menu_store_main VALUES("36","15000","0","Ôỉ","0","8","54","Trai","");
INSERT INTO menu_store_main VALUES("37","25000","0","Thơm","0","8","55","Trai","");
INSERT INTO menu_store_main VALUES("38","35000","0","Xoài","0","8","59","Trai","");
INSERT INTO menu_store_main VALUES("39","170000","0","Syrup Bluberry","0","5","1","ML","");
INSERT INTO menu_store_main VALUES("40","370000","0","Syrup Waterlemon","0","5","23","ML","");
INSERT INTO menu_store_main VALUES("41","165000","0","Mứt Phúc bồn tử","0","5","37","ML","");
INSERT INTO menu_store_main VALUES("42","300000","0","Cà phê","0","5","8","G","");
INSERT INTO menu_store_main VALUES("43","10000","0","Cà rốt","0","4","57","Trai","");
INSERT INTO menu_store_main VALUES("44","33000","0","Chanh dây","0","4","56","Trai","");
INSERT INTO menu_store_main VALUES("45","80","0","Yogurt Vinamilk","0","4","77","Hu","");
INSERT INTO menu_store_main VALUES("46","390000","0","Base topping","0","5","76","ML","");
INSERT INTO menu_store_main VALUES("47","250000","0","Kem béo Rich","0","5","75","ML","");
INSERT INTO menu_store_main VALUES("48","40500","0","Bánh Cookie","0","11","74","Cai","");
INSERT INTO menu_store_main VALUES("49","82500","0","Sữa tươi","0","6","78","L","");
INSERT INTO menu_store_main VALUES("51","30000","0","Cosy- Hồng Trà","0","8","70","Goi","");
INSERT INTO menu_store_main VALUES("52","30000","0","Cosy - Dâu","0","8","71","Goi","");
INSERT INTO menu_store_main VALUES("53","30000","0","Cosy - Bạc Hà","0","8","72","Goi","");
INSERT INTO menu_store_main VALUES("54","30000","0","Cosy - Đào","0","8","73","Goi","");
INSERT INTO menu_store_main VALUES("55","20000","0","7up","0","4","80","ML","");
INSERT INTO menu_store_main VALUES("56","20000","0","Thạch cà phê","0","5","82","Cai","");
INSERT INTO menu_store_main VALUES("57","20000","0","Thạch trà xanh","0","5","81","Cai","");
INSERT INTO menu_store_main VALUES("58","40000","0","Dâu","0","8","1","Trai","");
INSERT INTO menu_store_main VALUES("59","75000","0","Trà xanh nguyên chất","0","10","84","G","");
INSERT INTO menu_store_main VALUES("60","6","0"," Chuối","0","4","60","Trai","");
INSERT INTO menu_store_main VALUES("61","0","1","Syrupo","0","4","1","KG","");
INSERT INTO menu_store_main VALUES("62","14000","1","Chuối","0","8","1","Trai","");
INSERT INTO menu_store_main VALUES("63","0","1","test","10","4","1","KG","");
INSERT INTO menu_store_main VALUES("64","165000","0","Mứt việt quất","0","5","36","ML","");
INSERT INTO menu_store_main VALUES("65","77000","0","gas bình xịt","0","11","85","Cai","");
INSERT INTO menu_store_main VALUES("66","80000","0","Choco chip","0","11","86","G","");
INSERT INTO menu_store_main VALUES("67","120000","0","Yogurt hủ thủy tinh","0","12","87","Hu","");
INSERT INTO menu_store_main VALUES("68","10000","1","new test by Trí","10","4","1","KG","");
INSERT INTO menu_store_main VALUES("69","5000","1","Yogurt Hand Made","0","12","1","Hu","");
INSERT INTO menu_store_main VALUES("70","64000","0","Rau câu","0","12","88","Hu","");
INSERT INTO menu_store_main VALUES("71","175000","0","Bút hoa","0","12","89","Cai","");



DROP TABLE order_detail;

CREATE TABLE `order_detail` (
  `id` int(11) NOT NULL AUTO_INCREMENT,
  `order_id` int(11) NOT NULL,
  `menu_id` int(11) NOT NULL,
  `cost_type` int(11) NOT NULL,
  `quantity` int(11) NOT NULL,
  `menu_cost` double NOT NULL,
  `real_cost` int(11) NOT NULL,
  `isdelete` int(11) NOT NULL,
  `discount` int(11) DEFAULT NULL,
  PRIMARY KEY (`id`)
) ENGINE=InnoDB AUTO_INCREMENT=3815 DEFAULT CHARSET=utf8 COLLATE=utf8_unicode_ci;

INSERT INTO order_detail VALUES("1","1","4","1","1","26000","26000","0","0");
INSERT INTO order_detail VALUES("2","2","2","1","1","30000","30000","0","0");
INSERT INTO order_detail VALUES("3","2","4","1","1","26000","26000","0","0");
INSERT INTO order_detail VALUES("4","3","1","1","1","26000","26000","0","0");
INSERT INTO order_detail VALUES("5","4","1","1","2","26000","52000","0","0");
INSERT INTO order_detail VALUES("6","4","41","1","1","38000","76000","0","0");
INSERT INTO order_detail VALUES("7","5","1","1","2","26000","52000","0","0");
INSERT INTO order_detail VALUES("8","5","41","1","1","38000","76000","0","0");
INSERT INTO order_detail VALUES("9","6","1","1","1","26000","26000","0","0");
INSERT INTO order_detail VALUES("10","7","43","1","7","35000","245000","0","0");
INSERT INTO order_detail VALUES("11","8","1","1","2","26000","52000","0","0");
INSERT INTO order_detail VALUES("12","8","43","1","1","35000","70000","0","0");
INSERT INTO order_detail VALUES("13","9","43","1","1","35000","35000","0","0");
INSERT INTO order_detail VALUES("14","9","1","1","2","26000","52000","0","0");
INSERT INTO order_detail VALUES("15","10","1","0","2","21000","42000","0","0");
INSERT INTO order_detail VALUES("16","10","2","1","4","30000","120000","0","0");
INSERT INTO order_detail VALUES("17","11","43","1","1","35000","35000","0","0");
INSERT INTO order_detail VALUES("18","11","1","1","2","26000","52000","0","0");
INSERT INTO order_detail VALUES("19","12","34","1","1","40000","40000","0","0");
INSERT INTO order_detail VALUES("20","13","9","1","2","30000","60000","0","0");
INSERT INTO order_detail VALUES("21","14","36","1","1","40000","40000","0","0");
INSERT INTO order_detail VALUES("22","14","39","1","1","38000","38000","0","0");
INSERT INTO order_detail VALUES("23","14","21","1","1","32000","32000","0","0");
INSERT INTO order_detail VALUES("24","14","25","1","1","32000","32000","0","0");
INSERT INTO order_detail VALUES("25","15","36","1","1","40000","40000","0","0");
INSERT INTO order_detail VALUES("26","15","39","1","1","38000","38000","0","0");
INSERT INTO order_detail VALUES("27","15","21","1","1","32000","32000","0","0");
INSERT INTO order_detail VALUES("28","15","25","1","1","32000","32000","0","0");
INSERT INTO order_detail VALUES("29","15","26","1","1","32000","32000","0","0");
INSERT INTO order_detail VALUES("30","16","3","1","2","30000","60000","0","0");
INSERT INTO order_detail VALUES("31","16","4","1","3","26000","78000","0","0");
INSERT INTO order_detail VALUES("32","16","2","1","3","30000","90000","0","0");
INSERT INTO order_detail VALUES("33","17","1","1","1","26000","26000","0","0");
INSERT INTO order_detail VALUES("34","18","2","1","3","30000","90000","0","0");
INSERT INTO order_detail VALUES("35","19","3","1","1","30000","30000","0","0");
INSERT INTO order_detail VALUES("36","20","3","1","1","30000","30000","0","0");
INSERT INTO order_detail VALUES("37","21","2","1","1","30000","30000","0","0");
INSERT INTO order_detail VALUES("38","22","1","0","1","21000","21000","0","0");
INSERT INTO order_detail VALUES("39","23","1","1","1","26000","26000","0","0");
INSERT INTO order_detail VALUES("40","23","17","1","1","35000","35000","0","0");
INSERT INTO order_detail VALUES("41","24","1","1","4","26000","104000","0","0");
INSERT INTO order_detail VALUES("42","24","3","1","4","30000","120000","0","0");
INSERT INTO order_detail VALUES("43","25","2","1","1","30000","30000","0","0");
INSERT INTO order_detail VALUES("44","25","2","1","1","30000","30000","0","0");
INSERT INTO order_detail VALUES("45","25","3","1","1","30000","30000","0","0");
INSERT INTO order_detail VALUES("46","26","2","1","1","30000","30000","0","0");
INSERT INTO order_detail VALUES("47","26","3","1","5","30000","150000","0","0");
INSERT INTO order_detail VALUES("48","26","3","1","1","30000","30000","0","0");
INSERT INTO order_detail VALUES("49","27","3","1","4","30000","120000","0","0");
INSERT INTO order_detail VALUES("50","27","2","1","5","30000","150000","0","0");
INSERT INTO order_detail VALUES("51","27","3","1","5","30000","150000","0","0");
INSERT INTO order_detail VALUES("52","27","4","1","7","26000","182000","0","0");
INSERT INTO order_detail VALUES("53","28","43","1","8","35000","280000","0","0");
INSERT INTO order_detail VALUES("54","29","2","0","1","24000","24000","0","0");
INSERT INTO order_detail VALUES("55","30","1","1","1","26000","26000","0","0");
INSERT INTO order_detail VALUES("56","30","18","1","1","35000","35000","0","0");
INSERT INTO order_detail VALUES("57","30","39","1","1","38000","38000","0","0");
INSERT INTO order_detail VALUES("58","30","4","1","1","26000","26000","0","0");
INSERT INTO order_detail VALUES("59","31","1","0","1","21000","21000","0","0");
INSERT INTO order_detail VALUES("60","32","43","1","2","35000","70000","0","0");
INSERT INTO order_detail VALUES("61","33","52","1","1","25000","25000","0","0");
INSERT INTO order_detail VALUES("62","34","52","1","1","25000","25000","0","0");
INSERT INTO order_detail VALUES("64","35","52","1","2","25000","50000","0","0");
INSERT INTO order_detail VALUES("65","36","52","1","1","25000","25000","0","0");
INSERT INTO order_detail VALUES("66","37","28","0","1","26000","26000","0","0");
INSERT INTO order_detail VALUES("67","38","2","0","1","24000","24000","0","0");
INSERT INTO order_detail VALUES("68","39","2","0","3","24000","72000","0","0");
INSERT INTO order_detail VALUES("69","40","52","1","1","25000","25000","0","0");
INSERT INTO order_detail VALUES("70","41","52","1","1","25000","25000","0","0");
INSERT INTO order_detail VALUES("71","42","52","1","2","25000","50000","0","0");
INSERT INTO order_detail VALUES("72","43","52","1","4","25000","100000","0","0");
INSERT INTO order_detail VALUES("73","44","52","1","1","25000","25000","0","0");
INSERT INTO order_detail VALUES("74","45","14","1","1","35000","35000","0","0");
INSERT INTO order_detail VALUES("75","45","9","1","1","30000","30000","0","0");
INSERT INTO order_detail VALUES("76","45","12","1","1","35000","35000","0","0");
INSERT INTO order_detail VALUES("77","45","31","1","1","35000","35000","0","0");
INSERT INTO order_detail VALUES("78","46","1","0","3","21000","63000","0","0");
INSERT INTO order_detail VALUES("79","46","3","0","1","24000","24000","0","0");
INSERT INTO order_detail VALUES("80","47","2","0","3","24000","72000","0","0");
INSERT INTO order_detail VALUES("81","47","3","0","1","24000","24000","0","0");
INSERT INTO order_detail VALUES("82","48","1","1","1","26000","26000","0","0");
INSERT INTO order_detail VALUES("83","48","2","1","1","30000","30000","0","0");
INSERT INTO order_detail VALUES("84","48","31","1","1","35000","35000","0","0");
INSERT INTO order_detail VALUES("85","49","1","1","1","26000","26000","0","0");
INSERT INTO order_detail VALUES("86","49","2","1","1","30000","30000","0","0");
INSERT INTO order_detail VALUES("87","49","31","1","1","35000","35000","0","0");
INSERT INTO order_detail VALUES("88","50","1","1","1","26000","26000","0","0");
INSERT INTO order_detail VALUES("90","52","2","0","1","24000","24000","0","0");
INSERT INTO order_detail VALUES("91","53","6","1","1","30000","30000","0","0");
INSERT INTO order_detail VALUES("92","54","6","1","1","30000","30000","0","0");
INSERT INTO order_detail VALUES("93","54","3","1","1","30000","30000","0","0");
INSERT INTO order_detail VALUES("94","54","1","1","1","26000","26000","0","0");
INSERT INTO order_detail VALUES("95","55","6","1","1","30000","30000","0","0");
INSERT INTO order_detail VALUES("96","55","3","1","1","30000","30000","0","0");
INSERT INTO order_detail VALUES("97","56","1","1","1","26000","26000","0","0");
INSERT INTO order_detail VALUES("98","57","14","1","1","35000","35000","0","0");
INSERT INTO order_detail VALUES("99","58","28","1","1","32000","32000","0","0");
INSERT INTO order_detail VALUES("100","58","1","1","1","26000","26000","0","0");
INSERT INTO order_detail VALUES("101","58","2","1","1","30000","30000","0","0");
INSERT INTO order_detail VALUES("102","59","1","1","1","26000","26000","0","0");
INSERT INTO order_detail VALUES("103","59","2","1","1","30000","30000","0","0");
INSERT INTO order_detail VALUES("104","60","52","1","1","25000","25000","0","0");
INSERT INTO order_detail VALUES("105","61","46","1","2","40000","80000","0","0");
INSERT INTO order_detail VALUES("106","62","46","1","3","40000","120000","0","0");
INSERT INTO order_detail VALUES("107","63","47","1","1","35000","35000","0","0");
INSERT INTO order_detail VALUES("108","64","41","1","1","38000","38000","0","0");
INSERT INTO order_detail VALUES("109","65","1","1","1","26000","26000","0","0");
INSERT INTO order_detail VALUES("110","65","19","1","1","30000","30000","0","0");
INSERT INTO order_detail VALUES("111","66","44","1","1","45000","45000","0","0");
INSERT INTO order_detail VALUES("112","67","1","1","1","26000","26000","0","0");
INSERT INTO order_detail VALUES("113","68","3","1","1","30000","30000","0","0");
INSERT INTO order_detail VALUES("114","68","2","1","1","30000","30000","0","0");
INSERT INTO order_detail VALUES("115","68","43","1","1","35000","35000","0","0");
INSERT INTO order_detail VALUES("116","68","44","1","1","45000","45000","0","0");
INSERT INTO order_detail VALUES("117","69","3","1","1","30000","30000","0","0");
INSERT INTO order_detail VALUES("118","69","44","1","4","45000","180000","0","0");
INSERT INTO order_detail VALUES("119","69","43","1","1","35000","35000","0","0");
INSERT INTO order_detail VALUES("120","70","53","1","1","38000","38000","0","0");
INSERT INTO order_detail VALUES("121","71","28","1","1","32000","32000","0","0");
INSERT INTO order_detail VALUES("122","71","39","1","1","38000","38000","0","0");
INSERT INTO order_detail VALUES("123","72","52","1","1","25000","25000","0","0");
INSERT INTO order_detail VALUES("124","73","24","1","1","32000","32000","0","0");
INSERT INTO order_detail VALUES("125","73","39","1","1","38000","38000","0","0");
INSERT INTO order_detail VALUES("126","74","31","1","1","35000","35000","0","0");
INSERT INTO order_detail VALUES("127","75","31","1","1","35000","35000","0","0");
INSERT INTO order_detail VALUES("128","76","14","1","1","35000","35000","0","0");
INSERT INTO order_detail VALUES("129","77","26","1","1","32000","32000","0","0");
INSERT INTO order_detail VALUES("130","78","25","1","1","32000","32000","0","0");
INSERT INTO order_detail VALUES("131","79","15","1","1","40000","40000","0","0");
INSERT INTO order_detail VALUES("132","80","15","1","1","40000","40000","0","0");
INSERT INTO order_detail VALUES("133","80","14","1","1","35000","35000","0","0");
INSERT INTO order_detail VALUES("134","80","18","1","1","35000","35000","0","0");
INSERT INTO order_detail VALUES("135","81","4","1","1","26000","26000","0","0");
INSERT INTO order_detail VALUES("136","81","37","1","1","35000","35000","0","0");
INSERT INTO order_detail VALUES("137","81","32","1","1","35000","35000","0","0");
INSERT INTO order_detail VALUES("138","81","31","1","1","35000","35000","0","0");
INSERT INTO order_detail VALUES("139","81","3","1","1","30000","30000","0","0");
INSERT INTO order_detail VALUES("141","82","32","1","1","35000","35000","0","0");
INSERT INTO order_detail VALUES("142","82","31","1","1","35000","35000","0","0");
INSERT INTO order_detail VALUES("143","82","50","1","1","20000","20000","0","0");
INSERT INTO order_detail VALUES("144","83","24","1","1","32000","32000","0","0");
INSERT INTO order_detail VALUES("145","83","33","1","1","35000","35000","0","0");
INSERT INTO order_detail VALUES("146","84","23","1","1","32000","32000","0","0");
INSERT INTO order_detail VALUES("147","84","26","1","1","32000","32000","0","0");
INSERT INTO order_detail VALUES("148","85","15","1","1","40000","40000","0","0");
INSERT INTO order_detail VALUES("149","85","26","1","1","32000","32000","0","0");
INSERT INTO order_detail VALUES("150","86","32","1","1","35000","35000","0","0");
INSERT INTO order_detail VALUES("151","86","1","1","1","26000","26000","0","0");
INSERT INTO order_detail VALUES("152","87","29","1","1","32000","32000","0","0");
INSERT INTO order_detail VALUES("153","87","26","1","1","32000","32000","0","0");
INSERT INTO order_detail VALUES("154","87","21","1","1","32000","32000","0","0");
INSERT INTO order_detail VALUES("155","88","14","1","1","35000","35000","0","0");
INSERT INTO order_detail VALUES("156","88","31","1","1","35000","35000","0","0");
INSERT INTO order_detail VALUES("157","88","7","1","1","30000","30000","0","0");
INSERT INTO order_detail VALUES("158","89","14","1","1","35000","35000","0","0");
INSERT INTO order_detail VALUES("159","89","31","1","1","35000","35000","0","0");
INSERT INTO order_detail VALUES("160","89","7","1","1","30000","30000","0","0");
INSERT INTO order_detail VALUES("161","89","25","1","1","32000","32000","0","0");
INSERT INTO order_detail VALUES("162","89","1","1","1","26000","26000","0","0");
INSERT INTO order_detail VALUES("163","90","39","1","1","38000","38000","0","0");
INSERT INTO order_detail VALUES("164","91","32","1","1","35000","35000","0","0");
INSERT INTO order_detail VALUES("165","91","31","1","1","35000","35000","0","0");
INSERT INTO order_detail VALUES("166","92","7","1","1","30000","30000","0","0");
INSERT INTO order_detail VALUES("167","93","44","1","1","45000","45000","0","0");
INSERT INTO order_detail VALUES("168","94","31","1","1","35000","35000","0","0");
INSERT INTO order_detail VALUES("169","95","32","1","2","35000","70000","0","0");
INSERT INTO order_detail VALUES("170","95","14","1","1","35000","35000","0","0");
INSERT INTO order_detail VALUES("171","95","25","1","1","32000","32000","0","0");
INSERT INTO order_detail VALUES("172","96","34","0","1","32000","32000","0","0");
INSERT INTO order_detail VALUES("173","97","54","1","1","25000","25000","0","0");
INSERT INTO order_detail VALUES("174","97","18","1","1","35000","35000","0","0");
INSERT INTO order_detail VALUES("175","98","1","1","2","26000","52000","0","0");
INSERT INTO order_detail VALUES("176","98","2","1","1","30000","30000","0","0");
INSERT INTO order_detail VALUES("177","98","3","1","1","30000","30000","0","0");
INSERT INTO order_detail VALUES("178","98","6","1","1","30000","30000","0","0");
INSERT INTO order_detail VALUES("179","98","32","1","1","35000","35000","0","0");
INSERT INTO order_detail VALUES("180","98","19","1","1","30000","30000","0","0");
INSERT INTO order_detail VALUES("181","99","1","1","2","26000","52000","0","0");
INSERT INTO order_detail VALUES("182","99","2","1","1","30000","30000","0","0");
INSERT INTO order_detail VALUES("183","99","3","1","1","30000","30000","0","0");
INSERT INTO order_detail VALUES("184","99","6","1","1","30000","30000","0","0");
INSERT INTO order_detail VALUES("185","99","19","1","1","30000","30000","0","0");
INSERT INTO order_detail VALUES("186","99","32","1","1","35000","35000","0","0");
INSERT INTO order_detail VALUES("187","100","1","1","1","26000","26000","0","0");
INSERT INTO order_detail VALUES("188","100","55","1","1","35000","35000","0","0");
INSERT INTO order_detail VALUES("189","100","45","1","1","40000","40000","0","0");
INSERT INTO order_detail VALUES("190","101","55","1","1","35000","35000","0","0");
INSERT INTO order_detail VALUES("191","102","4","1","1","26000","26000","0","0");
INSERT INTO order_detail VALUES("192","102","7","1","1","30000","30000","0","0");
INSERT INTO order_detail VALUES("193","102","39","1","1","38000","38000","0","0");
INSERT INTO order_detail VALUES("194","102","26","1","1","32000","32000","0","0");
INSERT INTO order_detail VALUES("195","103","10","1","1","30000","30000","0","0");
INSERT INTO order_detail VALUES("196","103","18","1","1","35000","35000","0","0");
INSERT INTO order_detail VALUES("197","103","47","1","1","35000","35000","0","0");
INSERT INTO order_detail VALUES("198","104","1","1","1","26000","26000","0","0");
INSERT INTO order_detail VALUES("199","105","1","1","1","26000","26000","0","0");
INSERT INTO order_detail VALUES("200","105","3","1","1","30000","30000","0","0");
INSERT INTO order_detail VALUES("201","106","1","1","1","26000","26000","0","0");
INSERT INTO order_detail VALUES("202","106","1","1","1","26000","26000","0","0");
INSERT INTO order_detail VALUES("203","107","43","1","3","35000","105000","0","0");
INSERT INTO order_detail VALUES("204","108","52","1","3","25000","75000","0","0");
INSERT INTO order_detail VALUES("205","109","52","1","1","25000","25000","0","0");
INSERT INTO order_detail VALUES("206","110","55","1","2","35000","70000","0","0");
INSERT INTO order_detail VALUES("207","111","52","1","1","25000","25000","0","0");
INSERT INTO order_detail VALUES("208","112","2","1","1","30000","30000","0","0");
INSERT INTO order_detail VALUES("209","112","10","1","1","30000","30000","0","0");
INSERT INTO order_detail VALUES("210","112","21","1","1","32000","32000","0","0");
INSERT INTO order_detail VALUES("211","112","43","1","2","35000","70000","0","0");
INSERT INTO order_detail VALUES("212","112","54","1","3","25000","75000","0","0");
INSERT INTO order_detail VALUES("213","112","56","1","1","18000","18000","0","0");
INSERT INTO order_detail VALUES("214","113","1","1","2","26000","52000","0","0");
INSERT INTO order_detail VALUES("215","113","55","1","1","35000","35000","0","0");
INSERT INTO order_detail VALUES("216","114","1","1","1","26000","26000","0","0");
INSERT INTO order_detail VALUES("217","114","27","1","1","32000","32000","0","0");
INSERT INTO order_detail VALUES("218","115","31","1","1","35000","35000","0","0");
INSERT INTO order_detail VALUES("219","116","1","1","1","26000","26000","0","0");
INSERT INTO order_detail VALUES("220","117","22","1","1","32000","32000","0","0");
INSERT INTO order_detail VALUES("221","117","11","1","1","35000","35000","0","0");
INSERT INTO order_detail VALUES("222","118","2","1","1","30000","30000","0","0");
INSERT INTO order_detail VALUES("223","119","22","0","1","26000","26000","0","0");
INSERT INTO order_detail VALUES("224","120","31","1","1","35000","35000","0","0");
INSERT INTO order_detail VALUES("225","121","5","1","2","30000","60000","0","0");
INSERT INTO order_detail VALUES("226","121","3","1","1","30000","30000","0","0");
INSERT INTO order_detail VALUES("227","122","23","1","1","32000","32000","0","0");
INSERT INTO order_detail VALUES("228","122","39","1","1","38000","38000","0","0");
INSERT INTO order_detail VALUES("229","123","32","1","1","35000","35000","0","0");
INSERT INTO order_detail VALUES("230","123","39","1","2","38000","76000","0","0");
INSERT INTO order_detail VALUES("231","124","1","1","1","26000","26000","0","0");
INSERT INTO order_detail VALUES("232","125","2","1","1","30000","30000","0","0");
INSERT INTO order_detail VALUES("233","125","28","1","1","32000","32000","0","0");
INSERT INTO order_detail VALUES("234","125","32","1","1","35000","35000","0","0");
INSERT INTO order_detail VALUES("235","126","1","1","4","26000","104000","0","0");
INSERT INTO order_detail VALUES("236","127","1","1","6","26000","156000","0","0");
INSERT INTO order_detail VALUES("237","128","52","1","2","25000","50000","0","0");
INSERT INTO order_detail VALUES("238","129","52","1","5","25000","125000","0","0");
INSERT INTO order_detail VALUES("239","130","43","1","1","35000","35000","0","0");
INSERT INTO order_detail VALUES("240","130","31","1","1","35000","35000","0","0");
INSERT INTO order_detail VALUES("241","131","6","1","1","30000","30000","0","0");
INSERT INTO order_detail VALUES("242","131","43","1","2","35000","70000","0","0");
INSERT INTO order_detail VALUES("243","131","31","1","1","35000","35000","0","0");
INSERT INTO order_detail VALUES("244","132","43","1","1","35000","35000","0","0");
INSERT INTO order_detail VALUES("245","132","1","1","1","26000","26000","0","0");
INSERT INTO order_detail VALUES("246","132","48","1","1","35000","35000","0","0");
INSERT INTO order_detail VALUES("247","133","52","1","1","25000","25000","0","0");
INSERT INTO order_detail VALUES("248","134","52","1","2","25000","50000","0","0");
INSERT INTO order_detail VALUES("249","135","3","1","1","30000","30000","0","0");
INSERT INTO order_detail VALUES("250","135","57","1","1","3000","30000","0","0");
INSERT INTO order_detail VALUES("251","136","2","1","2","30000","60000","0","0");
INSERT INTO order_detail VALUES("252","136","58","1","2","30000","60000","0","0");
INSERT INTO order_detail VALUES("253","137","1","1","2","26000","52000","0","0");
INSERT INTO order_detail VALUES("254","137","59","1","1","2500","25000","0","0");
INSERT INTO order_detail VALUES("255","138","20","1","1","40000","40000","0","0");
INSERT INTO order_detail VALUES("256","139","2","1","1","30000","30000","0","0");
INSERT INTO order_detail VALUES("257","139","6","1","1","30000","30000","0","0");
INSERT INTO order_detail VALUES("258","140","42","1","1","20000","20000","0","0");
INSERT INTO order_detail VALUES("259","141","23","1","1","32000","32000","0","0");
INSERT INTO order_detail VALUES("260","141","2","1","1","30000","30000","0","0");
INSERT INTO order_detail VALUES("263","144","23","1","1","32000","32000","0","0");
INSERT INTO order_detail VALUES("264","144","2","1","1","30000","30000","0","0");
INSERT INTO order_detail VALUES("265","145","3","1","1","30000","30000","0","0");
INSERT INTO order_detail VALUES("266","145","10","1","1","30000","30000","0","0");
INSERT INTO order_detail VALUES("267","146","6","1","1","30000","30000","0","0");
INSERT INTO order_detail VALUES("268","146","8","1","1","30000","30000","0","0");
INSERT INTO order_detail VALUES("269","147","1","1","1","26000","26000","0","0");
INSERT INTO order_detail VALUES("271","147","8","1","2","30000","60000","0","0");
INSERT INTO order_detail VALUES("272","147","20","1","1","40000","40000","0","0");
INSERT INTO order_detail VALUES("273","148","52","1","3","25000","75000","0","0");
INSERT INTO order_detail VALUES("274","149","52","1","4","25000","100000","0","0");
INSERT INTO order_detail VALUES("275","150","47","1","1","35000","35000","0","0");
INSERT INTO order_detail VALUES("276","150","12","1","1","35000","35000","0","0");
INSERT INTO order_detail VALUES("277","151","1","1","1","26000","26000","0","0");
INSERT INTO order_detail VALUES("278","151","3","1","1","30000","30000","0","0");
INSERT INTO order_detail VALUES("279","151","6","1","1","30000","30000","0","0");
INSERT INTO order_detail VALUES("280","152","31","1","1","35000","35000","0","0");
INSERT INTO order_detail VALUES("281","152","42","1","1","20000","20000","0","0");
INSERT INTO order_detail VALUES("282","153","31","1","1","35000","35000","0","0");
INSERT INTO order_detail VALUES("283","154","31","1","1","35000","35000","0","0");
INSERT INTO order_detail VALUES("284","154","37","1","1","35000","35000","0","0");
INSERT INTO order_detail VALUES("285","154","34","1","1","40000","40000","0","0");
INSERT INTO order_detail VALUES("286","154","32","1","1","35000","35000","0","0");
INSERT INTO order_detail VALUES("287","155","2","1","1","30000","30000","0","0");
INSERT INTO order_detail VALUES("288","155","50","1","1","20000","20000","0","0");
INSERT INTO order_detail VALUES("289","156","41","1","2","38000","76000","0","0");
INSERT INTO order_detail VALUES("290","156","26","1","1","32000","32000","0","0");
INSERT INTO order_detail VALUES("291","156","33","1","1","35000","35000","0","0");
INSERT INTO order_detail VALUES("292","156","7","1","1","30000","30000","0","0");
INSERT INTO order_detail VALUES("293","157","26","1","1","32000","32000","0","0");
INSERT INTO order_detail VALUES("294","157","22","1","1","32000","32000","0","0");
INSERT INTO order_detail VALUES("295","158","1","1","2","26000","52000","0","0");
INSERT INTO order_detail VALUES("296","158","2","1","1","30000","30000","0","0");
INSERT INTO order_detail VALUES("297","158","8","1","1","30000","30000","0","0");
INSERT INTO order_detail VALUES("298","158","6","1","2","30000","60000","0","0");
INSERT INTO order_detail VALUES("299","159","43","1","4","35000","140000","0","0");
INSERT INTO order_detail VALUES("300","160","43","1","2","35000","70000","0","0");
INSERT INTO order_detail VALUES("301","161","52","1","2","25000","50000","0","0");
INSERT INTO order_detail VALUES("302","162","1","1","1","26000","26000","0","0");
INSERT INTO order_detail VALUES("303","163","1","1","1","26000","26000","0","0");
INSERT INTO order_detail VALUES("304","163","12","1","1","35000","35000","0","0");
INSERT INTO order_detail VALUES("305","164","52","1","2","25000","50000","0","0");
INSERT INTO order_detail VALUES("306","165","43","1","2","35000","70000","0","0");
INSERT INTO order_detail VALUES("307","166","8","1","1","30000","30000","0","0");
INSERT INTO order_detail VALUES("308","166","60","1","1","25000","25000","0","0");
INSERT INTO order_detail VALUES("309","167","43","1","2","35000","70000","0","0");
INSERT INTO order_detail VALUES("310","167","6","1","1","30000","30000","0","0");
INSERT INTO order_detail VALUES("311","167","62","1","1","25000","25000","0","0");
INSERT INTO order_detail VALUES("312","167","63","1","1","25000","25000","0","0");
INSERT INTO order_detail VALUES("313","167","64","1","1","30000","30000","0","0");
INSERT INTO order_detail VALUES("314","168","43","1","2","35000","70000","0","0");
INSERT INTO order_detail VALUES("315","168","65","1","1","30000","30000","0","0");
INSERT INTO order_detail VALUES("316","168","66","1","1","25000","25000","0","0");
INSERT INTO order_detail VALUES("317","168","6","1","1","30000","30000","0","0");
INSERT INTO order_detail VALUES("318","168","67","1","1","25000","25000","0","0");
INSERT INTO order_detail VALUES("319","169","22","1","2","32000","64000","0","0");
INSERT INTO order_detail VALUES("320","170","2","1","1","30000","30000","0","0");
INSERT INTO order_detail VALUES("321","170","3","1","1","30000","30000","0","0");
INSERT INTO order_detail VALUES("322","170","1","1","1","26000","26000","0","0");
INSERT INTO order_detail VALUES("323","171","2","1","1","30000","30000","0","0");
INSERT INTO order_detail VALUES("324","171","3","1","1","30000","30000","0","0");
INSERT INTO order_detail VALUES("325","171","1","1","1","26000","26000","0","0");
INSERT INTO order_detail VALUES("326","172","2","1","1","30000","30000","0","0");
INSERT INTO order_detail VALUES("328","173","2","1","1","30000","30000","0","0");
INSERT INTO order_detail VALUES("330","174","1","1","2","26000","52000","0","0");
INSERT INTO order_detail VALUES("332","175","1","1","2","26000","52000","0","0");
INSERT INTO order_detail VALUES("334","176","1","1","1","26000","26000","0","0");
INSERT INTO order_detail VALUES("336","177","2","1","1","30000","30000","0","0");
INSERT INTO order_detail VALUES("337","177","46","1","2","40000","80000","0","0");
INSERT INTO order_detail VALUES("338","178","32","1","1","35000","35000","0","0");
INSERT INTO order_detail VALUES("339","179","52","1","3","25000","75000","0","0");
INSERT INTO order_detail VALUES("340","180","52","1","1","25000","25000","0","0");
INSERT INTO order_detail VALUES("341","181","43","1","2","35000","70000","0","0");
INSERT INTO order_detail VALUES("342","182","52","1","2","25000","50000","0","0");
INSERT INTO order_detail VALUES("343","183","43","1","3","35000","105000","0","0");
INSERT INTO order_detail VALUES("344","184","2","1","1","30000","30000","0","0");
INSERT INTO order_detail VALUES("345","185","1","1","1","26000","26000","0","0");
INSERT INTO order_detail VALUES("346","186","2","1","1","30000","30000","0","0");
INSERT INTO order_detail VALUES("347","186","31","1","1","35000","35000","0","0");
INSERT INTO order_detail VALUES("348","186","73","1","1","30000","30000","0","0");
INSERT INTO order_detail VALUES("349","187","30","1","1","27000","27000","0","0");
INSERT INTO order_detail VALUES("350","188","74","1","1","35000","35000","0","0");
INSERT INTO order_detail VALUES("351","189","42","1","1","20000","20000","0","0");
INSERT INTO order_detail VALUES("352","190","75","1","1","30000","30000","0","0");
INSERT INTO order_detail VALUES("353","191","76","1","1","30000","30000","0","0");
INSERT INTO order_detail VALUES("354","192","43","1","1","35000","35000","0","0");
INSERT INTO order_detail VALUES("355","192","52","1","1","25000","25000","0","0");
INSERT INTO order_detail VALUES("356","193","52","1","1","25000","25000","0","0");
INSERT INTO order_detail VALUES("357","194","1","1","2","26000","52000","0","0");
INSERT INTO order_detail VALUES("358","194","8","1","1","30000","30000","0","0");
INSERT INTO order_detail VALUES("359","194","78","1","1","28000","28000","0","0");
INSERT INTO order_detail VALUES("360","194","33","1","1","35000","35000","0","0");
INSERT INTO order_detail VALUES("361","195","31","1","1","35000","35000","0","0");
INSERT INTO order_detail VALUES("362","196","42","1","2","20000","40000","0","0");
INSERT INTO order_detail VALUES("363","197","42","1","2","20000","40000","0","0");
INSERT INTO order_detail VALUES("364","198","25","1","1","32000","32000","0","0");
INSERT INTO order_detail VALUES("365","199","2","0","1","24000","24000","0","0");
INSERT INTO order_detail VALUES("366","199","4","0","1","21000","21000","0","0");
INSERT INTO order_detail VALUES("367","199","3","0","2","24000","48000","0","0");
INSERT INTO order_detail VALUES("368","200","44","1","1","45000","45000","0","0");
INSERT INTO order_detail VALUES("369","200","26","1","1","32000","32000","0","0");
INSERT INTO order_detail VALUES("370","201","2","1","1","30000","30000","0","0");
INSERT INTO order_detail VALUES("371","201","3","1","1","30000","30000","0","0");
INSERT INTO order_detail VALUES("372","202","2","1","1","30000","30000","0","0");
INSERT INTO order_detail VALUES("373","202","34","1","1","40000","40000","0","0");
INSERT INTO order_detail VALUES("374","203","6","1","1","30000","30000","0","0");
INSERT INTO order_detail VALUES("375","204","9","1","1","30000","30000","0","0");
INSERT INTO order_detail VALUES("376","204","11","1","1","35000","35000","0","0");
INSERT INTO order_detail VALUES("377","205","2","1","1","30000","30000","0","0");
INSERT INTO order_detail VALUES("378","205","6","1","1","30000","30000","0","0");
INSERT INTO order_detail VALUES("379","206","1","1","1","26000","26000","0","0");
INSERT INTO order_detail VALUES("380","206","8","1","1","30000","30000","0","0");
INSERT INTO order_detail VALUES("381","206","47","1","1","35000","35000","0","0");
INSERT INTO order_detail VALUES("382","207","32","1","1","35000","35000","0","0");
INSERT INTO order_detail VALUES("383","207","31","1","1","35000","35000","0","0");
INSERT INTO order_detail VALUES("384","207","5","1","1","30000","30000","0","0");
INSERT INTO order_detail VALUES("385","207","44","1","1","45000","45000","0","0");
INSERT INTO order_detail VALUES("386","208","47","1","2","35000","70000","0","0");
INSERT INTO order_detail VALUES("387","209","31","1","2","35000","70000","0","0");
INSERT INTO order_detail VALUES("388","210","44","1","1","45000","45000","0","0");
INSERT INTO order_detail VALUES("389","210","5","1","1","30000","30000","0","0");
INSERT INTO order_detail VALUES("390","210","32","1","1","35000","35000","0","0");
INSERT INTO order_detail VALUES("391","210","31","1","1","35000","35000","0","0");
INSERT INTO order_detail VALUES("392","211","47","1","2","35000","70000","0","0");
INSERT INTO order_detail VALUES("393","211","44","1","1","45000","45000","0","0");
INSERT INTO order_detail VALUES("394","211","5","1","1","30000","30000","0","0");
INSERT INTO order_detail VALUES("395","211","32","1","1","35000","35000","0","0");
INSERT INTO order_detail VALUES("396","211","31","1","1","35000","35000","0","0");
INSERT INTO order_detail VALUES("397","212","22","1","1","32000","32000","0","0");
INSERT INTO order_detail VALUES("398","212","23","1","1","32000","32000","0","0");
INSERT INTO order_detail VALUES("399","213","40","1","1","38000","38000","0","0");
INSERT INTO order_detail VALUES("400","213","25","1","1","32000","32000","0","0");
INSERT INTO order_detail VALUES("401","213","33","1","1","35000","35000","0","0");
INSERT INTO order_detail VALUES("402","214","52","1","2","25000","50000","0","0");
INSERT INTO order_detail VALUES("403","215","1","1","1","26000","26000","0","0");
INSERT INTO order_detail VALUES("404","215","43","1","3","35000","105000","0","0");
INSERT INTO order_detail VALUES("405","215","6","1","1","30000","30000","0","0");
INSERT INTO order_detail VALUES("406","215","80","1","1","30000","30000","0","0");
INSERT INTO order_detail VALUES("407","216","52","1","2","25000","50000","0","0");
INSERT INTO order_detail VALUES("408","217","52","1","2","25000","50000","0","0");
INSERT INTO order_detail VALUES("409","218","39","1","1","38000","38000","0","0");
INSERT INTO order_detail VALUES("410","219","52","1","1","25000","25000","0","0");
INSERT INTO order_detail VALUES("411","220","37","1","1","35000","35000","0","0");
INSERT INTO order_detail VALUES("412","220","2","1","1","30000","30000","0","0");
INSERT INTO order_detail VALUES("413","221","2","1","1","30000","30000","0","0");
INSERT INTO order_detail VALUES("414","222","1","1","1","26000","26000","0","0");
INSERT INTO order_detail VALUES("415","223","2","1","1","30000","30000","0","0");
INSERT INTO order_detail VALUES("416","224","47","1","1","35000","35000","0","0");
INSERT INTO order_detail VALUES("417","224","46","1","1","40000","40000","0","0");
INSERT INTO order_detail VALUES("418","224","11","0","1","28000","28000","0","0");
INSERT INTO order_detail VALUES("419","224","39","0","1","31000","31000","0","0");
INSERT INTO order_detail VALUES("420","225","47","1","2","35000","70000","0","0");
INSERT INTO order_detail VALUES("421","225","46","1","1","40000","40000","0","0");
INSERT INTO order_detail VALUES("422","225","11","0","1","28000","28000","0","0");
INSERT INTO order_detail VALUES("423","225","39","0","1","31000","31000","0","0");
INSERT INTO order_detail VALUES("424","226","5","1","1","30000","30000","0","0");
INSERT INTO order_detail VALUES("425","226","83","1","1","38000","38000","0","0");
INSERT INTO order_detail VALUES("426","227","18","1","1","30000","30000","0","0");
INSERT INTO order_detail VALUES("427","228","1","1","1","26000","26000","0","0");
INSERT INTO order_detail VALUES("428","229","52","1","3","25000","75000","0","0");
INSERT INTO order_detail VALUES("429","230","52","1","1","25000","25000","0","0");
INSERT INTO order_detail VALUES("430","231","1","0","1","21000","21000","0","0");
INSERT INTO order_detail VALUES("431","231","52","1","1","25000","25000","0","0");
INSERT INTO order_detail VALUES("432","232","52","1","1","25000","25000","0","0");
INSERT INTO order_detail VALUES("433","233","43","1","1","35000","35000","0","0");
INSERT INTO order_detail VALUES("434","233","1","1","1","26000","26000","0","0");
INSERT INTO order_detail VALUES("435","234","22","1","1","32000","32000","0","0");
INSERT INTO order_detail VALUES("436","235","31","1","1","38000","38000","0","0");
INSERT INTO order_detail VALUES("437","235","34","1","1","38000","38000","0","0");
INSERT INTO order_detail VALUES("438","236","54","1","1","30000","30000","0","0");
INSERT INTO order_detail VALUES("439","237","54","1","1","30000","30000","0","0");
INSERT INTO order_detail VALUES("440","238","20","1","1","35000","35000","0","0");
INSERT INTO order_detail VALUES("441","238","35","1","1","40000","40000","0","0");
INSERT INTO order_detail VALUES("442","238","43","1","1","35000","35000","0","0");
INSERT INTO order_detail VALUES("443","238","47","1","1","35000","35000","0","0");
INSERT INTO order_detail VALUES("444","239","52","1","2","25000","50000","0","0");
INSERT INTO order_detail VALUES("445","240","46","1","1","45000","45000","0","0");
INSERT INTO order_detail VALUES("446","240","31","1","1","38000","38000","0","0");
INSERT INTO order_detail VALUES("447","241","20","1","1","35000","35000","0","0");
INSERT INTO order_detail VALUES("448","241","43","1","1","35000","35000","0","0");
INSERT INTO order_detail VALUES("449","241","47","1","1","35000","35000","0","0");
INSERT INTO order_detail VALUES("450","242","52","1","2","25000","50000","0","0");
INSERT INTO order_detail VALUES("451","243","43","1","2","35000","70000","0","0");
INSERT INTO order_detail VALUES("452","244","52","1","1","25000","25000","0","0");
INSERT INTO order_detail VALUES("453","245","31","1","1","38000","38000","0","0");
INSERT INTO order_detail VALUES("454","246","7","1","1","30000","30000","0","0");
INSERT INTO order_detail VALUES("455","247","26","1","1","32000","32000","0","0");
INSERT INTO order_detail VALUES("456","247","28","1","1","32000","32000","0","0");
INSERT INTO order_detail VALUES("457","248","92","1","10","10000","100000","0","0");
INSERT INTO order_detail VALUES("458","249","10","1","1","30000","30000","0","0");
INSERT INTO order_detail VALUES("459","249","13","1","1","35000","35000","0","0");
INSERT INTO order_detail VALUES("460","250","35","1","1","40000","40000","0","0");
INSERT INTO order_detail VALUES("461","251","54","1","2","30000","60000","0","0");
INSERT INTO order_detail VALUES("462","252","1","1","1","26000","26000","0","0");
INSERT INTO order_detail VALUES("463","252","2","1","1","30000","30000","0","0");
INSERT INTO order_detail VALUES("464","252","54","1","1","30000","30000","0","0");
INSERT INTO order_detail VALUES("465","252","44","1","1","45000","45000","0","0");
INSERT INTO order_detail VALUES("466","253","43","1","2","35000","70000","0","0");
INSERT INTO order_detail VALUES("467","253","6","1","2","30000","60000","0","0");
INSERT INTO order_detail VALUES("468","253","53","1","1","38000","38000","0","0");
INSERT INTO order_detail VALUES("469","254","52","0","3","25000","75000","0","0");
INSERT INTO order_detail VALUES("470","255","43","1","5","35000","175000","0","0");
INSERT INTO order_detail VALUES("471","255","35","1","1","40000","40000","0","0");
INSERT INTO order_detail VALUES("472","256","43","1","2","35000","70000","0","0");
INSERT INTO order_detail VALUES("473","256","34","1","1","38000","38000","0","0");
INSERT INTO order_detail VALUES("474","257","52","1","2","25000","50000","0","0");
INSERT INTO order_detail VALUES("475","258","43","1","2","35000","70000","0","0");
INSERT INTO order_detail VALUES("476","258","52","1","3","25000","75000","0","0");
INSERT INTO order_detail VALUES("477","258","1","1","1","26000","26000","0","0");
INSERT INTO order_detail VALUES("478","259","52","1","1","25000","25000","0","0");
INSERT INTO order_detail VALUES("479","260","52","1","1","25000","25000","0","0");
INSERT INTO order_detail VALUES("480","261","43","1","1","35000","35000","0","0");
INSERT INTO order_detail VALUES("481","261","31","1","2","38000","76000","0","0");
INSERT INTO order_detail VALUES("482","261","1","1","1","26000","26000","0","0");
INSERT INTO order_detail VALUES("483","261","2","1","1","30000","30000","0","0");
INSERT INTO order_detail VALUES("484","262","1","1","1","26000","26000","0","0");
INSERT INTO order_detail VALUES("485","262","1","1","1","26000","26000","0","0");
INSERT INTO order_detail VALUES("486","262","3","1","1","30000","30000","0","0");
INSERT INTO order_detail VALUES("487","263","1","1","1","26000","26000","0","0");
INSERT INTO order_detail VALUES("488","263","3","1","1","30000","30000","0","0");
INSERT INTO order_detail VALUES("489","263","1","1","1","26000","26000","0","0");
INSERT INTO order_detail VALUES("490","264","3","1","1","30000","30000","0","0");
INSERT INTO order_detail VALUES("491","264","2","1","1","30000","30000","0","0");
INSERT INTO order_detail VALUES("492","264","1","1","1","26000","26000","0","0");
INSERT INTO order_detail VALUES("493","264","4","1","1","26000","26000","0","0");
INSERT INTO order_detail VALUES("497","265","2","1","1","30000","30000","0","0");
INSERT INTO order_detail VALUES("498","265","4","1","1","26000","26000","0","0");
INSERT INTO order_detail VALUES("499","265","2","1","1","30000","30000","0","0");
INSERT INTO order_detail VALUES("500","265","3","1","1","30000","30000","0","0");
INSERT INTO order_detail VALUES("502","266","1","1","1","26000","26000","0","0");
INSERT INTO order_detail VALUES("503","266","1","1","1","26000","26000","0","0");
INSERT INTO order_detail VALUES("504","267","1","1","1","26000","26000","0","0");
INSERT INTO order_detail VALUES("505","267","6","1","1","30000","30000","0","0");
INSERT INTO order_detail VALUES("506","268","31","1","1","38000","38000","0","0");
INSERT INTO order_detail VALUES("508","269","1","1","1","26000","26000","0","0");
INSERT INTO order_detail VALUES("509","269","16","1","1","30000","30000","0","0");
INSERT INTO order_detail VALUES("512","270","1","1","1","26000","26000","0","0");
INSERT INTO order_detail VALUES("513","270","6","1","1","30000","30000","0","0");
INSERT INTO order_detail VALUES("514","271","31","1","1","38000","38000","0","0");
INSERT INTO order_detail VALUES("515","272","31","1","1","38000","38000","0","0");
INSERT INTO order_detail VALUES("517","273","31","1","1","38000","38000","0","0");
INSERT INTO order_detail VALUES("520","274","17","1","1","40000","40000","0","0");
INSERT INTO order_detail VALUES("521","274","28","1","1","32000","32000","0","0");
INSERT INTO order_detail VALUES("535","280","4","1","1","26000","26000","0","0");
INSERT INTO order_detail VALUES("536","280","5","1","1","30000","30000","0","0");
INSERT INTO order_detail VALUES("537","284","2","1","1","30000","30000","0","0");
INSERT INTO order_detail VALUES("538","284","2","1","1","30000","30000","0","0");
INSERT INTO order_detail VALUES("539","284","4","1","1","26000","26000","0","0");
INSERT INTO order_detail VALUES("540","284","3","1","1","30000","30000","0","0");
INSERT INTO order_detail VALUES("543","286","31","1","1","38000","38000","0","0");
INSERT INTO order_detail VALUES("547","285","1","1","1","26000","26000","0","0");
INSERT INTO order_detail VALUES("548","285","43","1","1","35000","35000","0","0");
INSERT INTO order_detail VALUES("551","289","52","1","1","25000","25000","0","0");
INSERT INTO order_detail VALUES("552","290","43","1","2","35000","70000","0","0");
INSERT INTO order_detail VALUES("553","291","52","1","2","25000","50000","0","0");
INSERT INTO order_detail VALUES("554","288","43","1","3","35000","105000","0","0");
INSERT INTO order_detail VALUES("555","292","43","1","2","35000","70000","0","0");
INSERT INTO order_detail VALUES("557","294","52","1","3","25000","75000","0","0");
INSERT INTO order_detail VALUES("560","295","52","1","1","25000","25000","0","0");
INSERT INTO order_detail VALUES("564","297","52","1","2","25000","50000","0","0");
INSERT INTO order_detail VALUES("565","298","5","1","1","30000","30000","0","0");
INSERT INTO order_detail VALUES("566","299","31","1","1","38000","38000","0","0");
INSERT INTO order_detail VALUES("567","300","7","0","1","24000","24000","0","0");
INSERT INTO order_detail VALUES("573","301","41","1","1","38000","38000","0","0");
INSERT INTO order_detail VALUES("574","303","37","1","1","38000","38000","0","0");
INSERT INTO order_detail VALUES("575","303","36","1","1","38000","38000","0","0");
INSERT INTO order_detail VALUES("580","304","2","1","1","30000","30000","0","0");
INSERT INTO order_detail VALUES("581","304","17","1","1","40000","40000","0","0");
INSERT INTO order_detail VALUES("582","305","26","1","1","32000","32000","0","0");
INSERT INTO order_detail VALUES("583","305","34","1","2","38000","76000","0","0");
INSERT INTO order_detail VALUES("587","306","88","1","1","35000","35000","0","0");
INSERT INTO order_detail VALUES("588","306","26","1","1","32000","32000","0","0");
INSERT INTO order_detail VALUES("589","306","31","1","1","38000","38000","0","0");
INSERT INTO order_detail VALUES("591","308","2","1","1","30000","30000","0","0");
INSERT INTO order_detail VALUES("593","310","52","1","1","25000","25000","0","0");
INSERT INTO order_detail VALUES("597","311","43","1","2","35000","70000","0","0");
INSERT INTO order_detail VALUES("598","311","88","1","1","35000","35000","0","0");
INSERT INTO order_detail VALUES("602","313","89","1","2","40000","80000","0","0");
INSERT INTO order_detail VALUES("603","312","43","1","1","35000","35000","0","0");
INSERT INTO order_detail VALUES("604","312","1","1","1","26000","26000","0","0");
INSERT INTO order_detail VALUES("605","309","52","1","4","25000","100000","0","0");
INSERT INTO order_detail VALUES("606","314","43","1","1","35000","35000","0","0");
INSERT INTO order_detail VALUES("607","314","89","1","1","40000","40000","0","0");
INSERT INTO order_detail VALUES("608","314","31","1","1","38000","38000","0","0");
INSERT INTO order_detail VALUES("612","315","1","1","1","26000","26000","0","0");
INSERT INTO order_detail VALUES("613","315","2","1","1","30000","30000","0","0");
INSERT INTO order_detail VALUES("614","315","4","1","1","26000","26000","0","0");
INSERT INTO order_detail VALUES("619","316","36","1","1","38000","38000","0","0");
INSERT INTO order_detail VALUES("620","316","55","1","1","30000","30000","0","0");
INSERT INTO order_detail VALUES("621","317","2","1","1","30000","30000","0","0");
INSERT INTO order_detail VALUES("622","317","31","1","1","38000","38000","0","0");
INSERT INTO order_detail VALUES("624","318","24","1","1","32000","32000","0","0");
INSERT INTO order_detail VALUES("626","319","6","1","1","30000","30000","0","0");
INSERT INTO order_detail VALUES("633","321","46","1","2","45000","90000","0","0");
INSERT INTO order_detail VALUES("637","322","4","1","2","26000","52000","0","0");
INSERT INTO order_detail VALUES("638","322","2","1","1","30000","30000","0","0");
INSERT INTO order_detail VALUES("639","322","8","1","1","30000","30000","0","0");
INSERT INTO order_detail VALUES("651","324","35","1","4","40000","160000","0","0");
INSERT INTO order_detail VALUES("652","324","83","1","1","38000","38000","0","0");
INSERT INTO order_detail VALUES("653","324","38","1","3","40000","120000","0","0");
INSERT INTO order_detail VALUES("654","324","47","1","3","35000","105000","0","0");
INSERT INTO order_detail VALUES("655","324","33","1","1","40000","40000","0","0");
INSERT INTO order_detail VALUES("656","324","17","1","1","40000","40000","0","0");
INSERT INTO order_detail VALUES("657","324","85","1","2","35000","70000","0","0");
INSERT INTO order_detail VALUES("658","324","26","1","1","32000","32000","0","0");
INSERT INTO order_detail VALUES("659","324","37","1","1","38000","38000","0","0");
INSERT INTO order_detail VALUES("660","323","31","1","1","38000","38000","0","0");
INSERT INTO order_detail VALUES("661","323","35","1","1","40000","40000","0","0");
INSERT INTO order_detail VALUES("662","320","31","1","2","38000","76000","0","0");
INSERT INTO order_detail VALUES("663","325","1","1","1","26000","26000","0","0");
INSERT INTO order_detail VALUES("664","325","2","1","1","30000","30000","0","0");
INSERT INTO order_detail VALUES("668","328","18","1","1","30000","30000","0","0");
INSERT INTO order_detail VALUES("669","328","36","1","1","38000","38000","0","0");
INSERT INTO order_detail VALUES("670","329","89","1","1","40000","40000","0","0");
INSERT INTO order_detail VALUES("671","326","34","1","1","38000","38000","0","0");
INSERT INTO order_detail VALUES("672","326","24","1","1","32000","32000","0","0");
INSERT INTO order_detail VALUES("673","327","89","1","2","40000","80000","0","0");
INSERT INTO order_detail VALUES("674","327","2","1","1","30000","30000","0","0");
INSERT INTO order_detail VALUES("675","330","1","1","1","26000","26000","0","0");
INSERT INTO order_detail VALUES("676","330","41","1","1","38000","38000","0","0");
INSERT INTO order_detail VALUES("677","330","55","1","1","30000","30000","0","0");
INSERT INTO order_detail VALUES("678","331","31","1","3","38000","114000","0","0");
INSERT INTO order_detail VALUES("679","331","6","1","1","30000","30000","0","0");
INSERT INTO order_detail VALUES("680","332","13","1","1","35000","35000","0","0");
INSERT INTO order_detail VALUES("693","334","31","1","1","38000","38000","0","0");
INSERT INTO order_detail VALUES("694","334","4","1","1","26000","26000","0","0");
INSERT INTO order_detail VALUES("695","334","45","1","1","40000","40000","0","0");
INSERT INTO order_detail VALUES("696","334","46","1","1","45000","45000","0","0");
INSERT INTO order_detail VALUES("697","335","2","1","1","30000","30000","0","0");
INSERT INTO order_detail VALUES("698","335","32","1","1","38000","38000","0","0");
INSERT INTO order_detail VALUES("699","333","28","1","1","32000","32000","0","0");
INSERT INTO order_detail VALUES("700","333","13","1","1","35000","35000","0","0");
INSERT INTO order_detail VALUES("703","336","46","1","1","45000","45000","0","0");
INSERT INTO order_detail VALUES("704","336","31","0","1","32000","32000","0","0");
INSERT INTO order_detail VALUES("705","337","93","1","1","40000","40000","0","0");
INSERT INTO order_detail VALUES("708","339","52","1","2","25000","50000","0","0");
INSERT INTO order_detail VALUES("709","340","52","1","2","25000","50000","0","0");
INSERT INTO order_detail VALUES("710","338","43","1","3","35000","105000","0","0");
INSERT INTO order_detail VALUES("711","341","52","1","1","25000","25000","0","0");
INSERT INTO order_detail VALUES("712","342","43","1","1","35000","35000","0","0");
INSERT INTO order_detail VALUES("713","342","31","1","1","38000","38000","0","0");
INSERT INTO order_detail VALUES("714","343","52","1","1","25000","25000","0","0");
INSERT INTO order_detail VALUES("715","344","43","1","2","35000","70000","0","0");
INSERT INTO order_detail VALUES("716","344","81","1","1","30000","30000","0","0");
INSERT INTO order_detail VALUES("717","344","20","1","1","35000","35000","0","0");
INSERT INTO order_detail VALUES("718","345","52","1","2","25000","50000","0","0");
INSERT INTO order_detail VALUES("719","346","95","1","1","42000","42000","0","0");
INSERT INTO order_detail VALUES("720","347","13","1","1","35000","35000","0","0");
INSERT INTO order_detail VALUES("721","348","1","1","1","26000","26000","0","0");
INSERT INTO order_detail VALUES("722","349","20","1","1","35000","35000","0","0");
INSERT INTO order_detail VALUES("723","349","12","1","2","35000","70000","0","0");
INSERT INTO order_detail VALUES("724","349","45","1","1","40000","40000","0","0");
INSERT INTO order_detail VALUES("725","349","47","1","2","35000","70000","0","0");
INSERT INTO order_detail VALUES("726","349","91","1","1","20000","20000","0","0");
INSERT INTO order_detail VALUES("727","350","3","0","1","24000","24000","0","0");
INSERT INTO order_detail VALUES("731","352","31","1","1","38000","38000","0","0");
INSERT INTO order_detail VALUES("732","352","32","1","1","38000","38000","0","0");
INSERT INTO order_detail VALUES("737","354","6","1","1","30000","30000","0","0");
INSERT INTO order_detail VALUES("738","354","103","1","2","42000","84000","0","0");
INSERT INTO order_detail VALUES("742","358","52","1","1","25000","25000","0","0");
INSERT INTO order_detail VALUES("743","359","52","1","1","25000","25000","0","0");
INSERT INTO order_detail VALUES("744","360","52","1","1","25000","25000","0","0");
INSERT INTO order_detail VALUES("745","356","43","1","3","35000","105000","0","0");
INSERT INTO order_detail VALUES("746","361","20","1","1","35000","35000","0","0");
INSERT INTO order_detail VALUES("747","361","11","1","1","35000","35000","0","0");
INSERT INTO order_detail VALUES("750","362","52","1","2","25000","50000","0","0");
INSERT INTO order_detail VALUES("751","363","52","1","1","25000","25000","0","0");
INSERT INTO order_detail VALUES("752","355","52","1","2","25000","50000","0","0");
INSERT INTO order_detail VALUES("757","357","43","1","2","35000","70000","0","0");
INSERT INTO order_detail VALUES("758","357","86","1","1","35000","35000","0","0");
INSERT INTO order_detail VALUES("762","365","91","1","2","20000","40000","0","0");
INSERT INTO order_detail VALUES("763","365","43","1","1","35000","35000","0","0");
INSERT INTO order_detail VALUES("764","365","44","1","1","45000","45000","0","0");
INSERT INTO order_detail VALUES("765","364","43","1","1","35000","35000","0","0");
INSERT INTO order_detail VALUES("766","364","11","1","1","35000","35000","0","0");
INSERT INTO order_detail VALUES("767","364","36","1","2","38000","76000","0","0");
INSERT INTO order_detail VALUES("771","366","30","1","1","32000","32000","0","0");
INSERT INTO order_detail VALUES("772","366","13","1","1","35000","35000","0","0");
INSERT INTO order_detail VALUES("773","367","8","1","1","30000","30000","0","0");
INSERT INTO order_detail VALUES("779","368","33","1","1","40000","40000","0","0");
INSERT INTO order_detail VALUES("782","371","21","1","1","32000","32000","0","0");
INSERT INTO order_detail VALUES("783","371","33","1","1","40000","40000","0","0");
INSERT INTO order_detail VALUES("785","369","11","1","1","35000","35000","0","0");
INSERT INTO order_detail VALUES("786","369","38","1","1","40000","40000","0","0");
INSERT INTO order_detail VALUES("787","370","2","1","1","30000","30000","0","0");
INSERT INTO order_detail VALUES("788","370","31","1","1","38000","38000","0","0");
INSERT INTO order_detail VALUES("789","372","31","1","1","38000","38000","0","0");
INSERT INTO order_detail VALUES("796","376","52","1","4","25000","100000","0","0");
INSERT INTO order_detail VALUES("801","377","52","1","2","25000","50000","0","0");
INSERT INTO order_detail VALUES("803","373","8","1","1","30000","30000","0","0");
INSERT INTO order_detail VALUES("804","373","43","1","1","35000","35000","0","0");
INSERT INTO order_detail VALUES("805","378","11","1","1","35000","35000","0","0");
INSERT INTO order_detail VALUES("806","378","1","1","1","26000","26000","0","0");
INSERT INTO order_detail VALUES("807","374","1","1","2","26000","52000","0","0");
INSERT INTO order_detail VALUES("808","374","104","1","1","28000","28000","0","0");
INSERT INTO order_detail VALUES("812","375","52","1","1","25000","25000","0","0");
INSERT INTO order_detail VALUES("813","375","52","1","1","25000","25000","0","0");
INSERT INTO order_detail VALUES("814","375","105","1","1","20000","20000","0","0");
INSERT INTO order_detail VALUES("815","379","52","1","1","25000","25000","0","0");
INSERT INTO order_detail VALUES("816","380","52","1","1","25000","25000","0","0");
INSERT INTO order_detail VALUES("820","381","35","1","2","40000","80000","0","0");
INSERT INTO order_detail VALUES("821","381","3","1","1","30000","30000","0","0");
INSERT INTO order_detail VALUES("822","382","1","1","1","26000","26000","0","0");
INSERT INTO order_detail VALUES("857","384","34","1","1","38000","38000","0","0");
INSERT INTO order_detail VALUES("858","384","107","1","1","30000","30000","0","0");
INSERT INTO order_detail VALUES("859","383","46","1","1","45000","45000","0","0");
INSERT INTO order_detail VALUES("860","383","11","1","1","35000","35000","0","0");
INSERT INTO order_detail VALUES("861","383","1","1","1","26000","26000","0","0");
INSERT INTO order_detail VALUES("862","383","42","1","1","38000","38000","0","0");
INSERT INTO order_detail VALUES("863","383","42","1","1","38000","38000","0","0");
INSERT INTO order_detail VALUES("864","383","22","1","1","32000","32000","0","0");
INSERT INTO order_detail VALUES("865","383","41","1","1","38000","38000","0","0");
INSERT INTO order_detail VALUES("868","386","1","1","1","26000","26000","0","0");
INSERT INTO order_detail VALUES("869","386","6","1","1","30000","30000","0","0");
INSERT INTO order_detail VALUES("873","389","2","1","2","30000","60000","0","0");
INSERT INTO order_detail VALUES("874","389","5","1","5","30000","150000","0","0");
INSERT INTO order_detail VALUES("875","390","2","1","5","30000","140000","0","2000");
INSERT INTO order_detail VALUES("876","390","2","1","1","30000","25000","0","5000");
INSERT INTO order_detail VALUES("877","391","2","1","3","30000","82500","0","2500");
INSERT INTO order_detail VALUES("889","387","8","1","1","30000","30000","0","0");
INSERT INTO order_detail VALUES("890","387","31","1","1","38000","38000","0","0");
INSERT INTO order_detail VALUES("891","394","52","1","2","25000","50000","0","0");
INSERT INTO order_detail VALUES("892","398","108","1","1","15000","15000","0","");
INSERT INTO order_detail VALUES("893","396","52","1","1","25000","25000","0","0");
INSERT INTO order_detail VALUES("896","388","17","1","1","40000","40000","0","0");
INSERT INTO order_detail VALUES("897","388","43","1","1","35000","35000","0","0");
INSERT INTO order_detail VALUES("899","399","52","1","3","25000","75000","0","0");
INSERT INTO order_detail VALUES("900","393","43","1","2","35000","70000","0","0");
INSERT INTO order_detail VALUES("901","393","1","1","1","26000","26000","0","0");
INSERT INTO order_detail VALUES("902","395","52","1","2","25000","50000","0","0");
INSERT INTO order_detail VALUES("903","395","6","1","2","30000","60000","0","0");
INSERT INTO order_detail VALUES("907","401","11","1","1","35000","35000","0","0");
INSERT INTO order_detail VALUES("908","401","55","1","1","30000","30000","0","0");
INSERT INTO order_detail VALUES("921","400","1","1","1","26000","26000","0","0");
INSERT INTO order_detail VALUES("922","400","2","1","1","30000","30000","0","0");
INSERT INTO order_detail VALUES("923","402","3","1","1","30000","30000","0","0");
INSERT INTO order_detail VALUES("924","402","38","1","1","40000","40000","0","0");
INSERT INTO order_detail VALUES("925","402","8","1","1","30000","30000","0","0");
INSERT INTO order_detail VALUES("926","402","32","1","1","38000","38000","0","0");
INSERT INTO order_detail VALUES("929","403","35","1","2","40000","80000","0","0");
INSERT INTO order_detail VALUES("952","410","1","1","5","26000","130000","0","-1");
INSERT INTO order_detail VALUES("953","410","2","1","9","30000","270000","0","-1");
INSERT INTO order_detail VALUES("954","410","3","1","4","30000","120000","0","-1");
INSERT INTO order_detail VALUES("955","411","4","1","1","26000","20800","0","-1");
INSERT INTO order_detail VALUES("957","411","2","1","1","30000","24000","0","-1");
INSERT INTO order_detail VALUES("958","411","2","1","1","30000","30000","0","-1");
INSERT INTO order_detail VALUES("967","412","3","1","1","30000","30000","0","-1");
INSERT INTO order_detail VALUES("968","412","3","1","1","30000","24000","0","27");
INSERT INTO order_detail VALUES("973","413","1","1","1","26000","26000","0","-1");
INSERT INTO order_detail VALUES("974","415","118","1","1","26000","26000","0","-1");
INSERT INTO order_detail VALUES("978","418","52","1","3","25000","75000","0","-1");
INSERT INTO order_detail VALUES("979","419","52","1","2","25000","50000","0","-1");
INSERT INTO order_detail VALUES("980","417","52","1","1","25000","25000","0","-1");
INSERT INTO order_detail VALUES("984","420","119","1","1","12000","12000","0","-1");
INSERT INTO order_detail VALUES("986","416","43","1","1","35000","35000","0","-1");
INSERT INTO order_detail VALUES("987","416","2","1","1","30000","30000","0","-1");
INSERT INTO order_detail VALUES("988","421","6","1","2","30000","60000","0","-1");
INSERT INTO order_detail VALUES("989","414","117","1","1","28000","28000","0","-1");
INSERT INTO order_detail VALUES("990","414","43","1","1","35000","35000","0","-1");
INSERT INTO order_detail VALUES("994","422","43","1","1","35000","35000","0","-1");
INSERT INTO order_detail VALUES("1001","424","36","1","1","38000","38000","0","-1");
INSERT INTO order_detail VALUES("1002","425","31","0","1","32000","0","0","-1");
INSERT INTO order_detail VALUES("1003","426","31","1","1","38000","38000","0","-1");
INSERT INTO order_detail VALUES("1004","427","52","1","1","25000","25000","0","-1");
INSERT INTO order_detail VALUES("1005","428","36","1","1","38000","38000","0","-1");
INSERT INTO order_detail VALUES("1010","423","43","1","1","35000","35000","0","-1");
INSERT INTO order_detail VALUES("1011","423","31","1","3","38000","114000","0","-1");
INSERT INTO order_detail VALUES("1012","423","1","1","2","26000","52000","0","-1");
INSERT INTO order_detail VALUES("1013","423","6","1","1","30000","30000","0","-1");
INSERT INTO order_detail VALUES("1014","429","52","1","1","25000","25000","0","-1");
INSERT INTO order_detail VALUES("1015","429","6","0","1","24000","0","0","-1");
INSERT INTO order_detail VALUES("1016","430","52","1","1","25000","25000","0","-1");
INSERT INTO order_detail VALUES("1017","431","6","1","1","30000","30000","0","-1");
INSERT INTO order_detail VALUES("1019","432","31","0","1","32000","32000","0","-1");
INSERT INTO order_detail VALUES("1021","433","6","0","1","24000","24000","0","-1");
INSERT INTO order_detail VALUES("1023","434","31","0","1","38000","38000","0","-1");
INSERT INTO order_detail VALUES("1026","435","18","1","2","30000","60000","0","-1");
INSERT INTO order_detail VALUES("1027","435","17","1","1","40000","40000","0","-1");
INSERT INTO order_detail VALUES("1028","436","2","1","1","30000","30000","0","-1");
INSERT INTO order_detail VALUES("1034","439","22","1","1","32000","32000","0","-1");
INSERT INTO order_detail VALUES("1035","440","2","1","2","30000","60000","0","-1");
INSERT INTO order_detail VALUES("1036","440","32","1","1","38000","38000","0","-1");
INSERT INTO order_detail VALUES("1037","440","22","1","1","32000","32000","0","-1");
INSERT INTO order_detail VALUES("1038","440","6","1","1","30000","30000","0","-1");
INSERT INTO order_detail VALUES("1042","442","89","1","1","40000","40000","0","-1");
INSERT INTO order_detail VALUES("1043","441","55","1","2","30000","60000","0","-1");
INSERT INTO order_detail VALUES("1044","441","31","1","2","38000","76000","0","-1");
INSERT INTO order_detail VALUES("1045","441","15","1","1","35000","35000","0","-1");
INSERT INTO order_detail VALUES("1046","443","34","1","1","38000","38000","0","-1");
INSERT INTO order_detail VALUES("1047","444","88","1","1","35000","35000","0","-1");
INSERT INTO order_detail VALUES("1051","446","52","1","1","25000","25000","0","-1");
INSERT INTO order_detail VALUES("1052","447","52","1","1","25000","25000","0","-1");
INSERT INTO order_detail VALUES("1053","445","52","1","5","25000","125000","0","-1");
INSERT INTO order_detail VALUES("1054","445","122","1","2","5000","10000","0","-1");
INSERT INTO order_detail VALUES("1055","448","52","1","1","25000","25000","0","-1");
INSERT INTO order_detail VALUES("1056","449","52","1","1","25000","25000","0","-1");
INSERT INTO order_detail VALUES("1058","450","1","1","3","26000","78000","0","-1");
INSERT INTO order_detail VALUES("1082","453","20","1","1","35000","35000","0","-1");
INSERT INTO order_detail VALUES("1093","454","35","1","1","40000","40000","0","-1");
INSERT INTO order_detail VALUES("1094","454","15","1","1","35000","35000","0","-1");
INSERT INTO order_detail VALUES("1098","452","31","1","3","38000","114000","0","-1");
INSERT INTO order_detail VALUES("1099","452","32","1","1","38000","38000","0","-1");
INSERT INTO order_detail VALUES("1100","452","47","1","1","35000","35000","0","-1");
INSERT INTO order_detail VALUES("1101","455","1","1","1","26000","26000","0","-1");
INSERT INTO order_detail VALUES("1102","455","17","1","2","40000","80000","0","-1");
INSERT INTO order_detail VALUES("1103","455","6","1","1","30000","30000","0","-1");
INSERT INTO order_detail VALUES("1104","455","20","1","1","35000","35000","0","-1");
INSERT INTO order_detail VALUES("1105","455","3","1","1","30000","30000","0","-1");
INSERT INTO order_detail VALUES("1106","456","46","1","1","45000","45000","0","-1");
INSERT INTO order_detail VALUES("1107","456","45","1","1","40000","40000","0","-1");
INSERT INTO order_detail VALUES("1108","456","124","1","1","40000","40000","0","-1");
INSERT INTO order_detail VALUES("1109","457","47","1","2","35000","70000","0","-1");
INSERT INTO order_detail VALUES("1113","458","31","1","2","38000","76000","0","-1");
INSERT INTO order_detail VALUES("1114","460","22","1","1","32000","32000","0","-1");
INSERT INTO order_detail VALUES("1115","460","28","1","1","32000","32000","0","-1");
INSERT INTO order_detail VALUES("1116","461","28","1","1","32000","32000","0","-1");
INSERT INTO order_detail VALUES("1117","461","40","1","1","38000","38000","0","-1");
INSERT INTO order_detail VALUES("1118","462","20","1","1","35000","35000","0","-1");
INSERT INTO order_detail VALUES("1119","462","125","1","1","25000","25000","0","-1");
INSERT INTO order_detail VALUES("1120","463","35","1","1","40000","40000","0","-1");
INSERT INTO order_detail VALUES("1121","463","31","1","1","38000","38000","0","-1");
INSERT INTO order_detail VALUES("1122","464","31","1","1","38000","38000","0","-1");
INSERT INTO order_detail VALUES("1123","464","2","1","1","30000","30000","0","-1");
INSERT INTO order_detail VALUES("1127","459","1","1","1","26000","26000","0","-1");
INSERT INTO order_detail VALUES("1128","465","1","1","1","26000","26000","0","-1");
INSERT INTO order_detail VALUES("1129","465","42","1","1","38000","38000","0","-1");
INSERT INTO order_detail VALUES("1130","465","12","1","1","35000","35000","0","-1");
INSERT INTO order_detail VALUES("1131","466","1","1","2","26000","52000","0","-1");
INSERT INTO order_detail VALUES("1132","467","31","1","1","38000","38000","0","-1");
INSERT INTO order_detail VALUES("1133","468","52","1","1","25000","25000","0","-1");
INSERT INTO order_detail VALUES("1140","471","43","1","6","35000","210000","0","-1");
INSERT INTO order_detail VALUES("1141","471","89","1","1","40000","40000","0","-1");
INSERT INTO order_detail VALUES("1142","471","126","1","1","32000","32000","0","-1");
INSERT INTO order_detail VALUES("1143","470","43","1","2","35000","70000","0","-1");
INSERT INTO order_detail VALUES("1144","469","2","1","1","30000","30000","0","-1");
INSERT INTO order_detail VALUES("1145","469","3","1","1","30000","30000","0","-1");
INSERT INTO order_detail VALUES("1146","472","52","1","5","25000","125000","0","-1");
INSERT INTO order_detail VALUES("1147","473","6","1","1","30000","30000","0","-1");
INSERT INTO order_detail VALUES("1148","473","31","1","2","38000","76000","0","-1");
INSERT INTO order_detail VALUES("1149","473","47","1","1","35000","35000","0","-1");
INSERT INTO order_detail VALUES("1150","473","88","1","2","35000","70000","0","-1");
INSERT INTO order_detail VALUES("1151","473","89","1","1","40000","40000","0","-1");
INSERT INTO order_detail VALUES("1152","474","91","1","1","20000","20000","0","-1");
INSERT INTO order_detail VALUES("1153","475","6","1","1","30000","30000","0","-1");
INSERT INTO order_detail VALUES("1154","475","17","1","1","40000","40000","0","-1");
INSERT INTO order_detail VALUES("1155","476","31","0","1","32000","32000","0","-1");
INSERT INTO order_detail VALUES("1156","477","52","1","1","25000","25000","0","-1");
INSERT INTO order_detail VALUES("1157","477","52","1","1","25000","25000","0","-1");
INSERT INTO order_detail VALUES("1158","478","35","0","1","34000","34000","0","-1");
INSERT INTO order_detail VALUES("1159","478","22","0","1","26000","26000","0","-1");
INSERT INTO order_detail VALUES("1161","479","1","1","1","26000","26000","0","-1");
INSERT INTO order_detail VALUES("1162","480","42","1","1","38000","38000","0","-1");
INSERT INTO order_detail VALUES("1163","481","1","1","2","26000","52000","0","-1");
INSERT INTO order_detail VALUES("1164","482","52","1","2","25000","50000","0","-1");
INSERT INTO order_detail VALUES("1167","483","13","1","2","35000","70000","0","-1");
INSERT INTO order_detail VALUES("1168","483","17","1","1","40000","40000","0","-1");
INSERT INTO order_detail VALUES("1169","484","52","1","2","25000","50000","0","-1");
INSERT INTO order_detail VALUES("1173","486","52","1","1","25000","25000","0","-1");
INSERT INTO order_detail VALUES("1174","487","43","1","2","35000","70000","0","-1");
INSERT INTO order_detail VALUES("1175","485","31","1","1","38000","38000","0","-1");
INSERT INTO order_detail VALUES("1176","485","15","1","1","35000","35000","0","-1");
INSERT INTO order_detail VALUES("1177","488","43","1","1","35000","35000","0","-1");
INSERT INTO order_detail VALUES("1179","490","31","1","1","38000","38000","0","-1");
INSERT INTO order_detail VALUES("1180","491","52","1","1","25000","25000","0","-1");
INSERT INTO order_detail VALUES("1183","493","52","1","1","25000","25000","0","-1");
INSERT INTO order_detail VALUES("1184","492","43","1","3","35000","105000","0","-1");
INSERT INTO order_detail VALUES("1185","492","91","1","1","20000","20000","0","-1");
INSERT INTO order_detail VALUES("1186","492","4","1","1","26000","26000","0","-1");
INSERT INTO order_detail VALUES("1187","494","91","1","1","20000","20000","0","-1");
INSERT INTO order_detail VALUES("1188","495","17","1","1","40000","40000","0","-1");
INSERT INTO order_detail VALUES("1189","496","32","1","1","38000","38000","0","-1");
INSERT INTO order_detail VALUES("1190","497","13","1","1","35000","35000","0","-1");
INSERT INTO order_detail VALUES("1191","498","18","1","1","30000","30000","0","-1");
INSERT INTO order_detail VALUES("1196","502","20","1","1","35000","35000","0","-1");
INSERT INTO order_detail VALUES("1197","500","2","1","1","30000","30000","0","-1");
INSERT INTO order_detail VALUES("1198","500","3","1","1","30000","30000","0","-1");
INSERT INTO order_detail VALUES("1199","501","2","1","1","30000","30000","0","-1");
INSERT INTO order_detail VALUES("1200","501","34","1","1","38000","38000","0","-1");
INSERT INTO order_detail VALUES("1202","503","55","1","2","30000","60000","0","-1");
INSERT INTO order_detail VALUES("1203","504","4","1","1","26000","26000","0","-1");
INSERT INTO order_detail VALUES("1204","504","6","1","1","30000","30000","0","-1");
INSERT INTO order_detail VALUES("1206","506","129","1","2","50000","100000","0","-1");
INSERT INTO order_detail VALUES("1207","507","31","1","1","38000","38000","0","-1");
INSERT INTO order_detail VALUES("1208","507","6","1","1","30000","30000","0","-1");
INSERT INTO order_detail VALUES("1213","509","43","1","1","35000","35000","0","-1");
INSERT INTO order_detail VALUES("1214","510","52","1","2","25000","50000","0","-1");
INSERT INTO order_detail VALUES("1215","505","52","1","1","25000","25000","0","-1");
INSERT INTO order_detail VALUES("1216","511","52","1","1","25000","25000","0","-1");
INSERT INTO order_detail VALUES("1226","514","43","1","2","35000","70000","0","-1");
INSERT INTO order_detail VALUES("1227","508","47","1","1","35000","35000","0","-1");
INSERT INTO order_detail VALUES("1228","508","46","1","1","45000","45000","0","-1");
INSERT INTO order_detail VALUES("1229","508","43","1","1","35000","35000","0","-1");
INSERT INTO order_detail VALUES("1230","508","85","1","1","35000","35000","0","-1");
INSERT INTO order_detail VALUES("1231","508","22","1","1","32000","32000","0","-1");
INSERT INTO order_detail VALUES("1237","516","43","1","1","35000","35000","0","-1");
INSERT INTO order_detail VALUES("1238","513","86","0","1","29000","29000","0","-1");
INSERT INTO order_detail VALUES("1239","515","43","1","2","35000","70000","0","-1");
INSERT INTO order_detail VALUES("1240","515","45","1","1","40000","40000","0","-1");
INSERT INTO order_detail VALUES("1241","515","47","1","2","35000","70000","0","-1");
INSERT INTO order_detail VALUES("1242","515","46","1","1","45000","45000","0","-1");
INSERT INTO order_detail VALUES("1246","517","52","1","2","25000","50000","0","-1");
INSERT INTO order_detail VALUES("1247","517","3","0","1","24000","24000","0","-1");
INSERT INTO order_detail VALUES("1248","519","55","0","1","24000","24000","0","-1");
INSERT INTO order_detail VALUES("1249","519","8","0","1","24000","24000","0","-1");
INSERT INTO order_detail VALUES("1250","519","41","0","1","32000","32000","0","-1");
INSERT INTO order_detail VALUES("1251","512","31","1","1","38000","38000","0","-1");
INSERT INTO order_detail VALUES("1252","512","91","1","1","20000","20000","0","-1");
INSERT INTO order_detail VALUES("1253","518","52","1","2","25000","50000","0","-1");
INSERT INTO order_detail VALUES("1266","521","135","1","1","30000","30000","0","-1");
INSERT INTO order_detail VALUES("1267","520","37","1","1","38000","38000","0","-1");
INSERT INTO order_detail VALUES("1268","520","40","1","1","38000","38000","0","-1");
INSERT INTO order_detail VALUES("1269","520","6","1","1","30000","30000","0","-1");
INSERT INTO order_detail VALUES("1270","522","55","1","1","30000","30000","0","-1");
INSERT INTO order_detail VALUES("1271","522","36","1","1","38000","38000","0","-1");
INSERT INTO order_detail VALUES("1272","522","136","1","1","40000","40000","0","-1");
INSERT INTO order_detail VALUES("1274","523","120","1","1","28000","28000","0","-1");
INSERT INTO order_detail VALUES("1275","524","43","1","1","35000","35000","0","-1");
INSERT INTO order_detail VALUES("1276","525","52","1","1","25000","25000","0","-1");
INSERT INTO order_detail VALUES("1277","526","52","1","2","25000","50000","0","-1");
INSERT INTO order_detail VALUES("1278","527","43","1","3","35000","105000","0","-1");
INSERT INTO order_detail VALUES("1281","529","52","1","1","25000","25000","0","-1");
INSERT INTO order_detail VALUES("1287","528","43","1","6","35000","210000","0","-1");
INSERT INTO order_detail VALUES("1288","528","85","1","1","35000","35000","0","-1");
INSERT INTO order_detail VALUES("1289","530","43","1","2","35000","70000","0","-1");
INSERT INTO order_detail VALUES("1290","530","35","1","1","40000","40000","0","-1");
INSERT INTO order_detail VALUES("1294","533","52","1","2","25000","50000","0","-1");
INSERT INTO order_detail VALUES("1295","534","55","1","1","30000","30000","0","-1");
INSERT INTO order_detail VALUES("1296","534","1","1","1","26000","26000","0","-1");
INSERT INTO order_detail VALUES("1299","536","52","1","1","25000","25000","0","-1");
INSERT INTO order_detail VALUES("1300","536","43","1","1","35000","35000","0","-1");
INSERT INTO order_detail VALUES("1302","532","31","1","1","38000","38000","0","-1");
INSERT INTO order_detail VALUES("1303","532","1","1","1","26000","26000","0","-1");
INSERT INTO order_detail VALUES("1304","532","88","1","1","35000","35000","0","-1");
INSERT INTO order_detail VALUES("1305","531","52","1","1","25000","25000","0","-1");
INSERT INTO order_detail VALUES("1306","535","1","1","1","26000","26000","0","-1");
INSERT INTO order_detail VALUES("1307","535","55","1","1","30000","30000","0","-1");
INSERT INTO order_detail VALUES("1308","537","35","1","1","40000","40000","0","-1");
INSERT INTO order_detail VALUES("1309","538","52","1","1","25000","25000","0","-1");
INSERT INTO order_detail VALUES("1310","539","13","1","1","35000","35000","0","-1");
INSERT INTO order_detail VALUES("1311","540","11","1","1","35000","35000","0","-1");
INSERT INTO order_detail VALUES("1312","541","12","1","1","35000","35000","0","-1");
INSERT INTO order_detail VALUES("1313","542","31","1","1","38000","38000","0","-1");
INSERT INTO order_detail VALUES("1314","543","35","1","1","40000","40000","0","-1");
INSERT INTO order_detail VALUES("1326","546","4","1","1","26000","26000","0","-1");
INSERT INTO order_detail VALUES("1327","546","15","1","1","35000","35000","0","-1");
INSERT INTO order_detail VALUES("1328","546","42","1","1","38000","38000","0","-1");
INSERT INTO order_detail VALUES("1329","547","137","1","1","40000","40000","0","-1");
INSERT INTO order_detail VALUES("1331","545","24","1","1","32000","32000","0","-1");
INSERT INTO order_detail VALUES("1332","545","2","1","1","30000","30000","0","-1");
INSERT INTO order_detail VALUES("1334","549","32","1","1","38000","38000","0","-1");
INSERT INTO order_detail VALUES("1335","544","83","1","1","38000","38000","0","-1");
INSERT INTO order_detail VALUES("1336","548","12","1","1","35000","35000","0","-1");
INSERT INTO order_detail VALUES("1337","550","52","1","3","25000","75000","0","-1");
INSERT INTO order_detail VALUES("1338","550","138","1","1","5000","5000","0","-1");
INSERT INTO order_detail VALUES("1339","551","52","1","3","25000","75000","0","-1");
INSERT INTO order_detail VALUES("1353","556","52","1","1","25000","25000","0","-1");
INSERT INTO order_detail VALUES("1354","557","48","1","2","35000","70000","0","-1");
INSERT INTO order_detail VALUES("1355","557","47","1","1","35000","35000","0","-1");
INSERT INTO order_detail VALUES("1356","557","46","1","1","45000","45000","0","-1");
INSERT INTO order_detail VALUES("1357","557","88","1","1","35000","35000","0","-1");
INSERT INTO order_detail VALUES("1358","554","43","1","3","35000","105000","0","-1");
INSERT INTO order_detail VALUES("1361","560","52","1","1","25000","25000","0","-1");
INSERT INTO order_detail VALUES("1362","553","2","1","1","30000","30000","0","-1");
INSERT INTO order_detail VALUES("1363","553","32","1","1","38000","38000","0","-1");
INSERT INTO order_detail VALUES("1364","552","44","1","1","45000","45000","0","-1");
INSERT INTO order_detail VALUES("1365","552","88","1","1","35000","35000","0","-1");
INSERT INTO order_detail VALUES("1366","552","85","1","1","35000","35000","0","-1");
INSERT INTO order_detail VALUES("1367","558","31","1","1","38000","38000","0","-1");
INSERT INTO order_detail VALUES("1368","555","28","1","1","32000","32000","0","-1");
INSERT INTO order_detail VALUES("1369","555","2","1","1","30000","30000","0","-1");
INSERT INTO order_detail VALUES("1370","555","43","1","2","35000","70000","0","-1");
INSERT INTO order_detail VALUES("1371","559","52","1","1","25000","25000","0","-1");
INSERT INTO order_detail VALUES("1372","561","31","1","1","38000","38000","0","-1");
INSERT INTO order_detail VALUES("1373","562","31","1","2","38000","76000","0","-1");
INSERT INTO order_detail VALUES("1374","563","52","1","1","25000","25000","0","-1");
INSERT INTO order_detail VALUES("1375","564","34","1","1","38000","38000","0","-1");
INSERT INTO order_detail VALUES("1377","565","85","0","1","35000","35000","0","-1");
INSERT INTO order_detail VALUES("1379","566","47","1","2","35000","70000","0","-1");
INSERT INTO order_detail VALUES("1382","567","33","1","1","40000","40000","0","-1");
INSERT INTO order_detail VALUES("1383","567","6","1","1","30000","30000","0","-1");
INSERT INTO order_detail VALUES("1384","568","54","1","1","30000","30000","0","-1");
INSERT INTO order_detail VALUES("1385","569","2","1","1","30000","30000","0","-1");
INSERT INTO order_detail VALUES("1386","570","5","1","1","30000","30000","0","-1");
INSERT INTO order_detail VALUES("1387","571","8","1","1","30000","30000","0","-1");
INSERT INTO order_detail VALUES("1388","572","17","1","1","40000","40000","0","-1");
INSERT INTO order_detail VALUES("1389","572","15","1","2","35000","70000","0","-1");
INSERT INTO order_detail VALUES("1390","572","2","1","1","30000","30000","0","-1");
INSERT INTO order_detail VALUES("1391","572","3","1","1","30000","30000","0","-1");
INSERT INTO order_detail VALUES("1392","573","4","1","1","26000","26000","0","-1");
INSERT INTO order_detail VALUES("1393","573","1","1","1","26000","26000","0","-1");
INSERT INTO order_detail VALUES("1394","574","35","1","1","40000","40000","0","-1");
INSERT INTO order_detail VALUES("1402","575","24","1","1","32000","32000","0","-1");
INSERT INTO order_detail VALUES("1403","575","29","1","1","32000","32000","0","-1");
INSERT INTO order_detail VALUES("1404","575","91","1","2","20000","40000","0","-1");
INSERT INTO order_detail VALUES("1405","577","43","1","1","35000","35000","0","-1");
INSERT INTO order_detail VALUES("1406","577","9","1","1","30000","30000","0","-1");
INSERT INTO order_detail VALUES("1410","580","46","1","1","45000","45000","0","-1");
INSERT INTO order_detail VALUES("1411","579","52","1","1","25000","25000","0","-1");
INSERT INTO order_detail VALUES("1412","581","52","1","2","25000","50000","0","-1");
INSERT INTO order_detail VALUES("1413","581","8","1","1","30000","30000","0","-1");
INSERT INTO order_detail VALUES("1424","578","31","1","3","38000","114000","0","-1");
INSERT INTO order_detail VALUES("1425","578","1","1","1","26000","26000","0","-1");
INSERT INTO order_detail VALUES("1426","578","17","1","1","40000","40000","0","-1");
INSERT INTO order_detail VALUES("1427","582","2","1","1","30000","30000","0","-1");
INSERT INTO order_detail VALUES("1428","583","40","1","1","38000","38000","0","-1");
INSERT INTO order_detail VALUES("1429","576","3","1","1","30000","30000","0","-1");
INSERT INTO order_detail VALUES("1430","576","20","1","1","35000","35000","0","-1");
INSERT INTO order_detail VALUES("1431","576","26","1","1","32000","32000","0","-1");
INSERT INTO order_detail VALUES("1432","584","17","1","1","40000","40000","0","-1");
INSERT INTO order_detail VALUES("1433","585","2","1","1","30000","30000","0","-1");
INSERT INTO order_detail VALUES("1434","586","43","1","1","35000","35000","0","-1");
INSERT INTO order_detail VALUES("1435","586","18","1","1","30000","30000","0","-1");
INSERT INTO order_detail VALUES("1438","587","128","1","2","30000","60000","0","-1");
INSERT INTO order_detail VALUES("1439","587","157","1","2","10000","20000","0","-1");
INSERT INTO order_detail VALUES("1440","588","129","1","1","50000","50000","0","-1");
INSERT INTO order_detail VALUES("1441","588","158","1","2","10000","20000","0","-1");
INSERT INTO order_detail VALUES("1450","589","23","1","1","32000","32000","0","-1");
INSERT INTO order_detail VALUES("1451","589","29","1","1","32000","32000","0","-1");
INSERT INTO order_detail VALUES("1452","589","35","1","1","40000","40000","0","-1");
INSERT INTO order_detail VALUES("1453","589","37","1","1","38000","38000","0","-1");
INSERT INTO order_detail VALUES("1456","590","28","1","1","32000","32000","0","-1");
INSERT INTO order_detail VALUES("1457","590","36","1","1","38000","38000","0","-1");
INSERT INTO order_detail VALUES("1458","591","28","1","1","32000","32000","0","-1");
INSERT INTO order_detail VALUES("1459","591","36","1","1","38000","38000","0","-1");
INSERT INTO order_detail VALUES("1465","592","4","1","1","26000","26000","0","-1");
INSERT INTO order_detail VALUES("1466","592","26","1","1","32000","32000","0","-1");
INSERT INTO order_detail VALUES("1467","592","160","1","2","95000","190000","0","-1");
INSERT INTO order_detail VALUES("1473","596","54","1","1","30000","30000","0","-1");
INSERT INTO order_detail VALUES("1474","593","2","1","1","30000","30000","0","-1");
INSERT INTO order_detail VALUES("1482","598","161","1","1","40000","40000","0","-1");
INSERT INTO order_detail VALUES("1483","597","46","1","2","45000","90000","0","-1");
INSERT INTO order_detail VALUES("1484","597","2","1","2","30000","60000","0","-1");
INSERT INTO order_detail VALUES("1485","597","1","1","1","26000","26000","0","-1");
INSERT INTO order_detail VALUES("1486","597","3","1","1","30000","30000","0","-1");
INSERT INTO order_detail VALUES("1487","597","4","1","1","26000","26000","0","-1");
INSERT INTO order_detail VALUES("1488","597","10","1","1","30000","30000","0","-1");
INSERT INTO order_detail VALUES("1489","597","162","1","1","30000","30000","0","-1");
INSERT INTO order_detail VALUES("1491","599","163","1","1","40000","40000","0","-1");
INSERT INTO order_detail VALUES("1492","594","1","1","2","26000","52000","0","-1");
INSERT INTO order_detail VALUES("1503","602","43","1","2","35000","70000","0","-1");
INSERT INTO order_detail VALUES("1504","602","164","1","1","40000","40000","0","-1");
INSERT INTO order_detail VALUES("1505","600","32","1","1","38000","38000","0","-1");
INSERT INTO order_detail VALUES("1506","600","34","1","1","38000","38000","0","-1");
INSERT INTO order_detail VALUES("1507","601","29","1","1","32000","32000","0","-1");
INSERT INTO order_detail VALUES("1508","601","24","1","1","32000","32000","0","-1");
INSERT INTO order_detail VALUES("1509","601","18","1","1","30000","30000","0","-1");
INSERT INTO order_detail VALUES("1511","603","133","1","1","84000","84000","0","-1");
INSERT INTO order_detail VALUES("1512","604","7","1","1","30000","30000","0","-1");
INSERT INTO order_detail VALUES("1513","605","28","1","1","32000","32000","0","-1");
INSERT INTO order_detail VALUES("1514","605","31","1","1","38000","38000","0","-1");
INSERT INTO order_detail VALUES("1515","606","155","1","7","10000","70000","0","-1");
INSERT INTO order_detail VALUES("1516","607","85","1","1","35000","35000","0","-1");
INSERT INTO order_detail VALUES("1517","607","20","1","1","35000","35000","0","-1");
INSERT INTO order_detail VALUES("1518","608","37","1","1","38000","38000","0","-1");
INSERT INTO order_detail VALUES("1519","608","42","1","1","38000","38000","0","-1");
INSERT INTO order_detail VALUES("1520","609","15","1","1","35000","35000","0","-1");
INSERT INTO order_detail VALUES("1521","609","38","1","1","40000","40000","0","-1");
INSERT INTO order_detail VALUES("1522","610","35","1","1","40000","40000","0","-1");
INSERT INTO order_detail VALUES("1523","610","31","1","1","38000","38000","0","-1");
INSERT INTO order_detail VALUES("1524","610","33","1","1","40000","40000","0","-1");
INSERT INTO order_detail VALUES("1541","616","1","1","1","26000","26000","0","-1");
INSERT INTO order_detail VALUES("1542","616","5","1","1","30000","30000","0","-1");
INSERT INTO order_detail VALUES("1543","611","38","1","1","40000","40000","0","-1");
INSERT INTO order_detail VALUES("1544","611","8","1","1","30000","30000","0","-1");
INSERT INTO order_detail VALUES("1545","612","39","1","1","42000","42000","0","-1");
INSERT INTO order_detail VALUES("1546","612","20","1","1","35000","35000","0","-1");
INSERT INTO order_detail VALUES("1547","613","35","1","1","40000","40000","0","-1");
INSERT INTO order_detail VALUES("1548","613","83","1","1","38000","38000","0","-1");
INSERT INTO order_detail VALUES("1549","613","28","1","1","32000","32000","0","-1");
INSERT INTO order_detail VALUES("1550","613","55","1","1","30000","30000","0","-1");
INSERT INTO order_detail VALUES("1551","613","20","1","1","35000","35000","0","-1");
INSERT INTO order_detail VALUES("1552","613","24","1","1","32000","32000","0","-1");
INSERT INTO order_detail VALUES("1553","613","23","1","1","32000","32000","0","-1");
INSERT INTO order_detail VALUES("1554","613","31","1","1","38000","38000","0","-1");
INSERT INTO order_detail VALUES("1555","615","7","1","1","30000","30000","0","-1");
INSERT INTO order_detail VALUES("1556","617","39","1","1","42000","42000","0","-1");
INSERT INTO order_detail VALUES("1557","618","40","1","1","38000","38000","0","-1");
INSERT INTO order_detail VALUES("1558","614","91","1","1","20000","20000","0","-1");
INSERT INTO order_detail VALUES("1559","614","1","1","1","26000","26000","0","-1");
INSERT INTO order_detail VALUES("1560","619","28","1","2","32000","64000","0","-1");
INSERT INTO order_detail VALUES("1561","619","39","1","1","42000","42000","0","-1");
INSERT INTO order_detail VALUES("1584","621","26","1","1","32000","32000","0","-1");
INSERT INTO order_detail VALUES("1585","621","2","1","2","30000","60000","0","-1");
INSERT INTO order_detail VALUES("1586","621","88","1","1","35000","35000","0","-1");
INSERT INTO order_detail VALUES("1587","622","155","1","10","10000","100000","0","-1");
INSERT INTO order_detail VALUES("1604","620","1","1","5","26000","130000","0","-1");
INSERT INTO order_detail VALUES("1605","620","31","1","1","38000","38000","0","-1");
INSERT INTO order_detail VALUES("1606","620","2","1","1","30000","30000","0","-1");
INSERT INTO order_detail VALUES("1607","626","52","1","2","25000","50000","0","-1");
INSERT INTO order_detail VALUES("1609","627","52","1","1","25000","25000","0","-1");
INSERT INTO order_detail VALUES("1610","624","43","1","2","35000","70000","0","-1");
INSERT INTO order_detail VALUES("1611","625","52","1","2","25000","50000","0","-1");
INSERT INTO order_detail VALUES("1612","628","52","1","1","25000","25000","0","-1");
INSERT INTO order_detail VALUES("1613","629","91","1","1","20000","20000","0","-1");
INSERT INTO order_detail VALUES("1616","623","81","1","1","30000","30000","0","-1");
INSERT INTO order_detail VALUES("1617","623","165","1","1","20000","20000","0","-1");
INSERT INTO order_detail VALUES("1618","623","34","1","1","38000","38000","0","-1");
INSERT INTO order_detail VALUES("1619","623","23","1","1","32000","32000","0","-1");
INSERT INTO order_detail VALUES("1620","623","33","1","1","40000","40000","0","-1");
INSERT INTO order_detail VALUES("1621","631","52","1","2","25000","50000","0","-1");
INSERT INTO order_detail VALUES("1622","631","42","0","1","32000","32000","0","-1");
INSERT INTO order_detail VALUES("1625","632","13","1","1","35000","35000","0","-1");
INSERT INTO order_detail VALUES("1628","630","52","1","1","25000","25000","0","-1");
INSERT INTO order_detail VALUES("1629","630","31","0","1","32000","32000","0","-1");
INSERT INTO order_detail VALUES("1630","633","42","1","1","38000","38000","0","-1");
INSERT INTO order_detail VALUES("1643","634","83","1","1","38000","38000","0","-1");
INSERT INTO order_detail VALUES("1644","635","33","1","1","40000","40000","0","-1");
INSERT INTO order_detail VALUES("1645","635","31","1","1","38000","38000","0","-1");
INSERT INTO order_detail VALUES("1646","635","84","1","1","38000","38000","0","-1");
INSERT INTO order_detail VALUES("1647","635","27","1","1","32000","32000","0","-1");
INSERT INTO order_detail VALUES("1648","636","2","1","2","30000","60000","0","-1");
INSERT INTO order_detail VALUES("1649","637","35","1","1","40000","40000","0","-1");
INSERT INTO order_detail VALUES("1650","638","35","0","1","34000","34000","0","-1");
INSERT INTO order_detail VALUES("1651","639","43","1","2","35000","70000","0","-1");
INSERT INTO order_detail VALUES("1658","641","52","1","1","25000","25000","0","-1");
INSERT INTO order_detail VALUES("1661","643","52","1","2","25000","50000","0","-1");
INSERT INTO order_detail VALUES("1662","644","52","1","4","25000","100000","0","-1");
INSERT INTO order_detail VALUES("1663","644","166","1","2","5000","10000","0","-1");
INSERT INTO order_detail VALUES("1670","645","43","1","2","35000","70000","0","-1");
INSERT INTO order_detail VALUES("1671","640","43","1","5","35000","175000","0","-1");
INSERT INTO order_detail VALUES("1672","640","88","1","1","35000","35000","0","-1");
INSERT INTO order_detail VALUES("1673","640","35","1","1","40000","40000","0","-1");
INSERT INTO order_detail VALUES("1674","642","45","1","1","40000","40000","0","-1");
INSERT INTO order_detail VALUES("1675","642","47","1","1","35000","35000","0","-1");
INSERT INTO order_detail VALUES("1677","647","43","1","1","35000","35000","0","-1");
INSERT INTO order_detail VALUES("1678","648","52","1","2","25000","50000","0","-1");
INSERT INTO order_detail VALUES("1679","648","15","0","1","28000","28000","0","-1");
INSERT INTO order_detail VALUES("1680","649","52","1","2","25000","50000","0","-1");
INSERT INTO order_detail VALUES("1695","650","88","1","1","35000","35000","0","-1");
INSERT INTO order_detail VALUES("1696","650","31","1","2","38000","76000","0","-1");
INSERT INTO order_detail VALUES("1697","650","53","1","1","38000","38000","0","-1");
INSERT INTO order_detail VALUES("1698","650","8","1","1","30000","30000","0","-1");
INSERT INTO order_detail VALUES("1699","650","167","1","1","8000","8000","0","-1");
INSERT INTO order_detail VALUES("1700","650","1","1","1","26000","26000","0","-1");
INSERT INTO order_detail VALUES("1701","651","1","1","1","26000","26000","0","-1");
INSERT INTO order_detail VALUES("1702","651","31","1","2","38000","76000","0","-1");
INSERT INTO order_detail VALUES("1703","651","53","1","1","38000","38000","0","-1");
INSERT INTO order_detail VALUES("1704","651","8","1","1","30000","30000","0","-1");
INSERT INTO order_detail VALUES("1705","651","88","1","1","35000","35000","0","-1");
INSERT INTO order_detail VALUES("1706","652","17","0","1","32000","32000","0","-1");
INSERT INTO order_detail VALUES("1710","653","26","1","1","32000","32000","0","-1");
INSERT INTO order_detail VALUES("1711","653","35","1","1","40000","40000","0","-1");
INSERT INTO order_detail VALUES("1712","653","22","1","1","32000","32000","0","-1");
INSERT INTO order_detail VALUES("1713","654","85","0","1","35000","35000","0","-1");
INSERT INTO order_detail VALUES("1714","655","85","1","1","35000","35000","0","-1");
INSERT INTO order_detail VALUES("1727","656","35","1","2","40000","80000","0","-1");
INSERT INTO order_detail VALUES("1728","656","31","1","1","38000","38000","0","-1");
INSERT INTO order_detail VALUES("1729","656","26","1","1","32000","25600","0","22");
INSERT INTO order_detail VALUES("1730","656","31","1","1","38000","30400","0","22");
INSERT INTO order_detail VALUES("1736","657","6","1","1","30000","30000","0","-1");
INSERT INTO order_detail VALUES("1737","658","6","1","1","30000","30000","0","-1");
INSERT INTO order_detail VALUES("1738","658","169","1","1","26000","26000","0","-1");
INSERT INTO order_detail VALUES("1739","658","170","1","2","26000","52000","0","-1");
INSERT INTO order_detail VALUES("1741","660","171","1","1","175000","175000","0","-1");
INSERT INTO order_detail VALUES("1742","659","52","1","2","25000","50000","0","-1");
INSERT INTO order_detail VALUES("1744","661","52","1","2","25000","50000","0","-1");
INSERT INTO order_detail VALUES("1747","662","52","1","1","25000","25000","0","-1");
INSERT INTO order_detail VALUES("1748","663","52","1","2","25000","50000","0","-1");
INSERT INTO order_detail VALUES("1754","664","172","1","2","26000","52000","0","-1");
INSERT INTO order_detail VALUES("1755","665","4","1","1","26000","26000","0","-1");
INSERT INTO order_detail VALUES("1756","665","6","1","1","30000","30000","0","-1");
INSERT INTO order_detail VALUES("1760","666","1","1","1","26000","26000","0","-1");
INSERT INTO order_detail VALUES("1761","666","2","1","2","30000","60000","0","-1");
INSERT INTO order_detail VALUES("1762","666","1","1","1","26000","26000","0","-1");
INSERT INTO order_detail VALUES("1770","667","9","1","1","30000","30000","0","-1");
INSERT INTO order_detail VALUES("1771","667","81","1","1","30000","30000","0","-1");
INSERT INTO order_detail VALUES("1772","668","47","1","1","35000","35000","0","-1");
INSERT INTO order_detail VALUES("1773","668","36","1","1","38000","38000","0","-1");
INSERT INTO order_detail VALUES("1774","669","2","1","2","30000","60000","0","-1");
INSERT INTO order_detail VALUES("1790","673","88","1","1","35000","35000","0","-1");
INSERT INTO order_detail VALUES("1791","673","35","1","1","40000","40000","0","-1");
INSERT INTO order_detail VALUES("1792","673","2","1","1","30000","30000","0","-1");
INSERT INTO order_detail VALUES("1793","672","2","1","1","30000","30000","0","-1");
INSERT INTO order_detail VALUES("1794","672","55","1","1","30000","30000","0","-1");
INSERT INTO order_detail VALUES("1795","671","81","1","1","30000","30000","0","-1");
INSERT INTO order_detail VALUES("1796","670","35","1","1","40000","40000","0","-1");
INSERT INTO order_detail VALUES("1797","670","38","1","1","40000","40000","0","-1");
INSERT INTO order_detail VALUES("1803","676","2","1","1","30000","30000","0","-1");
INSERT INTO order_detail VALUES("1804","676","28","1","1","32000","32000","0","-1");
INSERT INTO order_detail VALUES("1805","677","52","1","1","25000","25000","0","-1");
INSERT INTO order_detail VALUES("1806","675","35","1","1","40000","40000","0","-1");
INSERT INTO order_detail VALUES("1809","679","52","1","1","25000","25000","0","-1");
INSERT INTO order_detail VALUES("1810","674","52","1","2","25000","50000","0","-1");
INSERT INTO order_detail VALUES("1813","678","91","1","1","20000","20000","0","-1");
INSERT INTO order_detail VALUES("1815","682","52","1","4","25000","100000","0","-1");
INSERT INTO order_detail VALUES("1816","683","91","1","1","20000","20000","0","-1");
INSERT INTO order_detail VALUES("1820","687","31","0","1","32000","32000","0","-1");
INSERT INTO order_detail VALUES("1821","684","37","1","1","38000","38000","0","-1");
INSERT INTO order_detail VALUES("1822","685","53","1","1","38000","38000","0","-1");
INSERT INTO order_detail VALUES("1823","688","38","1","1","40000","40000","0","-1");
INSERT INTO order_detail VALUES("1824","689","42","1","2","38000","76000","0","-1");
INSERT INTO order_detail VALUES("1825","689","38","1","1","40000","40000","0","-1");
INSERT INTO order_detail VALUES("1826","689","91","1","1","20000","20000","0","-1");
INSERT INTO order_detail VALUES("1827","689","1","1","1","26000","26000","0","-1");
INSERT INTO order_detail VALUES("1829","686","40","1","1","38000","38000","0","-1");
INSERT INTO order_detail VALUES("1830","690","37","1","1","38000","38000","0","-1");
INSERT INTO order_detail VALUES("1839","694","31","0","1","32000","32000","0","-1");
INSERT INTO order_detail VALUES("1849","691","91","1","1","20000","20000","0","-1");
INSERT INTO order_detail VALUES("1850","692","3","1","2","30000","60000","0","-1");
INSERT INTO order_detail VALUES("1851","692","32","1","1","38000","38000","0","-1");
INSERT INTO order_detail VALUES("1882","696","45","1","1","40000","40000","0","-1");
INSERT INTO order_detail VALUES("1883","696","31","1","1","38000","38000","0","-1");
INSERT INTO order_detail VALUES("1886","693","86","1","1","35000","35000","0","-1");
INSERT INTO order_detail VALUES("1887","693","85","1","1","35000","35000","0","-1");
INSERT INTO order_detail VALUES("1888","693","46","1","1","45000","45000","0","-1");
INSERT INTO order_detail VALUES("1889","693","45","1","1","40000","40000","0","-1");
INSERT INTO order_detail VALUES("1890","693","2","1","2","30000","60000","0","-1");
INSERT INTO order_detail VALUES("1891","693","17","1","2","40000","80000","0","-1");
INSERT INTO order_detail VALUES("1892","693","47","1","1","35000","35000","0","-1");
INSERT INTO order_detail VALUES("1893","693","4","1","1","26000","26000","0","-1");
INSERT INTO order_detail VALUES("1894","695","23","1","1","32000","32000","0","-1");
INSERT INTO order_detail VALUES("1895","697","26","1","1","32000","32000","0","-1");
INSERT INTO order_detail VALUES("1896","697","86","1","1","35000","35000","0","-1");
INSERT INTO order_detail VALUES("1899","698","20","1","1","35000","35000","0","-1");
INSERT INTO order_detail VALUES("1900","698","28","1","1","32000","32000","0","-1");
INSERT INTO order_detail VALUES("1901","699","31","1","1","38000","38000","0","-1");
INSERT INTO order_detail VALUES("1902","699","1","1","1","26000","26000","0","-1");
INSERT INTO order_detail VALUES("1903","699","53","1","1","38000","38000","0","-1");
INSERT INTO order_detail VALUES("1907","700","2","1","1","30000","30000","0","-1");
INSERT INTO order_detail VALUES("1914","703","52","1","4","25000","100000","0","-1");
INSERT INTO order_detail VALUES("1915","704","52","1","4","25000","100000","0","-1");
INSERT INTO order_detail VALUES("1916","704","177","1","1","20000","20000","0","-1");
INSERT INTO order_detail VALUES("1917","704","178","1","1","7000","7000","0","-1");
INSERT INTO order_detail VALUES("1918","704","179","1","3","5000","15000","0","-1");
INSERT INTO order_detail VALUES("1919","706","47","1","1","35000","35000","0","-1");
INSERT INTO order_detail VALUES("1920","707","52","1","2","25000","50000","0","-1");
INSERT INTO order_detail VALUES("1921","702","43","1","2","35000","70000","0","-1");
INSERT INTO order_detail VALUES("1932","705","43","1","2","35000","70000","0","-1");
INSERT INTO order_detail VALUES("1933","701","43","1","1","35000","35000","0","-1");
INSERT INTO order_detail VALUES("1934","701","88","1","1","35000","35000","0","-1");
INSERT INTO order_detail VALUES("1935","701","42","1","1","38000","38000","0","-1");
INSERT INTO order_detail VALUES("1936","709","4","1","1","26000","26000","0","-1");
INSERT INTO order_detail VALUES("1937","708","52","1","1","25000","25000","0","-1");
INSERT INTO order_detail VALUES("1938","708","173","1","1","26000","26000","0","-1");
INSERT INTO order_detail VALUES("1939","708","42","0","1","32000","32000","0","-1");
INSERT INTO order_detail VALUES("1940","711","85","0","1","29000","29000","0","-1");
INSERT INTO order_detail VALUES("1941","712","91","1","1","20000","20000","0","-1");
INSERT INTO order_detail VALUES("1952","713","30","1","1","32000","32000","0","-1");
INSERT INTO order_detail VALUES("1953","713","37","1","1","38000","38000","0","-1");
INSERT INTO order_detail VALUES("1954","714","48","1","1","35000","35000","0","-1");
INSERT INTO order_detail VALUES("1955","714","3","1","1","30000","30000","0","-1");
INSERT INTO order_detail VALUES("1958","717","35","1","1","40000","40000","0","-1");
INSERT INTO order_detail VALUES("1959","715","17","1","1","40000","40000","0","-1");
INSERT INTO order_detail VALUES("1960","718","17","1","1","40000","40000","0","-1");
INSERT INTO order_detail VALUES("1961","716","13","1","2","35000","70000","0","-1");
INSERT INTO order_detail VALUES("1970","722","26","1","1","32000","32000","0","-1");
INSERT INTO order_detail VALUES("1971","722","5","1","1","30000","30000","0","-1");
INSERT INTO order_detail VALUES("1972","722","2","1","1","30000","30000","0","-1");
INSERT INTO order_detail VALUES("1973","720","8","1","1","30000","30000","0","-1");
INSERT INTO order_detail VALUES("1974","719","35","1","1","40000","40000","0","-1");
INSERT INTO order_detail VALUES("1979","723","91","1","1","20000","20000","0","-1");
INSERT INTO order_detail VALUES("1980","724","43","1","2","35000","70000","0","-1");
INSERT INTO order_detail VALUES("1981","725","52","1","1","25000","25000","0","-1");
INSERT INTO order_detail VALUES("1988","721","1","0","1","21000","21000","0","-1");
INSERT INTO order_detail VALUES("1989","721","52","1","2","25000","50000","0","-1");
INSERT INTO order_detail VALUES("1990","721","42","0","1","32000","32000","0","-1");
INSERT INTO order_detail VALUES("1991","727","29","1","1","32000","32000","0","-1");
INSERT INTO order_detail VALUES("1993","728","91","1","1","20000","20000","0","-1");
INSERT INTO order_detail VALUES("1994","726","42","0","1","32000","32000","0","-1");
INSERT INTO order_detail VALUES("1995","729","26","1","1","32000","32000","0","-1");
INSERT INTO order_detail VALUES("1996","730","35","1","1","40000","40000","0","-1");
INSERT INTO order_detail VALUES("1997","730","37","1","1","38000","38000","0","-1");
INSERT INTO order_detail VALUES("1998","730","39","1","1","42000","42000","0","-1");
INSERT INTO order_detail VALUES("1999","731","16","1","1","30000","30000","0","-1");
INSERT INTO order_detail VALUES("2000","731","37","1","1","38000","38000","0","-1");
INSERT INTO order_detail VALUES("2001","731","36","1","1","38000","38000","0","-1");
INSERT INTO order_detail VALUES("2002","732","1","1","1","26000","26000","0","-1");
INSERT INTO order_detail VALUES("2003","733","39","1","1","42000","42000","0","-1");
INSERT INTO order_detail VALUES("2004","734","2","1","1","30000","30000","0","-1");
INSERT INTO order_detail VALUES("2005","735","54","1","1","30000","30000","0","-1");
INSERT INTO order_detail VALUES("2006","736","1","1","1","26000","26000","0","-1");
INSERT INTO order_detail VALUES("2007","737","31","1","1","38000","38000","0","-1");
INSERT INTO order_detail VALUES("2008","737","6","1","1","30000","30000","0","-1");
INSERT INTO order_detail VALUES("2009","738","31","1","1","38000","38000","0","-1");
INSERT INTO order_detail VALUES("2010","739","2","1","1","30000","30000","0","-1");
INSERT INTO order_detail VALUES("2011","740","4","1","1","26000","26000","0","-1");
INSERT INTO order_detail VALUES("2012","741","88","1","1","35000","35000","0","-1");
INSERT INTO order_detail VALUES("2015","742","20","1","1","35000","35000","0","-1");
INSERT INTO order_detail VALUES("2016","742","29","1","1","32000","32000","0","-1");
INSERT INTO order_detail VALUES("2027","743","1","1","2","26000","52000","0","-1");
INSERT INTO order_detail VALUES("2028","743","35","1","1","40000","40000","0","-1");
INSERT INTO order_detail VALUES("2053","745","55","1","1","30000","30000","0","-1");
INSERT INTO order_detail VALUES("2054","745","15","1","1","35000","35000","0","-1");
INSERT INTO order_detail VALUES("2071","744","41","1","2","38000","76000","0","-1");
INSERT INTO order_detail VALUES("2072","744","16","1","1","30000","30000","0","-1");
INSERT INTO order_detail VALUES("2073","744","26","1","1","32000","32000","0","-1");
INSERT INTO order_detail VALUES("2074","744","17","1","1","40000","40000","0","-1");
INSERT INTO order_detail VALUES("2075","744","28","1","1","32000","32000","0","-1");
INSERT INTO order_detail VALUES("2076","744","7","1","1","30000","30000","0","-1");
INSERT INTO order_detail VALUES("2077","744","81","1","1","30000","30000","0","-1");
INSERT INTO order_detail VALUES("2078","744","85","1","1","35000","35000","0","-1");
INSERT INTO order_detail VALUES("2079","746","32","1","1","38000","38000","0","-1");
INSERT INTO order_detail VALUES("2080","746","86","1","1","35000","35000","0","-1");
INSERT INTO order_detail VALUES("2081","747","40","1","1","38000","38000","0","-1");
INSERT INTO order_detail VALUES("2082","748","1","1","1","26000","26000","0","-1");
INSERT INTO order_detail VALUES("2083","749","55","1","1","30000","30000","0","-1");
INSERT INTO order_detail VALUES("2088","750","1","1","1","26000","26000","0","-1");
INSERT INTO order_detail VALUES("2089","750","31","1","1","38000","38000","0","-1");
INSERT INTO order_detail VALUES("2091","752","52","1","2","25000","50000","0","-1");
INSERT INTO order_detail VALUES("2092","751","43","1","1","35000","35000","0","-1");
INSERT INTO order_detail VALUES("2093","753","52","1","2","25000","50000","0","-1");
INSERT INTO order_detail VALUES("2094","754","43","1","1","35000","35000","0","-1");
INSERT INTO order_detail VALUES("2095","755","52","1","3","25000","75000","0","-1");
INSERT INTO order_detail VALUES("2096","756","43","1","1","35000","35000","0","-1");
INSERT INTO order_detail VALUES("2097","757","26","1","1","32000","32000","0","-1");
INSERT INTO order_detail VALUES("2098","757","30","1","1","32000","32000","0","-1");
INSERT INTO order_detail VALUES("2099","758","2","1","1","30000","30000","0","-1");
INSERT INTO order_detail VALUES("2100","759","31","0","1","32000","32000","0","-1");
INSERT INTO order_detail VALUES("2101","760","3","1","1","30000","30000","0","-1");
INSERT INTO order_detail VALUES("2102","760","55","1","1","30000","30000","0","-1");
INSERT INTO order_detail VALUES("2103","761","36","0","1","32000","32000","0","-1");
INSERT INTO order_detail VALUES("2104","761","86","0","1","29000","29000","0","-1");
INSERT INTO order_detail VALUES("2111","762","23","1","1","32000","32000","0","-1");
INSERT INTO order_detail VALUES("2112","762","28","1","1","32000","32000","0","-1");
INSERT INTO order_detail VALUES("2113","764","180","1","3","10000","30000","0","-1");
INSERT INTO order_detail VALUES("2114","763","21","1","1","32000","32000","0","-1");
INSERT INTO order_detail VALUES("2115","763","5","1","1","30000","30000","0","-1");
INSERT INTO order_detail VALUES("2116","763","47","1","1","35000","35000","0","-1");
INSERT INTO order_detail VALUES("2117","765","1","1","1","26000","26000","0","-1");
INSERT INTO order_detail VALUES("2118","765","32","1","1","38000","38000","0","-1");
INSERT INTO order_detail VALUES("2119","766","47","1","1","35000","35000","0","-1");
INSERT INTO order_detail VALUES("2120","766","55","1","1","30000","30000","0","-1");
INSERT INTO order_detail VALUES("2128","770","52","1","4","25000","100000","0","-1");
INSERT INTO order_detail VALUES("2129","771","182","1","1","20000","20000","0","-1");
INSERT INTO order_detail VALUES("2130","772","183","1","1","20000","20000","0","-1");
INSERT INTO order_detail VALUES("2131","773","184","1","1","20000","20000","0","-1");
INSERT INTO order_detail VALUES("2135","769","43","1","3","35000","105000","0","-1");
INSERT INTO order_detail VALUES("2136","769","30","1","1","32000","32000","0","-1");
INSERT INTO order_detail VALUES("2137","769","31","0","2","32000","64000","0","-1");
INSERT INTO order_detail VALUES("2140","774","52","1","2","25000","50000","0","-1");
INSERT INTO order_detail VALUES("2141","768","46","1","1","45000","45000","0","-1");
INSERT INTO order_detail VALUES("2142","768","48","1","1","35000","35000","0","-1");
INSERT INTO order_detail VALUES("2143","768","43","1","2","35000","70000","0","-1");
INSERT INTO order_detail VALUES("2144","768","181","1","1","15000","15000","0","-1");
INSERT INTO order_detail VALUES("2145","768","55","0","1","24000","24000","0","-1");
INSERT INTO order_detail VALUES("2146","768","3","0","1","24000","24000","0","-1");
INSERT INTO order_detail VALUES("2147","768","1","0","1","21000","21000","0","-1");
INSERT INTO order_detail VALUES("2148","768","20","0","1","28000","28000","0","-1");
INSERT INTO order_detail VALUES("2149","768","33","0","1","32000","32000","0","-1");
INSERT INTO order_detail VALUES("2151","776","52","1","2","25000","50000","0","-1");
INSERT INTO order_detail VALUES("2154","778","52","1","2","25000","50000","0","-1");
INSERT INTO order_detail VALUES("2155","767","91","1","2","20000","40000","0","-1");
INSERT INTO order_detail VALUES("2156","767","42","1","1","38000","38000","0","-1");
INSERT INTO order_detail VALUES("2157","779","52","1","1","25000","25000","0","-1");
INSERT INTO order_detail VALUES("2162","775","88","1","1","35000","35000","0","-1");
INSERT INTO order_detail VALUES("2163","781","2","1","1","30000","30000","0","-1");
INSERT INTO order_detail VALUES("2164","781","3","1","1","30000","30000","0","-1");
INSERT INTO order_detail VALUES("2165","781","37","1","1","38000","38000","0","-1");
INSERT INTO order_detail VALUES("2166","780","2","1","1","30000","30000","0","-1");
INSERT INTO order_detail VALUES("2167","777","31","1","2","38000","76000","0","-1");
INSERT INTO order_detail VALUES("2168","777","20","1","1","35000","35000","0","-1");
INSERT INTO order_detail VALUES("2169","782","4","1","1","26000","26000","0","-1");
INSERT INTO order_detail VALUES("2170","782","47","1","1","35000","35000","0","-1");
INSERT INTO order_detail VALUES("2171","783","4","0","1","21000","21000","0","-1");
INSERT INTO order_detail VALUES("2172","784","185","1","1","500000","500000","0","-1");
INSERT INTO order_detail VALUES("2173","785","189","1","1","28000","28000","0","-1");
INSERT INTO order_detail VALUES("2175","786","4","1","1","26000","26000","0","-1");
INSERT INTO order_detail VALUES("2176","787","190","1","2","20000","40000","0","-1");
INSERT INTO order_detail VALUES("2179","789","36","0","1","38000","38000","0","-1");
INSERT INTO order_detail VALUES("2180","789","85","0","1","29000","29000","0","-1");
INSERT INTO order_detail VALUES("2191","790","6","1","1","30000","30000","0","-1");
INSERT INTO order_detail VALUES("2192","790","91","1","2","20000","40000","0","-1");
INSERT INTO order_detail VALUES("2193","790","34","1","1","38000","38000","0","-1");
INSERT INTO order_detail VALUES("2194","791","7","1","1","30000","30000","0","-1");
INSERT INTO order_detail VALUES("2195","791","23","1","1","32000","32000","0","-1");
INSERT INTO order_detail VALUES("2198","793","7","1","1","30000","30000","0","-1");
INSERT INTO order_detail VALUES("2199","793","23","1","1","32000","32000","0","-1");
INSERT INTO order_detail VALUES("2200","792","33","1","1","40000","40000","0","-1");
INSERT INTO order_detail VALUES("2201","792","83","1","1","38000","38000","0","-1");
INSERT INTO order_detail VALUES("2203","794","191","1","2","30000","60000","0","-1");
INSERT INTO order_detail VALUES("2204","795","43","1","1","35000","35000","0","-1");
INSERT INTO order_detail VALUES("2205","795","6","1","1","30000","30000","0","-1");
INSERT INTO order_detail VALUES("2206","795","47","1","1","35000","35000","0","-1");
INSERT INTO order_detail VALUES("2213","799","52","1","2","25000","50000","0","-1");
INSERT INTO order_detail VALUES("2214","800","52","1","4","25000","100000","0","-1");
INSERT INTO order_detail VALUES("2215","798","35","1","1","40000","40000","0","-1");
INSERT INTO order_detail VALUES("2216","798","43","1","3","35000","105000","0","-1");
INSERT INTO order_detail VALUES("2217","801","43","1","2","35000","70000","0","-1");
INSERT INTO order_detail VALUES("2220","802","52","1","2","25000","50000","0","-1");
INSERT INTO order_detail VALUES("2221","796","52","1","2","25000","50000","0","-1");
INSERT INTO order_detail VALUES("2225","803","35","0","1","34000","34000","0","-1");
INSERT INTO order_detail VALUES("2226","797","85","1","1","35000","35000","0","-1");
INSERT INTO order_detail VALUES("2227","797","2","1","1","30000","30000","0","-1");
INSERT INTO order_detail VALUES("2228","797","21","1","1","32000","32000","0","-1");
INSERT INTO order_detail VALUES("2229","797","128","1","1","30000","30000","0","-1");
INSERT INTO order_detail VALUES("2230","804","31","0","1","32000","32000","0","-1");
INSERT INTO order_detail VALUES("2234","806","52","1","1","25000","25000","0","-1");
INSERT INTO order_detail VALUES("2235","807","1","1","1","26000","26000","0","-1");
INSERT INTO order_detail VALUES("2236","808","37","1","1","38000","38000","0","-1");
INSERT INTO order_detail VALUES("2237","808","16","1","1","30000","30000","0","-1");
INSERT INTO order_detail VALUES("2238","809","18","1","2","30000","60000","0","-1");
INSERT INTO order_detail VALUES("2239","809","20","1","1","35000","35000","0","-1");
INSERT INTO order_detail VALUES("2240","809","5","1","1","30000","30000","0","-1");
INSERT INTO order_detail VALUES("2241","805","37","1","1","38000","38000","0","-1");
INSERT INTO order_detail VALUES("2242","805","1","1","1","26000","26000","0","-1");
INSERT INTO order_detail VALUES("2243","805","7","1","1","30000","30000","0","-1");
INSERT INTO order_detail VALUES("2244","810","18","0","1","24000","24000","0","-1");
INSERT INTO order_detail VALUES("2255","813","2","1","2","30000","60000","0","-1");
INSERT INTO order_detail VALUES("2256","813","42","1","2","38000","76000","0","-1");
INSERT INTO order_detail VALUES("2257","813","4","1","1","26000","26000","0","-1");
INSERT INTO order_detail VALUES("2258","813","173","1","1","26000","26000","0","-1");
INSERT INTO order_detail VALUES("2259","811","15","1","1","35000","35000","0","-1");
INSERT INTO order_detail VALUES("2260","811","8","1","1","30000","30000","0","-1");
INSERT INTO order_detail VALUES("2261","811","2","1","1","30000","30000","0","-1");
INSERT INTO order_detail VALUES("2262","811","31","1","1","38000","38000","0","-1");
INSERT INTO order_detail VALUES("2265","812","9","1","1","30000","30000","0","-1");
INSERT INTO order_detail VALUES("2266","812","17","1","1","40000","40000","0","-1");
INSERT INTO order_detail VALUES("2269","816","6","1","4","30000","120000","0","-1");
INSERT INTO order_detail VALUES("2270","816","8","1","1","30000","30000","0","-1");
INSERT INTO order_detail VALUES("2271","816","54","1","2","30000","60000","0","-1");
INSERT INTO order_detail VALUES("2272","816","88","1","1","35000","35000","0","-1");
INSERT INTO order_detail VALUES("2273","816","192","1","1","5000","5000","0","-1");
INSERT INTO order_detail VALUES("2279","821","52","1","2","25000","50000","0","-1");
INSERT INTO order_detail VALUES("2281","822","31","1","1","38000","38000","0","-1");
INSERT INTO order_detail VALUES("2282","817","35","1","1","40000","40000","0","-1");
INSERT INTO order_detail VALUES("2283","817","8","1","1","30000","30000","0","-1");
INSERT INTO order_detail VALUES("2284","819","43","1","2","35000","70000","0","-1");
INSERT INTO order_detail VALUES("2285","823","52","1","1","25000","25000","0","-1");
INSERT INTO order_detail VALUES("2286","824","52","1","2","25000","50000","0","-1");
INSERT INTO order_detail VALUES("2289","826","193","1","1","5000","5000","0","-1");
INSERT INTO order_detail VALUES("2290","827","52","1","1","25000","25000","0","-1");
INSERT INTO order_detail VALUES("2291","818","1","1","2","26000","52000","0","-1");
INSERT INTO order_detail VALUES("2292","820","43","1","2","35000","70000","0","-1");
INSERT INTO order_detail VALUES("2293","828","85","0","1","29000","29000","0","-1");
INSERT INTO order_detail VALUES("2294","828","36","0","1","32000","32000","0","-1");
INSERT INTO order_detail VALUES("2299","829","31","1","2","38000","76000","0","-1");
INSERT INTO order_detail VALUES("2300","829","12","1","1","35000","35000","0","-1");
INSERT INTO order_detail VALUES("2301","825","10","1","1","30000","30000","0","-1");
INSERT INTO order_detail VALUES("2302","825","16","1","1","30000","30000","0","-1");
INSERT INTO order_detail VALUES("2303","830","186","1","2","20000","40000","0","-1");
INSERT INTO order_detail VALUES("2306","832","186","1","2","20000","40000","0","-1");
INSERT INTO order_detail VALUES("2307","831","1","1","1","26000","26000","0","-1");
INSERT INTO order_detail VALUES("2308","831","17","1","1","40000","40000","0","-1");
INSERT INTO order_detail VALUES("2314","834","1","1","1","26000","26000","0","-1");
INSERT INTO order_detail VALUES("2315","833","24","1","1","32000","32000","0","-1");
INSERT INTO order_detail VALUES("2316","833","85","1","1","35000","35000","0","-1");
INSERT INTO order_detail VALUES("2317","833","41","1","1","38000","38000","0","-1");
INSERT INTO order_detail VALUES("2318","833","31","1","1","38000","38000","0","-1");
INSERT INTO order_detail VALUES("2327","835","1","1","1","26000","26000","0","-1");
INSERT INTO order_detail VALUES("2328","835","31","1","1","38000","38000","0","-1");
INSERT INTO order_detail VALUES("2329","835","186","1","3","20000","60000","0","-1");
INSERT INTO order_detail VALUES("2330","835","22","1","1","32000","32000","0","-1");
INSERT INTO order_detail VALUES("2333","837","31","1","1","38000","38000","0","-1");
INSERT INTO order_detail VALUES("2334","836","41","1","1","38000","38000","0","-1");
INSERT INTO order_detail VALUES("2335","838","47","1","1","35000","35000","0","-1");
INSERT INTO order_detail VALUES("2340","841","31","1","1","38000","38000","0","-1");
INSERT INTO order_detail VALUES("2341","840","1","1","1","26000","26000","0","-1");
INSERT INTO order_detail VALUES("2342","840","42","1","1","38000","38000","0","-1");
INSERT INTO order_detail VALUES("2343","842","52","1","4","25000","100000","0","-1");
INSERT INTO order_detail VALUES("2348","846","52","1","2","25000","50000","0","-1");
INSERT INTO order_detail VALUES("2355","839","2","1","1","30000","30000","0","-1");
INSERT INTO order_detail VALUES("2356","847","52","1","1","25000","25000","0","-1");
INSERT INTO order_detail VALUES("2357","843","52","1","2","25000","50000","0","-1");
INSERT INTO order_detail VALUES("2358","843","6","0","1","24000","24000","0","-1");
INSERT INTO order_detail VALUES("2359","848","43","1","1","35000","35000","0","-1");
INSERT INTO order_detail VALUES("2360","848","52","1","1","25000","25000","0","-1");
INSERT INTO order_detail VALUES("2363","850","1","0","1","21000","21000","0","-1");
INSERT INTO order_detail VALUES("2364","845","3","1","1","30000","30000","0","-1");
INSERT INTO order_detail VALUES("2365","845","52","1","1","25000","25000","0","-1");
INSERT INTO order_detail VALUES("2366","844","20","1","1","35000","35000","0","-1");
INSERT INTO order_detail VALUES("2367","844","20","0","1","28000","28000","0","-1");
INSERT INTO order_detail VALUES("2368","844","36","0","1","32000","32000","0","-1");
INSERT INTO order_detail VALUES("2369","849","39","1","1","42000","42000","0","-1");
INSERT INTO order_detail VALUES("2370","849","38","1","1","40000","40000","0","-1");
INSERT INTO order_detail VALUES("2375","851","36","1","1","38000","38000","0","-1");
INSERT INTO order_detail VALUES("2376","851","37","1","1","38000","38000","0","-1");
INSERT INTO order_detail VALUES("2398","852","35","1","2","40000","80000","0","-1");
INSERT INTO order_detail VALUES("2399","852","38","1","1","40000","40000","0","-1");
INSERT INTO order_detail VALUES("2400","852","48","1","3","35000","105000","0","-1");
INSERT INTO order_detail VALUES("2401","852","44","1","1","45000","45000","0","-1");
INSERT INTO order_detail VALUES("2402","852","26","1","1","32000","32000","0","-1");
INSERT INTO order_detail VALUES("2403","852","86","1","1","35000","35000","0","-1");
INSERT INTO order_detail VALUES("2404","852","45","1","1","40000","40000","0","-1");
INSERT INTO order_detail VALUES("2424","856","1","1","1","26000","26000","0","-1");
INSERT INTO order_detail VALUES("2425","853","35","1","2","40000","80000","0","-1");
INSERT INTO order_detail VALUES("2426","853","86","1","1","35000","35000","0","-1");
INSERT INTO order_detail VALUES("2427","853","26","1","1","32000","32000","0","-1");
INSERT INTO order_detail VALUES("2428","853","38","1","1","40000","40000","0","-1");
INSERT INTO order_detail VALUES("2429","853","48","1","3","35000","105000","0","-1");
INSERT INTO order_detail VALUES("2430","853","44","1","1","45000","45000","0","-1");
INSERT INTO order_detail VALUES("2431","853","45","1","1","40000","40000","0","-1");
INSERT INTO order_detail VALUES("2432","855","1","1","1","26000","26000","0","-1");
INSERT INTO order_detail VALUES("2433","855","5","1","1","30000","30000","0","-1");
INSERT INTO order_detail VALUES("2434","855","55","1","1","30000","30000","0","-1");
INSERT INTO order_detail VALUES("2435","855","11","1","2","35000","70000","0","-1");
INSERT INTO order_detail VALUES("2436","855","34","1","1","38000","38000","0","-1");
INSERT INTO order_detail VALUES("2437","854","26","1","1","32000","32000","0","-1");
INSERT INTO order_detail VALUES("2438","854","34","1","1","38000","38000","0","-1");
INSERT INTO order_detail VALUES("2439","854","45","1","1","40000","40000","0","-1");
INSERT INTO order_detail VALUES("2440","854","47","1","1","35000","35000","0","-1");
INSERT INTO order_detail VALUES("2441","857","88","1","1","35000","35000","0","-1");
INSERT INTO order_detail VALUES("2442","857","194","1","1","7000","7000","0","-1");
INSERT INTO order_detail VALUES("2445","860","196","1","1","40000","40000","0","-1");
INSERT INTO order_detail VALUES("2446","861","88","1","1","35000","35000","0","-1");
INSERT INTO order_detail VALUES("2447","861","197","1","1","7000","7000","0","-1");
INSERT INTO order_detail VALUES("2452","862","55","1","1","30000","30000","0","-1");
INSERT INTO order_detail VALUES("2453","862","7","1","1","30000","30000","0","-1");
INSERT INTO order_detail VALUES("2454","862","198","1","2","10000","20000","0","-1");
INSERT INTO order_detail VALUES("2455","864","32","1","1","38000","38000","0","-1");
INSERT INTO order_detail VALUES("2456","865","31","0","2","32000","64000","0","-1");
INSERT INTO order_detail VALUES("2457","863","45","1","1","40000","40000","0","-1");
INSERT INTO order_detail VALUES("2458","863","1","1","1","26000","26000","0","-1");
INSERT INTO order_detail VALUES("2459","866","35","1","1","40000","40000","0","-1");
INSERT INTO order_detail VALUES("2460","867","35","1","1","40000","40000","0","-1");
INSERT INTO order_detail VALUES("2462","869","52","1","1","25000","25000","0","-1");
INSERT INTO order_detail VALUES("2463","868","52","1","1","25000","25000","0","-1");
INSERT INTO order_detail VALUES("2464","870","52","1","2","25000","50000","0","-1");
INSERT INTO order_detail VALUES("2475","873","52","1","2","25000","50000","0","-1");
INSERT INTO order_detail VALUES("2479","871","41","1","1","38000","38000","0","-1");
INSERT INTO order_detail VALUES("2480","871","6","1","1","30000","30000","0","-1");
INSERT INTO order_detail VALUES("2481","871","6","1","1","30000","30000","0","-1");
INSERT INTO order_detail VALUES("2486","874","1","1","1","26000","26000","0","-1");
INSERT INTO order_detail VALUES("2487","874","2","1","1","30000","30000","0","-1");
INSERT INTO order_detail VALUES("2488","874","3","1","1","30000","30000","0","-1");
INSERT INTO order_detail VALUES("2489","874","18","1","1","30000","30000","0","-1");
INSERT INTO order_detail VALUES("2490","872","31","1","2","38000","76000","0","-1");
INSERT INTO order_detail VALUES("2491","872","17","1","2","40000","80000","0","-1");
INSERT INTO order_detail VALUES("2492","872","1","1","1","26000","26000","0","-1");
INSERT INTO order_detail VALUES("2493","872","43","1","1","35000","35000","0","-1");
INSERT INTO order_detail VALUES("2494","875","8","1","1","30000","30000","0","-1");
INSERT INTO order_detail VALUES("2495","876","31","0","1","32000","32000","0","-1");
INSERT INTO order_detail VALUES("2496","877","34","1","1","38000","38000","0","-1");
INSERT INTO order_detail VALUES("2497","877","36","1","1","38000","38000","0","-1");
INSERT INTO order_detail VALUES("2501","878","83","1","1","38000","38000","0","-1");
INSERT INTO order_detail VALUES("2502","878","31","1","2","38000","76000","0","-1");
INSERT INTO order_detail VALUES("2503","878","32","1","1","38000","38000","0","-1");
INSERT INTO order_detail VALUES("2505","879","1","1","1","26000","26000","0","-1");
INSERT INTO order_detail VALUES("2511","882","20","1","1","35000","35000","0","-1");
INSERT INTO order_detail VALUES("2512","882","34","1","1","38000","38000","0","-1");
INSERT INTO order_detail VALUES("2513","883","47","1","1","35000","35000","0","-1");
INSERT INTO order_detail VALUES("2514","883","34","1","1","38000","38000","0","-1");
INSERT INTO order_detail VALUES("2516","885","47","1","1","35000","35000","0","-1");
INSERT INTO order_detail VALUES("2517","885","31","1","1","38000","38000","0","-1");
INSERT INTO order_detail VALUES("2518","885","199","1","4","40000","160000","0","-1");
INSERT INTO order_detail VALUES("2519","880","35","1","1","40000","40000","0","-1");
INSERT INTO order_detail VALUES("2520","880","34","1","1","38000","38000","0","-1");
INSERT INTO order_detail VALUES("2521","880","26","1","1","32000","32000","0","-1");
INSERT INTO order_detail VALUES("2522","886","3","1","1","30000","30000","0","-1");
INSERT INTO order_detail VALUES("2523","887","6","1","1","30000","30000","0","-1");
INSERT INTO order_detail VALUES("2524","887","200","1","1","10000","10000","0","-1");
INSERT INTO order_detail VALUES("2525","888","6","1","1","30000","30000","0","-1");
INSERT INTO order_detail VALUES("2529","889","186","1","1","20000","20000","0","-1");
INSERT INTO order_detail VALUES("2530","889","54","1","1","30000","30000","0","-1");
INSERT INTO order_detail VALUES("2531","889","201","1","1","10000","10000","0","-1");
INSERT INTO order_detail VALUES("2532","889","202","1","1","29000","29000","0","-1");
INSERT INTO order_detail VALUES("2536","890","1","1","1","26000","26000","0","-1");
INSERT INTO order_detail VALUES("2537","892","203","1","1","20000","20000","0","-1");
INSERT INTO order_detail VALUES("2538","891","2","1","3","30000","90000","0","-1");
INSERT INTO order_detail VALUES("2539","891","5","1","1","30000","30000","0","-1");
INSERT INTO order_detail VALUES("2540","891","22","1","1","32000","32000","0","-1");
INSERT INTO order_detail VALUES("2546","895","35","1","1","40000","40000","0","-1");
INSERT INTO order_detail VALUES("2547","895","33","1","1","40000","40000","0","-1");
INSERT INTO order_detail VALUES("2548","895","37","1","1","38000","38000","0","-1");
INSERT INTO order_detail VALUES("2561","893","31","1","1","38000","38000","0","-1");
INSERT INTO order_detail VALUES("2562","893","88","1","1","35000","35000","0","-1");
INSERT INTO order_detail VALUES("2563","893","206","1","1","12000","12000","0","-1");
INSERT INTO order_detail VALUES("2594","894","204","1","1","18000","18000","0","-1");
INSERT INTO order_detail VALUES("2595","894","6","1","1","30000","30000","0","-1");
INSERT INTO order_detail VALUES("2596","894","53","1","1","38000","38000","0","-1");
INSERT INTO order_detail VALUES("2597","894","120","1","1","28000","28000","0","-1");
INSERT INTO order_detail VALUES("2598","894","47","1","2","35000","70000","0","-1");
INSERT INTO order_detail VALUES("2599","894","45","1","1","40000","40000","0","-1");
INSERT INTO order_detail VALUES("2600","894","205","1","1","30000","30000","0","-1");
INSERT INTO order_detail VALUES("2601","894","208","1","2","15000","30000","0","-1");
INSERT INTO order_detail VALUES("2602","894","1","1","1","26000","26000","0","-1");
INSERT INTO order_detail VALUES("2603","897","149","1","1","85000","85000","0","-1");
INSERT INTO order_detail VALUES("2609","898","155","1","2","10000","20000","0","-1");
INSERT INTO order_detail VALUES("2621","896","12","1","1","35000","35000","0","-1");
INSERT INTO order_detail VALUES("2622","896","45","1","1","40000","40000","0","-1");
INSERT INTO order_detail VALUES("2623","896","209","1","1","10000","10000","0","-1");
INSERT INTO order_detail VALUES("2624","896","31","1","1","38000","38000","0","-1");
INSERT INTO order_detail VALUES("2625","896","212","1","1","15000","15000","0","-1");
INSERT INTO order_detail VALUES("2626","899","31","1","1","38000","38000","0","-1");
INSERT INTO order_detail VALUES("2627","899","12","1","1","35000","35000","0","-1");
INSERT INTO order_detail VALUES("2628","899","45","1","1","40000","40000","0","-1");
INSERT INTO order_detail VALUES("2629","899","213","1","1","35000","35000","0","-1");
INSERT INTO order_detail VALUES("2630","899","214","1","1","12000","12000","0","-1");
INSERT INTO order_detail VALUES("2631","899","215","1","1","15000","15000","0","-1");
INSERT INTO order_detail VALUES("2644","900","47","1","2","35000","70000","0","-1");
INSERT INTO order_detail VALUES("2658","902","22","1","1","32000","32000","0","-1");
INSERT INTO order_detail VALUES("2659","902","30","1","1","32000","32000","0","-1");
INSERT INTO order_detail VALUES("2660","902","44","1","1","45000","45000","0","-1");
INSERT INTO order_detail VALUES("2661","901","30","1","2","32000","64000","0","-1");
INSERT INTO order_detail VALUES("2662","901","31","1","1","38000","38000","0","-1");
INSERT INTO order_detail VALUES("2663","901","12","1","1","35000","35000","0","-1");
INSERT INTO order_detail VALUES("2664","901","216","1","1","26000","26000","0","-1");
INSERT INTO order_detail VALUES("2665","903","37","1","1","38000","38000","0","-1");
INSERT INTO order_detail VALUES("2666","903","3","1","1","30000","30000","0","-1");
INSERT INTO order_detail VALUES("2667","904","34","1","2","38000","76000","0","-1");
INSERT INTO order_detail VALUES("2668","904","2","1","1","30000","30000","0","-1");
INSERT INTO order_detail VALUES("2669","904","40","1","1","38000","38000","0","-1");
INSERT INTO order_detail VALUES("2670","905","54","1","1","30000","30000","0","-1");
INSERT INTO order_detail VALUES("2673","906","31","1","1","38000","38000","0","-1");
INSERT INTO order_detail VALUES("2678","908","11","1","1","35000","35000","0","-1");
INSERT INTO order_detail VALUES("2679","908","13","1","1","35000","35000","0","-1");
INSERT INTO order_detail VALUES("2680","908","12","1","1","35000","35000","0","-1");
INSERT INTO order_detail VALUES("2681","910","52","1","2","25000","50000","0","-1");
INSERT INTO order_detail VALUES("2682","911","37","1","1","38000","38000","0","-1");
INSERT INTO order_detail VALUES("2688","912","52","1","2","25000","50000","0","-1");
INSERT INTO order_detail VALUES("2690","914","52","1","2","25000","50000","0","-1");
INSERT INTO order_detail VALUES("2691","914","217","1","1","5000","5000","0","-1");
INSERT INTO order_detail VALUES("2692","907","2","1","1","30000","30000","0","-1");
INSERT INTO order_detail VALUES("2693","907","52","1","2","25000","50000","0","-1");
INSERT INTO order_detail VALUES("2694","913","52","1","2","25000","50000","0","-1");
INSERT INTO order_detail VALUES("2695","909","37","1","1","38000","38000","0","-1");
INSERT INTO order_detail VALUES("2696","909","43","1","2","35000","70000","0","-1");
INSERT INTO order_detail VALUES("2697","909","1","1","1","26000","26000","0","-1");
INSERT INTO order_detail VALUES("2703","915","17","1","1","40000","40000","0","-1");
INSERT INTO order_detail VALUES("2704","915","31","1","1","38000","38000","0","-1");
INSERT INTO order_detail VALUES("2705","915","43","1","1","35000","35000","0","-1");
INSERT INTO order_detail VALUES("2706","915","218","1","1","32000","32000","0","-1");
INSERT INTO order_detail VALUES("2707","916","31","0","1","32000","32000","0","-1");
INSERT INTO order_detail VALUES("2708","917","28","1","1","32000","32000","0","-1");
INSERT INTO order_detail VALUES("2709","917","35","1","1","40000","40000","0","-1");
INSERT INTO order_detail VALUES("2710","918","46","1","1","45000","45000","0","-1");
INSERT INTO order_detail VALUES("2711","918","48","1","1","35000","35000","0","-1");
INSERT INTO order_detail VALUES("2712","918","6","1","1","30000","30000","0","-1");
INSERT INTO order_detail VALUES("2727","919","2","1","1","30000","30000","0","-1");
INSERT INTO order_detail VALUES("2728","919","81","1","1","30000","30000","0","-1");
INSERT INTO order_detail VALUES("2729","919","23","1","1","32000","32000","0","-1");
INSERT INTO order_detail VALUES("2730","919","27","1","1","32000","32000","0","-1");
INSERT INTO order_detail VALUES("2731","919","219","1","1","45000","45000","0","-1");
INSERT INTO order_detail VALUES("2732","919","37","1","1","38000","38000","0","-1");
INSERT INTO order_detail VALUES("2739","920","38","1","1","40000","40000","0","-1");
INSERT INTO order_detail VALUES("2740","920","8","1","1","30000","30000","0","-1");
INSERT INTO order_detail VALUES("2744","922","38","1","1","40000","32000","0","27");
INSERT INTO order_detail VALUES("2745","922","8","1","1","30000","24000","0","27");
INSERT INTO order_detail VALUES("2746","922","220","1","1","120000","120000","0","-1");
INSERT INTO order_detail VALUES("2747","921","186","1","2","20000","40000","0","-1");
INSERT INTO order_detail VALUES("2748","921","22","1","1","32000","32000","0","-1");
INSERT INTO order_detail VALUES("2749","923","31","1","1","38000","38000","0","-1");
INSERT INTO order_detail VALUES("2750","924","2","1","1","30000","30000","0","-1");
INSERT INTO order_detail VALUES("2752","926","52","1","1","25000","25000","0","-1");
INSERT INTO order_detail VALUES("2753","926","221","1","1","15000","15000","0","-1");
INSERT INTO order_detail VALUES("2754","927","52","1","4","25000","100000","0","-1");
INSERT INTO order_detail VALUES("2760","928","43","1","2","35000","70000","0","-1");
INSERT INTO order_detail VALUES("2761","928","31","1","1","38000","38000","0","-1");
INSERT INTO order_detail VALUES("2762","928","24","1","1","32000","32000","0","-1");
INSERT INTO order_detail VALUES("2777","933","52","1","2","25000","50000","0","-1");
INSERT INTO order_detail VALUES("2778","925","43","1","2","35000","70000","0","-1");
INSERT INTO order_detail VALUES("2779","925","1","1","1","26000","26000","0","-1");
INSERT INTO order_detail VALUES("2780","925","32","1","1","38000","38000","0","-1");
INSERT INTO order_detail VALUES("2785","931","41","1","1","38000","38000","0","-1");
INSERT INTO order_detail VALUES("2786","930","43","1","1","35000","35000","0","-1");
INSERT INTO order_detail VALUES("2787","930","1","1","2","26000","52000","0","-1");
INSERT INTO order_detail VALUES("2788","930","6","1","2","30000","60000","0","-1");
INSERT INTO order_detail VALUES("2789","930","13","1","1","35000","35000","0","-1");
INSERT INTO order_detail VALUES("2790","929","32","1","1","38000","38000","0","-1");
INSERT INTO order_detail VALUES("2791","929","15","1","1","35000","35000","0","-1");
INSERT INTO order_detail VALUES("2792","932","2","0","1","24000","24000","0","-1");
INSERT INTO order_detail VALUES("2793","932","52","1","3","25000","75000","0","-1");
INSERT INTO order_detail VALUES("2794","934","1","1","1","26000","26000","0","-1");
INSERT INTO order_detail VALUES("2795","935","2","1","1","30000","30000","0","-1");
INSERT INTO order_detail VALUES("2796","935","222","1","1","12000","12000","0","-1");
INSERT INTO order_detail VALUES("2797","936","1","1","2","26000","52000","0","-1");
INSERT INTO order_detail VALUES("2799","937","3","1","2","30000","60000","0","-1");
INSERT INTO order_detail VALUES("2800","937","149","1","2","85000","170000","0","-1");
INSERT INTO order_detail VALUES("2804","938","36","1","1","38000","38000","0","-1");
INSERT INTO order_detail VALUES("2805","938","1","1","1","26000","26000","0","-1");
INSERT INTO order_detail VALUES("2806","938","22","1","1","32000","32000","0","-1");
INSERT INTO order_detail VALUES("2807","939","26","1","1","32000","32000","0","-1");
INSERT INTO order_detail VALUES("2808","939","37","1","1","38000","38000","0","-1");
INSERT INTO order_detail VALUES("2815","942","223","1","1","16000","16000","0","-1");
INSERT INTO order_detail VALUES("2816","940","2","1","1","30000","30000","0","-1");
INSERT INTO order_detail VALUES("2817","941","1","1","1","26000","26000","0","-1");
INSERT INTO order_detail VALUES("2818","945","8","1","1","30000","30000","0","-1");
INSERT INTO order_detail VALUES("2826","946","2","1","1","30000","30000","0","-1");
INSERT INTO order_detail VALUES("2827","946","6","1","1","30000","30000","0","-1");
INSERT INTO order_detail VALUES("2828","948","52","1","4","25000","100000","0","-1");
INSERT INTO order_detail VALUES("2834","949","31","1","2","38000","76000","0","-1");
INSERT INTO order_detail VALUES("2835","951","1","1","1","26000","26000","0","-1");
INSERT INTO order_detail VALUES("2836","951","2","1","1","30000","30000","0","-1");
INSERT INTO order_detail VALUES("2837","952","31","1","2","38000","76000","0","-1");
INSERT INTO order_detail VALUES("2838","947","6","0","1","24000","24000","0","-1");
INSERT INTO order_detail VALUES("2839","947","52","1","2","25000","50000","0","-1");
INSERT INTO order_detail VALUES("2840","950","43","1","1","35000","35000","0","-1");
INSERT INTO order_detail VALUES("2841","950","52","1","1","25000","25000","0","-1");
INSERT INTO order_detail VALUES("2842","950","224","1","1","5000","5000","0","-1");
INSERT INTO order_detail VALUES("2845","954","52","1","1","25000","25000","0","-1");
INSERT INTO order_detail VALUES("2846","953","26","1","1","32000","32000","0","-1");
INSERT INTO order_detail VALUES("2847","953","20","1","1","35000","35000","0","-1");
INSERT INTO order_detail VALUES("2850","956","4","0","1","26000","26000","0","-1");
INSERT INTO order_detail VALUES("2851","955","13","1","1","35000","35000","0","-1");
INSERT INTO order_detail VALUES("2852","955","17","1","1","40000","40000","0","-1");
INSERT INTO order_detail VALUES("2856","959","226","1","2","12000","24000","0","-1");
INSERT INTO order_detail VALUES("2857","957","2","1","2","30000","60000","0","-1");
INSERT INTO order_detail VALUES("2858","958","1","1","1","26000","26000","0","-1");
INSERT INTO order_detail VALUES("2859","958","32","1","1","38000","38000","0","-1");
INSERT INTO order_detail VALUES("2860","960","1","1","3","26000","78000","0","-1");
INSERT INTO order_detail VALUES("2869","961","1","1","1","26000","26000","0","-1");
INSERT INTO order_detail VALUES("2870","961","2","1","1","30000","30000","0","-1");
INSERT INTO order_detail VALUES("2871","961","46","1","1","45000","45000","0","-1");
INSERT INTO order_detail VALUES("2872","961","43","1","2","35000","70000","0","-1");
INSERT INTO order_detail VALUES("2873","963","52","1","5","25000","125000","0","-1");
INSERT INTO order_detail VALUES("2875","962","52","1","2","25000","50000","0","-1");
INSERT INTO order_detail VALUES("2876","964","52","1","2","25000","50000","0","-1");
INSERT INTO order_detail VALUES("2877","965","52","1","2","25000","50000","0","-1");
INSERT INTO order_detail VALUES("2878","965","31","0","1","32000","32000","0","-1");
INSERT INTO order_detail VALUES("2885","967","26","1","1","32000","32000","0","-1");
INSERT INTO order_detail VALUES("2886","967","2","1","1","30000","30000","0","-1");
INSERT INTO order_detail VALUES("2887","966","1","1","1","26000","26000","0","-1");
INSERT INTO order_detail VALUES("2888","966","6","1","1","30000","30000","0","-1");
INSERT INTO order_detail VALUES("2889","966","53","1","1","38000","38000","0","-1");
INSERT INTO order_detail VALUES("2890","968","2","1","2","30000","60000","0","-1");
INSERT INTO order_detail VALUES("2894","971","52","1","2","25000","50000","0","-1");
INSERT INTO order_detail VALUES("2895","971","227","1","1","5000","5000","0","-1");
INSERT INTO order_detail VALUES("2896","970","43","1","2","35000","70000","0","-1");
INSERT INTO order_detail VALUES("2897","972","2","1","1","30000","30000","0","-1");
INSERT INTO order_detail VALUES("2898","972","6","1","1","30000","30000","0","-1");
INSERT INTO order_detail VALUES("2908","973","43","1","1","35000","35000","0","-1");
INSERT INTO order_detail VALUES("2909","973","40","1","1","38000","38000","0","-1");
INSERT INTO order_detail VALUES("2910","975","228","1","1","10000","10000","0","-1");
INSERT INTO order_detail VALUES("2911","974","6","1","1","30000","30000","0","-1");
INSERT INTO order_detail VALUES("2912","974","2","1","1","30000","30000","0","-1");
INSERT INTO order_detail VALUES("2913","969","31","1","5","38000","190000","0","-1");
INSERT INTO order_detail VALUES("2914","969","1","1","1","26000","26000","0","-1");
INSERT INTO order_detail VALUES("2915","969","43","1","1","35000","35000","0","-1");
INSERT INTO order_detail VALUES("2918","977","31","1","2","38000","76000","0","-1");
INSERT INTO order_detail VALUES("2919","978","226","0","5","10000","50000","0","-1");
INSERT INTO order_detail VALUES("2920","979","226","0","5","10000","50000","0","-1");
INSERT INTO order_detail VALUES("2933","983","91","1","1","20000","20000","0","-1");
INSERT INTO order_detail VALUES("2934","983","5","1","1","30000","30000","0","-1");
INSERT INTO order_detail VALUES("2942","986","88","1","1","35000","35000","0","-1");
INSERT INTO order_detail VALUES("2943","986","229","1","1","5000","5000","0","-1");
INSERT INTO order_detail VALUES("2944","984","31","1","1","38000","38000","0","-1");
INSERT INTO order_detail VALUES("2945","984","91","1","1","20000","20000","0","-1");
INSERT INTO order_detail VALUES("2946","985","1","1","1","26000","26000","0","-1");
INSERT INTO order_detail VALUES("2947","976","2","1","1","30000","30000","0","-1");
INSERT INTO order_detail VALUES("2948","976","11","1","1","35000","35000","0","-1");
INSERT INTO order_detail VALUES("2967","990","1","1","1","26000","21000","0","22");
INSERT INTO order_detail VALUES("2968","990","21","1","1","32000","26000","0","22");
INSERT INTO order_detail VALUES("2969","990","52","1","2","25000","50000","0","-1");
INSERT INTO order_detail VALUES("2973","988","37","1","1","38000","38000","0","-1");
INSERT INTO order_detail VALUES("2974","988","3","1","1","30000","30000","0","-1");
INSERT INTO order_detail VALUES("2977","991","42","0","1","32000","32000","0","-1");
INSERT INTO order_detail VALUES("3015","982","1","1","1","26000","26000","0","-1");
INSERT INTO order_detail VALUES("3016","994","43","1","1","35000","35000","0","-1");
INSERT INTO order_detail VALUES("3025","993","2","1","1","30000","30000","0","-1");
INSERT INTO order_detail VALUES("3026","993","226","1","1","12000","12000","0","-1");
INSERT INTO order_detail VALUES("3027","995","52","1","2","25000","50000","0","-1");
INSERT INTO order_detail VALUES("3029","996","52","1","2","25000","50000","0","-1");
INSERT INTO order_detail VALUES("3046","980","34","1","1","38000","38000","0","-1");
INSERT INTO order_detail VALUES("3047","980","35","1","1","40000","40000","0","-1");
INSERT INTO order_detail VALUES("3048","980","32","1","2","38000","76000","0","-1");
INSERT INTO order_detail VALUES("3049","980","33","1","2","40000","80000","0","-1");
INSERT INTO order_detail VALUES("3050","980","24","1","1","32000","32000","0","-1");
INSERT INTO order_detail VALUES("3057","1002","235","1","1","10000","10000","0","-1");
INSERT INTO order_detail VALUES("3058","1000","234","1","1","26000","26000","0","-1");
INSERT INTO order_detail VALUES("3069","1004","1","1","1","26000","26000","0","-1");
INSERT INTO order_detail VALUES("3070","1004","4","1","1","26000","26000","0","-1");
INSERT INTO order_detail VALUES("3073","999","1","1","1","26000","26000","0","-1");
INSERT INTO order_detail VALUES("3074","1001","226","1","2","12000","24000","0","-1");
INSERT INTO order_detail VALUES("3075","1001","22","1","1","32000","32000","0","-1");
INSERT INTO order_detail VALUES("3076","1003","33","1","1","40000","40000","0","-1");
INSERT INTO order_detail VALUES("3077","1003","18","1","1","30000","30000","0","-1");
INSERT INTO order_detail VALUES("3078","981","28","1","1","32000","32000","0","-1");
INSERT INTO order_detail VALUES("3079","981","35","1","1","40000","40000","0","-1");
INSERT INTO order_detail VALUES("3080","981","22","1","1","32000","32000","0","-1");
INSERT INTO order_detail VALUES("3081","981","226","1","2","12000","24000","0","-1");
INSERT INTO order_detail VALUES("3082","1005","13","1","1","35000","35000","0","-1");
INSERT INTO order_detail VALUES("3083","1005","34","1","1","38000","38000","0","-1");
INSERT INTO order_detail VALUES("3084","1005","44","1","1","45000","45000","0","-1");
INSERT INTO order_detail VALUES("3085","1006","4","1","1","26000","26000","0","-1");
INSERT INTO order_detail VALUES("3086","1006","173","1","1","26000","26000","0","-1");
INSERT INTO order_detail VALUES("3087","1007","41","1","1","38000","38000","0","-1");
INSERT INTO order_detail VALUES("3088","1007","45","1","1","40000","40000","0","-1");
INSERT INTO order_detail VALUES("3089","1008","35","1","1","40000","40000","0","-1");
INSERT INTO order_detail VALUES("3090","1008","37","1","1","38000","38000","0","-1");
INSERT INTO order_detail VALUES("3091","1009","31","0","1","32000","32000","0","-1");
INSERT INTO order_detail VALUES("3092","1009","226","1","1","12000","12000","0","-1");
INSERT INTO order_detail VALUES("3093","1010","47","1","1","35000","35000","0","-1");
INSERT INTO order_detail VALUES("3094","1010","28","1","1","32000","32000","0","-1");
INSERT INTO order_detail VALUES("3095","1011","6","1","1","30000","30000","0","-1");
INSERT INTO order_detail VALUES("3096","1012","88","1","1","35000","35000","0","-1");
INSERT INTO order_detail VALUES("3097","1013","36","0","1","32000","32000","0","-1");
INSERT INTO order_detail VALUES("3098","1014","35","0","1","34000","34000","0","-1");
INSERT INTO order_detail VALUES("3099","1014","34","0","1","32000","32000","0","-1");
INSERT INTO order_detail VALUES("3100","1015","226","1","2","12000","24000","0","-1");
INSERT INTO order_detail VALUES("3106","1017","20","1","1","35000","35000","0","-1");
INSERT INTO order_detail VALUES("3107","1016","127","1","1","77000","77000","0","-1");
INSERT INTO order_detail VALUES("3108","1016","186","1","2","20000","40000","0","-1");
INSERT INTO order_detail VALUES("3109","1016","32","1","1","38000","38000","0","-1");
INSERT INTO order_detail VALUES("3110","1016","1","1","1","26000","26000","0","-1");
INSERT INTO order_detail VALUES("3111","1018","15","1","2","35000","70000","0","-1");
INSERT INTO order_detail VALUES("3112","1019","17","1","1","40000","40000","0","-1");
INSERT INTO order_detail VALUES("3115","1020","1","1","1","26000","26000","0","-1");
INSERT INTO order_detail VALUES("3116","1020","4","1","1","26000","26000","0","-1");
INSERT INTO order_detail VALUES("3122","1022","2","1","1","30000","30000","0","-1");
INSERT INTO order_detail VALUES("3123","1022","13","1","2","35000","70000","0","-1");
INSERT INTO order_detail VALUES("3124","1023","2","1","1","30000","30000","0","-1");
INSERT INTO order_detail VALUES("3125","1023","13","1","2","35000","70000","0","-1");
INSERT INTO order_detail VALUES("3126","1023","186","1","2","20000","40000","0","-1");
INSERT INTO order_detail VALUES("3127","1024","2","1","1","30000","30000","0","-1");
INSERT INTO order_detail VALUES("3128","1024","13","1","2","35000","70000","0","-1");
INSERT INTO order_detail VALUES("3129","1024","186","1","2","20000","40000","0","-1");
INSERT INTO order_detail VALUES("3139","1026","13","1","1","35000","35000","0","-1");
INSERT INTO order_detail VALUES("3140","1021","6","1","1","30000","30000","0","-1");
INSERT INTO order_detail VALUES("3141","1025","8","1","1","30000","30000","0","-1");
INSERT INTO order_detail VALUES("3142","1025","28","1","1","32000","32000","0","-1");
INSERT INTO order_detail VALUES("3143","1025","31","1","1","38000","38000","0","-1");
INSERT INTO order_detail VALUES("3144","1025","2","1","1","30000","30000","0","-1");
INSERT INTO order_detail VALUES("3145","1025","83","1","1","38000","38000","0","-1");
INSERT INTO order_detail VALUES("3146","1025","33","1","1","40000","40000","0","-1");
INSERT INTO order_detail VALUES("3147","1025","26","1","1","32000","32000","0","-1");
INSERT INTO order_detail VALUES("3148","1025","11","1","1","35000","35000","0","-1");
INSERT INTO order_detail VALUES("3149","1025","22","1","1","32000","32000","0","-1");
INSERT INTO order_detail VALUES("3150","1027","32","1","1","38000","38000","0","-1");
INSERT INTO order_detail VALUES("3151","1028","47","1","1","35000","35000","0","-1");
INSERT INTO order_detail VALUES("3152","1028","11","1","1","35000","35000","0","-1");
INSERT INTO order_detail VALUES("3159","1031","236","1","1","20000","20000","0","-1");
INSERT INTO order_detail VALUES("3160","1033","52","1","4","25000","100000","0","-1");
INSERT INTO order_detail VALUES("3161","1032","52","1","4","25000","100000","0","-1");
INSERT INTO order_detail VALUES("3163","1034","226","1","1","12000","10000","0","22");
INSERT INTO order_detail VALUES("3167","1029","43","1","1","35000","35000","0","-1");
INSERT INTO order_detail VALUES("3168","1029","41","1","1","38000","38000","0","-1");
INSERT INTO order_detail VALUES("3171","1036","238","1","1","28000","28000","0","-1");
INSERT INTO order_detail VALUES("3172","1037","81","1","1","30000","30000","0","-1");
INSERT INTO order_detail VALUES("3173","1035","17","1","2","40000","80000","0","-1");
INSERT INTO order_detail VALUES("3174","1035","31","1","2","38000","76000","0","-1");
INSERT INTO order_detail VALUES("3175","1030","52","1","2","25000","50000","0","-1");
INSERT INTO order_detail VALUES("3176","1030","237","1","1","20000","20000","0","-1");
INSERT INTO order_detail VALUES("3177","1030","239","1","1","10000","10000","0","-1");
INSERT INTO order_detail VALUES("3180","1039","186","1","1","20000","20000","0","-1");
INSERT INTO order_detail VALUES("3181","1038","23","1","1","32000","32000","0","-1");
INSERT INTO order_detail VALUES("3182","1038","32","1","1","38000","38000","0","-1");
INSERT INTO order_detail VALUES("3183","1040","23","1","1","32000","32000","0","-1");
INSERT INTO order_detail VALUES("3184","1040","32","1","1","38000","38000","0","-1");
INSERT INTO order_detail VALUES("3187","1041","2","1","1","30000","30000","0","-1");
INSERT INTO order_detail VALUES("3188","1041","28","1","1","32000","32000","0","-1");
INSERT INTO order_detail VALUES("3191","1042","1","1","2","26000","52000","0","-1");
INSERT INTO order_detail VALUES("3192","1042","2","1","1","30000","30000","0","-1");
INSERT INTO order_detail VALUES("3199","1046","17","1","1","40000","40000","0","-1");
INSERT INTO order_detail VALUES("3200","1046","35","1","1","40000","40000","0","-1");
INSERT INTO order_detail VALUES("3201","1046","30","1","1","32000","32000","0","-1");
INSERT INTO order_detail VALUES("3202","1046","242","1","1","10000","10000","0","-1");
INSERT INTO order_detail VALUES("3203","1047","17","1","1","40000","40000","0","-1");
INSERT INTO order_detail VALUES("3204","1047","35","1","1","40000","0","0","30");
INSERT INTO order_detail VALUES("3205","1047","30","1","1","32000","32000","0","-1");
INSERT INTO order_detail VALUES("3206","1047","90","1","1","20000","20000","0","-1");
INSERT INTO order_detail VALUES("3220","1049","52","1","3","25000","75000","0","-1");
INSERT INTO order_detail VALUES("3221","1048","52","1","2","25000","50000","0","-1");
INSERT INTO order_detail VALUES("3222","1048","243","1","1","5000","5000","0","-1");
INSERT INTO order_detail VALUES("3223","1044","241","1","1","10000","10000","0","-1");
INSERT INTO order_detail VALUES("3224","1052","43","1","2","35000","70000","0","-1");
INSERT INTO order_detail VALUES("3225","1052","226","1","2","12000","0","0","30");
INSERT INTO order_detail VALUES("3226","1054","226","1","1","12000","12000","0","-1");
INSERT INTO order_detail VALUES("3227","1051","121","1","1","26000","26000","0","-1");
INSERT INTO order_detail VALUES("3228","1051","11","1","1","35000","35000","0","-1");
INSERT INTO order_detail VALUES("3229","1051","18","1","1","30000","30000","0","-1");
INSERT INTO order_detail VALUES("3230","1053","43","1","2","35000","70000","0","-1");
INSERT INTO order_detail VALUES("3231","1053","226","1","2","12000","0","0","30");
INSERT INTO order_detail VALUES("3232","1053","244","1","1","10000","10000","0","-1");
INSERT INTO order_detail VALUES("3233","1045","52","1","1","25000","25000","0","-1");
INSERT INTO order_detail VALUES("3234","1050","52","1","1","25000","25000","0","-1");
INSERT INTO order_detail VALUES("3236","1056","32","1","1","38000","38000","0","-1");
INSERT INTO order_detail VALUES("3237","1056","20","1","1","35000","35000","0","-1");
INSERT INTO order_detail VALUES("3240","1058","52","1","1","25000","25000","0","-1");
INSERT INTO order_detail VALUES("3241","1043","240","1","1","30000","30000","0","-1");
INSERT INTO order_detail VALUES("3242","1043","43","1","1","35000","35000","0","-1");
INSERT INTO order_detail VALUES("3243","1057","3","1","1","30000","30000","0","-1");
INSERT INTO order_detail VALUES("3244","1057","4","1","1","26000","26000","0","-1");
INSERT INTO order_detail VALUES("3245","1055","52","1","2","25000","50000","0","-1");
INSERT INTO order_detail VALUES("3247","1059","1","1","1","26000","26000","0","-1");
INSERT INTO order_detail VALUES("3248","1060","35","1","1","40000","40000","0","-1");
INSERT INTO order_detail VALUES("3249","1060","37","1","1","38000","0","0","30");
INSERT INTO order_detail VALUES("3250","1061","35","1","1","40000","40000","0","-1");
INSERT INTO order_detail VALUES("3251","1061","38","1","1","40000","0","0","30");
INSERT INTO order_detail VALUES("3252","1062","35","1","1","40000","40000","0","-1");
INSERT INTO order_detail VALUES("3255","1063","2","1","1","30000","30000","0","-1");
INSERT INTO order_detail VALUES("3256","1063","85","1","1","35000","35000","0","-1");
INSERT INTO order_detail VALUES("3257","1064","17","1","1","40000","40000","0","-1");
INSERT INTO order_detail VALUES("3261","1066","21","1","1","32000","32000","0","-1");
INSERT INTO order_detail VALUES("3271","1065","40","1","1","38000","38000","0","-1");
INSERT INTO order_detail VALUES("3272","1065","41","1","3","38000","114000","0","-1");
INSERT INTO order_detail VALUES("3273","1067","37","0","1","32000","32000","0","-1");
INSERT INTO order_detail VALUES("3281","1071","52","1","3","25000","75000","0","-1");
INSERT INTO order_detail VALUES("3288","1070","35","1","1","40000","40000","0","-1");
INSERT INTO order_detail VALUES("3289","1070","35","1","1","40000","0","0","30");
INSERT INTO order_detail VALUES("3290","1070","226","0","5","10000","50000","0","-1");
INSERT INTO order_detail VALUES("3292","1072","52","1","3","25000","75000","0","-1");
INSERT INTO order_detail VALUES("3293","1073","31","0","1","32000","32000","0","-1");
INSERT INTO order_detail VALUES("3294","1074","90","1","1","10000","8000","0","27");
INSERT INTO order_detail VALUES("3295","1068","1","1","1","26000","26000","0","-1");
INSERT INTO order_detail VALUES("3296","1068","43","1","1","35000","35000","0","-1");
INSERT INTO order_detail VALUES("3297","1068","245","1","1","5000","5000","0","-1");
INSERT INTO order_detail VALUES("3300","1076","52","1","1","25000","25000","0","-1");
INSERT INTO order_detail VALUES("3302","1078","52","1","2","25000","50000","0","-1");
INSERT INTO order_detail VALUES("3317","1080","42","1","1","38000","38000","0","-1");
INSERT INTO order_detail VALUES("3318","1080","42","1","1","38000","0","0","30");
INSERT INTO order_detail VALUES("3319","1075","6","1","1","30000","30000","0","-1");
INSERT INTO order_detail VALUES("3320","1075","31","1","3","38000","114000","0","-1");
INSERT INTO order_detail VALUES("3321","1075","53","1","1","38000","38000","0","-1");
INSERT INTO order_detail VALUES("3322","1075","43","1","2","35000","70000","0","-1");
INSERT INTO order_detail VALUES("3323","1075","1","1","2","26000","52000","0","-1");
INSERT INTO order_detail VALUES("3325","1082","11","1","1","35000","35000","0","-1");
INSERT INTO order_detail VALUES("3326","1082","11","1","1","35000","0","0","30");
INSERT INTO order_detail VALUES("3328","1079","1","1","1","26000","26000","0","-1");
INSERT INTO order_detail VALUES("3329","1079","6","1","1","30000","30000","0","-1");
INSERT INTO order_detail VALUES("3330","1077","4","1","1","26000","26000","0","-1");
INSERT INTO order_detail VALUES("3331","1069","1","0","1","21000","21000","0","-1");
INSERT INTO order_detail VALUES("3332","1069","4","0","1","21000","21000","0","-1");
INSERT INTO order_detail VALUES("3333","1069","52","1","2","25000","50000","0","-1");
INSERT INTO order_detail VALUES("3334","1081","226","1","2","12000","24000","0","-1");
INSERT INTO order_detail VALUES("3335","1083","226","1","1","12000","12000","0","-1");
INSERT INTO order_detail VALUES("3341","1085","1","1","1","26000","26000","0","-1");
INSERT INTO order_detail VALUES("3345","1084","226","1","1","12000","12000","0","-1");
INSERT INTO order_detail VALUES("3346","1084","248","1","2","26000","52000","0","-1");
INSERT INTO order_detail VALUES("3352","1086","47","1","2","35000","70000","0","-1");
INSERT INTO order_detail VALUES("3353","1087","81","1","1","30000","30000","0","-1");
INSERT INTO order_detail VALUES("3354","1087","22","1","1","32000","32000","0","-1");
INSERT INTO order_detail VALUES("3355","1088","226","1","1","12000","10000","0","27");
INSERT INTO order_detail VALUES("3358","1091","52","1","5","25000","125000","0","-1");
INSERT INTO order_detail VALUES("3359","1092","52","1","3","25000","75000","0","-1");
INSERT INTO order_detail VALUES("3360","1092","249","1","1","5000","5000","0","-1");
INSERT INTO order_detail VALUES("3363","1090","38","1","1","40000","40000","0","-1");
INSERT INTO order_detail VALUES("3369","1093","52","1","2","25000","50000","0","-1");
INSERT INTO order_detail VALUES("3370","1089","85","1","1","35000","35000","0","-1");
INSERT INTO order_detail VALUES("3371","1089","6","1","1","30000","30000","0","-1");
INSERT INTO order_detail VALUES("3372","1089","43","1","2","35000","70000","0","-1");
INSERT INTO order_detail VALUES("3378","1096","52","1","2","25000","50000","0","-1");
INSERT INTO order_detail VALUES("3379","1094","43","1","1","35000","35000","0","-1");
INSERT INTO order_detail VALUES("3380","1094","226","1","1","12000","12000","0","-1");
INSERT INTO order_detail VALUES("3381","1094","31","1","1","38000","38000","0","-1");
INSERT INTO order_detail VALUES("3382","1094","251","1","1","38000","38000","0","-1");
INSERT INTO order_detail VALUES("3388","1100","226","0","1","10000","10000","0","-1");
INSERT INTO order_detail VALUES("3389","1097","1","1","1","26000","26000","0","-1");
INSERT INTO order_detail VALUES("3390","1098","4","1","1","26000","26000","0","-1");
INSERT INTO order_detail VALUES("3395","1099","11","1","1","35000","35000","0","-1");
INSERT INTO order_detail VALUES("3397","1102","6","1","1","30000","30000","0","-1");
INSERT INTO order_detail VALUES("3398","1095","31","1","1","38000","38000","0","-1");
INSERT INTO order_detail VALUES("3399","1095","2","1","1","30000","30000","0","-1");
INSERT INTO order_detail VALUES("3400","1095","252","1","1","5000","5000","0","-1");
INSERT INTO order_detail VALUES("3401","1101","253","1","1","30000","30000","0","-1");
INSERT INTO order_detail VALUES("3427","1103","38","1","1","40000","0","0","30");
INSERT INTO order_detail VALUES("3428","1103","20","1","1","35000","35000","0","-1");
INSERT INTO order_detail VALUES("3429","1103","42","1","1","38000","38000","0","-1");
INSERT INTO order_detail VALUES("3430","1103","33","1","1","40000","0","0","30");
INSERT INTO order_detail VALUES("3431","1103","31","1","1","38000","38000","0","-1");
INSERT INTO order_detail VALUES("3432","1103","32","1","1","38000","38000","0","-1");
INSERT INTO order_detail VALUES("3433","1103","39","1","1","42000","0","0","30");
INSERT INTO order_detail VALUES("3434","1103","226","1","1","12000","12000","0","-1");
INSERT INTO order_detail VALUES("3435","1103","33","1","1","40000","0","0","30");
INSERT INTO order_detail VALUES("3437","1104","41","0","1","32000","32000","0","-1");
INSERT INTO order_detail VALUES("3440","1105","38","1","1","40000","40000","0","-1");
INSERT INTO order_detail VALUES("3441","1105","38","1","1","40000","0","0","30");
INSERT INTO order_detail VALUES("3453","1107","3","1","1","30000","30000","0","-1");
INSERT INTO order_detail VALUES("3454","1107","47","1","1","35000","35000","0","-1");
INSERT INTO order_detail VALUES("3455","1109","45","1","1","40000","40000","0","-1");
INSERT INTO order_detail VALUES("3456","1109","29","1","1","32000","32000","0","-1");
INSERT INTO order_detail VALUES("3458","1111","52","1","2","25000","50000","0","-1");
INSERT INTO order_detail VALUES("3461","1113","52","1","4","25000","100000","0","-1");
INSERT INTO order_detail VALUES("3464","1108","1","1","2","26000","52000","0","-1");
INSERT INTO order_detail VALUES("3465","1108","22","1","1","32000","32000","0","-1");
INSERT INTO order_detail VALUES("3466","1110","7","1","1","30000","30000","0","-1");
INSERT INTO order_detail VALUES("3467","1110","17","1","1","40000","40000","0","-1");
INSERT INTO order_detail VALUES("3468","1110","1","1","1","26000","26000","0","-1");
INSERT INTO order_detail VALUES("3469","1114","43","1","1","35000","35000","0","-1");
INSERT INTO order_detail VALUES("3476","1112","52","1","3","25000","75000","0","-1");
INSERT INTO order_detail VALUES("3477","1115","52","1","2","25000","50000","0","-1");
INSERT INTO order_detail VALUES("3478","1106","226","1","1","12000","12000","0","-1");
INSERT INTO order_detail VALUES("3479","1106","43","1","1","35000","35000","0","-1");
INSERT INTO order_detail VALUES("3480","1118","43","1","1","35000","35000","0","-1");
INSERT INTO order_detail VALUES("3481","1118","31","0","1","32000","32000","0","-1");
INSERT INTO order_detail VALUES("3486","1117","43","1","2","35000","70000","0","-1");
INSERT INTO order_detail VALUES("3487","1117","52","1","1","25000","25000","0","-1");
INSERT INTO order_detail VALUES("3488","1117","35","1","1","40000","40000","0","-1");
INSERT INTO order_detail VALUES("3489","1117","38","1","1","40000","40000","0","-1");
INSERT INTO order_detail VALUES("3490","1119","155","1","2","10000","20000","0","-1");
INSERT INTO order_detail VALUES("3491","1120","226","1","1","12000","0","0","30");
INSERT INTO order_detail VALUES("3495","1122","31","0","1","32000","32000","0","-1");
INSERT INTO order_detail VALUES("3496","1121","55","1","3","30000","90000","0","-1");
INSERT INTO order_detail VALUES("3497","1121","31","1","1","38000","38000","0","-1");
INSERT INTO order_detail VALUES("3498","1116","4","1","1","26000","26000","0","-1");
INSERT INTO order_detail VALUES("3499","1123","35","1","1","40000","40000","0","-1");
INSERT INTO order_detail VALUES("3500","1123","83","1","1","38000","38000","0","-1");
INSERT INTO order_detail VALUES("3501","1124","35","1","1","40000","0","0","30");
INSERT INTO order_detail VALUES("3502","1124","83","1","1","38000","38000","0","-1");
INSERT INTO order_detail VALUES("3506","1125","36","1","1","38000","38000","0","-1");
INSERT INTO order_detail VALUES("3507","1125","30","1","1","32000","32000","0","-1");
INSERT INTO order_detail VALUES("3508","1125","55","1","1","30000","30000","0","-1");
INSERT INTO order_detail VALUES("3509","1126","186","1","1","20000","20000","0","-1");
INSERT INTO order_detail VALUES("3510","1127","36","1","1","38000","38000","0","-1");
INSERT INTO order_detail VALUES("3511","1127","55","1","1","30000","30000","0","-1");
INSERT INTO order_detail VALUES("3512","1127","30","1","1","32000","32000","0","-1");
INSERT INTO order_detail VALUES("3513","1128","31","0","1","32000","32000","0","-1");
INSERT INTO order_detail VALUES("3514","1128","226","0","2","10000","20000","0","-1");
INSERT INTO order_detail VALUES("3515","1129","3","1","1","30000","30000","0","-1");
INSERT INTO order_detail VALUES("3516","1129","9","1","1","30000","30000","0","-1");
INSERT INTO order_detail VALUES("3517","1130","88","1","1","35000","35000","0","-1");
INSERT INTO order_detail VALUES("3525","1135","2","1","1","30000","30000","0","-1");
INSERT INTO order_detail VALUES("3528","1136","226","1","1","12000","12000","0","-1");
INSERT INTO order_detail VALUES("3529","1136","255","1","1","3000","3000","0","-1");
INSERT INTO order_detail VALUES("3532","1137","32","1","1","38000","38000","0","-1");
INSERT INTO order_detail VALUES("3533","1137","8","1","1","30000","30000","0","-1");
INSERT INTO order_detail VALUES("3534","1134","4","1","1","26000","26000","0","-1");
INSERT INTO order_detail VALUES("3535","1134","1","1","1","26000","26000","0","-1");
INSERT INTO order_detail VALUES("3537","1139","52","1","1","25000","25000","0","-1");
INSERT INTO order_detail VALUES("3538","1139","225","1","1","5000","5000","0","-1");
INSERT INTO order_detail VALUES("3539","1140","52","1","1","25000","25000","0","-1");
INSERT INTO order_detail VALUES("3540","1141","226","1","1","12000","12000","0","-1");
INSERT INTO order_detail VALUES("3541","1142","226","0","1","10000","10000","0","-1");
INSERT INTO order_detail VALUES("3554","1138","31","1","2","38000","76000","0","-1");
INSERT INTO order_detail VALUES("3555","1138","6","1","1","30000","30000","0","-1");
INSERT INTO order_detail VALUES("3556","1138","256","1","2","38000","76000","0","-1");
INSERT INTO order_detail VALUES("3557","1138","20","1","1","35000","35000","0","-1");
INSERT INTO order_detail VALUES("3558","1138","88","1","1","35000","35000","0","-1");
INSERT INTO order_detail VALUES("3559","1143","38","1","1","40000","40000","0","-1");
INSERT INTO order_detail VALUES("3560","1143","33","1","1","40000","40000","0","-1");
INSERT INTO order_detail VALUES("3561","1143","35","1","1","40000","40000","0","-1");
INSERT INTO order_detail VALUES("3562","1144","38","1","1","40000","40000","0","-1");
INSERT INTO order_detail VALUES("3563","1144","33","1","1","40000","40000","0","-1");
INSERT INTO order_detail VALUES("3564","1144","35","1","1","40000","40000","0","-1");
INSERT INTO order_detail VALUES("3567","1147","35","1","1","40000","40000","0","-1");
INSERT INTO order_detail VALUES("3568","1147","37","1","1","38000","0","0","30");
INSERT INTO order_detail VALUES("3569","1148","37","1","1","38000","38000","0","-1");
INSERT INTO order_detail VALUES("3570","1148","26","1","1","32000","32000","0","-1");
INSERT INTO order_detail VALUES("3571","1148","121","1","1","26000","26000","0","-1");
INSERT INTO order_detail VALUES("3572","1149","226","0","1","10000","10000","0","-1");
INSERT INTO order_detail VALUES("3573","1150","2","1","1","30000","30000","0","-1");
INSERT INTO order_detail VALUES("3574","1146","6","1","1","30000","30000","0","-1");
INSERT INTO order_detail VALUES("3575","1145","31","1","1","38000","38000","0","-1");
INSERT INTO order_detail VALUES("3580","1152","8","1","1","30000","30000","0","-1");
INSERT INTO order_detail VALUES("3581","1152","22","1","1","32000","32000","0","-1");
INSERT INTO order_detail VALUES("3599","1151","35","1","1","40000","40000","0","-1");
INSERT INTO order_detail VALUES("3600","1151","33","1","1","40000","40000","0","-1");
INSERT INTO order_detail VALUES("3601","1151","8","1","1","30000","0","0","30");
INSERT INTO order_detail VALUES("3602","1151","38","1","1","40000","40000","0","-1");
INSERT INTO order_detail VALUES("3603","1151","17","1","1","40000","40000","0","-1");
INSERT INTO order_detail VALUES("3604","1151","31","1","1","38000","0","0","30");
INSERT INTO order_detail VALUES("3605","1151","257","1","1","8000","8000","0","-1");
INSERT INTO order_detail VALUES("3606","1151","42","1","1","38000","0","0","30");
INSERT INTO order_detail VALUES("3607","1151","226","1","1","12000","12000","0","-1");
INSERT INTO order_detail VALUES("3608","1153","39","1","2","42000","84000","0","-1");
INSERT INTO order_detail VALUES("3609","1153","39","1","2","42000","0","0","30");
INSERT INTO order_detail VALUES("3625","1154","20","1","1","35000","35000","0","-1");
INSERT INTO order_detail VALUES("3626","1154","26","1","1","32000","32000","0","-1");
INSERT INTO order_detail VALUES("3627","1156","1","1","2","26000","52000","0","-1");
INSERT INTO order_detail VALUES("3628","1157","2","1","1","30000","30000","0","-1");
INSERT INTO order_detail VALUES("3632","1155","88","1","1","35000","35000","0","-1");
INSERT INTO order_detail VALUES("3633","1155","1","1","1","26000","26000","0","-1");
INSERT INTO order_detail VALUES("3634","1155","226","1","1","12000","12000","0","-1");
INSERT INTO order_detail VALUES("3635","1159","45","1","1","40000","40000","0","-1");
INSERT INTO order_detail VALUES("3636","1159","47","1","1","35000","35000","0","-1");
INSERT INTO order_detail VALUES("3637","1158","2","1","1","30000","30000","0","-1");
INSERT INTO order_detail VALUES("3638","1158","7","1","1","30000","30000","0","-1");
INSERT INTO order_detail VALUES("3639","1158","38","1","1","40000","40000","0","-1");
INSERT INTO order_detail VALUES("3647","1160","47","1","1","35000","35000","0","-1");
INSERT INTO order_detail VALUES("3648","1160","4","1","1","26000","26000","0","-1");
INSERT INTO order_detail VALUES("3649","1160","91","1","1","20000","20000","0","-1");
INSERT INTO order_detail VALUES("3650","1160","46","1","1","45000","45000","0","-1");
INSERT INTO order_detail VALUES("3655","1162","1","1","1","26000","26000","0","-1");
INSERT INTO order_detail VALUES("3656","1162","32","1","1","38000","38000","0","-1");
INSERT INTO order_detail VALUES("3657","1162","23","1","1","32000","32000","0","-1");
INSERT INTO order_detail VALUES("3660","1163","31","1","1","38000","38000","0","-1");
INSERT INTO order_detail VALUES("3661","1163","85","1","1","35000","35000","0","-1");
INSERT INTO order_detail VALUES("3664","1165","12","1","1","35000","35000","0","-1");
INSERT INTO order_detail VALUES("3665","1166","226","0","2","10000","20000","0","-1");
INSERT INTO order_detail VALUES("3666","1161","6","1","1","30000","30000","0","-1");
INSERT INTO order_detail VALUES("3667","1164","31","1","1","38000","38000","0","-1");
INSERT INTO order_detail VALUES("3668","1164","35","1","1","40000","40000","0","-1");
INSERT INTO order_detail VALUES("3669","1167","6","1","1","30000","30000","0","-1");
INSERT INTO order_detail VALUES("3678","1171","11","1","1","35000","35000","0","-1");
INSERT INTO order_detail VALUES("3679","1171","1","1","1","26000","26000","0","-1");
INSERT INTO order_detail VALUES("3680","1171","31","1","1","38000","38000","0","-1");
INSERT INTO order_detail VALUES("3681","1172","31","1","1","38000","38000","0","-1");
INSERT INTO order_detail VALUES("3682","1172","11","1","1","35000","35000","0","-1");
INSERT INTO order_detail VALUES("3683","1172","1","1","1","26000","0","0","30");
INSERT INTO order_detail VALUES("3684","1170","36","1","1","38000","38000","0","-1");
INSERT INTO order_detail VALUES("3685","1170","37","1","1","38000","38000","0","-1");
INSERT INTO order_detail VALUES("3686","1173","13","1","1","35000","35000","0","-1");
INSERT INTO order_detail VALUES("3695","1169","1","1","2","26000","52000","0","-1");
INSERT INTO order_detail VALUES("3696","1174","35","1","1","40000","40000","0","-1");
INSERT INTO order_detail VALUES("3697","1174","36","1","1","38000","38000","0","-1");
INSERT INTO order_detail VALUES("3698","1177","43","1","1","35000","35000","0","-1");
INSERT INTO order_detail VALUES("3699","1177","31","0","1","32000","32000","0","-1");
INSERT INTO order_detail VALUES("3701","1176","52","1","5","25000","125000","0","-1");
INSERT INTO order_detail VALUES("3702","1179","52","1","2","25000","50000","0","-1");
INSERT INTO order_detail VALUES("3703","1178","43","1","2","35000","70000","0","-1");
INSERT INTO order_detail VALUES("3714","1168","4","0","1","21000","21000","0","-1");
INSERT INTO order_detail VALUES("3715","1168","1","0","1","21000","21000","0","-1");
INSERT INTO order_detail VALUES("3716","1168","52","1","2","25000","50000","0","-1");
INSERT INTO order_detail VALUES("3717","1168","16","1","1","30000","30000","0","24");
INSERT INTO order_detail VALUES("3718","1168","258","1","1","20000","20000","0","-1");
INSERT INTO order_detail VALUES("3719","1175","43","1","3","35000","105000","0","-1");
INSERT INTO order_detail VALUES("3722","1180","9","1","1","30000","30000","0","-1");
INSERT INTO order_detail VALUES("3723","1180","91","1","1","20000","20000","0","-1");
INSERT INTO order_detail VALUES("3726","1181","38","1","1","40000","0","0","30");
INSERT INTO order_detail VALUES("3727","1181","35","1","1","40000","40000","0","-1");
INSERT INTO order_detail VALUES("3730","1182","34","1","1","38000","38000","0","-1");
INSERT INTO order_detail VALUES("3736","1183","2","1","1","30000","30000","0","-1");
INSERT INTO order_detail VALUES("3737","1183","28","1","1","32000","32000","0","-1");
INSERT INTO order_detail VALUES("3738","1184","8","1","1","30000","30000","0","-1");
INSERT INTO order_detail VALUES("3739","1185","42","1","1","38000","38000","0","-1");
INSERT INTO order_detail VALUES("3740","1185","2","1","1","30000","30000","0","-1");
INSERT INTO order_detail VALUES("3741","1186","6","1","1","30000","30000","0","-1");
INSERT INTO order_detail VALUES("3750","1189","35","0","1","34000","34000","0","-1");
INSERT INTO order_detail VALUES("3753","1191","52","1","4","25000","100000","0","-1");
INSERT INTO order_detail VALUES("3754","1192","43","1","2","35000","70000","0","-1");
INSERT INTO order_detail VALUES("3755","1192","20","0","1","28000","28000","0","-1");
INSERT INTO order_detail VALUES("3756","1193","52","1","4","25000","100000","0","-1");
INSERT INTO order_detail VALUES("3757","1194","52","1","1","25000","25000","0","-1");
INSERT INTO order_detail VALUES("3758","1190","43","1","2","35000","70000","0","-1");
INSERT INTO order_detail VALUES("3759","1190","52","1","1","25000","25000","0","-1");
INSERT INTO order_detail VALUES("3769","1195","52","1","1","25000","25000","0","-1");
INSERT INTO order_detail VALUES("3781","1187","31","1","1","38000","38000","0","-1");
INSERT INTO order_detail VALUES("3782","1187","173","1","1","26000","26000","0","-1");
INSERT INTO order_detail VALUES("3783","1187","259","1","1","38000","38000","0","-1");
INSERT INTO order_detail VALUES("3784","1187","43","1","1","35000","35000","0","-1");
INSERT INTO order_detail VALUES("3785","1187","226","1","1","12000","12000","0","-1");
INSERT INTO order_detail VALUES("3786","1187","260","1","1","32000","32000","0","-1");
INSERT INTO order_detail VALUES("3787","1188","4","0","1","21000","21000","0","-1");
INSERT INTO order_detail VALUES("3788","1188","52","1","2","25000","50000","0","-1");
INSERT INTO order_detail VALUES("3789","1196","90","1","1","10000","10000","0","-1");
INSERT INTO order_detail VALUES("3790","1196","262","1","1","20000","20000","0","-1");
INSERT INTO order_detail VALUES("3791","1196","121","1","1","26000","26000","0","-1");
INSERT INTO order_detail VALUES("3794","1197","1","1","1","26000","26000","0","-1");
INSERT INTO order_detail VALUES("3795","1198","263","1","1","26000","26000","0","-1");
INSERT INTO order_detail VALUES("3796","1199","1","1","2","26000","52000","0","-1");
INSERT INTO order_detail VALUES("3797","1200","52","1","5","25000","125000","0","-1");
INSERT INTO order_detail VALUES("3798","1201","52","1","1","25000","25000","0","-1");
INSERT INTO order_detail VALUES("3799","1202","52","1","1","25000","25000","0","-1");
INSERT INTO order_detail VALUES("3800","1202","18","1","1","30000","30000","0","24");
INSERT INTO order_detail VALUES("3802","1203","18","0","1","24000","20000","0","22");
INSERT INTO order_detail VALUES("3803","1203","52","1","1","25000","25000","0","-1");
INSERT INTO order_detail VALUES("3805","1204","31","1","2","38000","76000","0","-1");
INSERT INTO order_detail VALUES("3806","1204","246","1","1","40000","40000","0","-1");
INSERT INTO order_detail VALUES("3807","1205","36","1","2","38000","76000","0","-1");
INSERT INTO order_detail VALUES("3808","1206","52","1","1","25000","25000","0","-1");
INSERT INTO order_detail VALUES("3809","1207","6","1","1","30000","30000","0","-1");
INSERT INTO order_detail VALUES("3810","1208","31","1","2","38000","76000","0","-1");
INSERT INTO order_detail VALUES("3811","1208","86","1","1","35000","35000","0","-1");
INSERT INTO order_detail VALUES("3812","1208","2","1","2","30000","60000","0","-1");
INSERT INTO order_detail VALUES("3813","1209","174","1","1","26000","26000","0","-1");
INSERT INTO order_detail VALUES("3814","1210","4","0","1","21000","21000","0","-1");



DROP TABLE orders;

CREATE TABLE `orders` (
  `id` int(11) NOT NULL AUTO_INCREMENT,
  `table_id` int(11) NOT NULL,
  `create_date` bigint(20) NOT NULL,
  `total_cost` double NOT NULL,
  `total_real_cost` double NOT NULL,
  `isdelete` int(11) NOT NULL,
  `coupon_id` int(11) DEFAULT NULL,
  `user_id` int(11) NOT NULL,
  `surtax_id` int(5) NOT NULL,
  `status` varchar(100) COLLATE utf8_unicode_ci NOT NULL,
  PRIMARY KEY (`id`)
) ENGINE=InnoDB AUTO_INCREMENT=1211 DEFAULT CHARSET=utf8 COLLATE=utf8_unicode_ci;

INSERT INTO orders VALUES("1","1","1413256509","26000","26000","1","-1","1","0","");
INSERT INTO orders VALUES("2","1","1413257006","56000","56000","1","-1","1","0","");
INSERT INTO orders VALUES("3","1","1413257457","26000","26000","1","-1","1","0","");
INSERT INTO orders VALUES("4","4","1413261775","128000","128000","0","-1","3","0","");
INSERT INTO orders VALUES("5","1","1413262961","128000","128000","0","-1","3","0","");
INSERT INTO orders VALUES("6","1","1413264923","26000","26000","0","-1","3","0","");
INSERT INTO orders VALUES("7","1","1413269590","245000","175000","0","1","3","0","");
INSERT INTO orders VALUES("8","1","1413275174","122000","85400","0","2","3","0","");
INSERT INTO orders VALUES("9","1","1413275791","87000","87000","0","-1","3","0","");
INSERT INTO orders VALUES("10","1","1413276210","162000","177000","1","3","1","1","");
INSERT INTO orders VALUES("11","1","1413280226","87000","60900","0","4","3","0","");
INSERT INTO orders VALUES("12","1","1413289613","40000","28000","0","5","3","0","");
INSERT INTO orders VALUES("13","1","1413293109","60000","48000","0","6","3","0","");
INSERT INTO orders VALUES("14","1","1413296042","142000","113600","0","7","3","0","");
INSERT INTO orders VALUES("15","1","1413296734","174000","139200","0","8","3","0","");
INSERT INTO orders VALUES("16","1","1413338123","228000","182000","1","18","1","0","");
INSERT INTO orders VALUES("17","1","1413338151","26000","26000","0","-1","3","0","");
INSERT INTO orders VALUES("18","1","1413338948","90000","72000","1","22","1","0","");
INSERT INTO orders VALUES("19","1","1413338958","30000","24000","1","15","1","0","");
INSERT INTO orders VALUES("20","1","1413338972","30000","24000","1","16","1","0","");
INSERT INTO orders VALUES("21","1","1413338984","30000","30000","1","24","1","0","");
INSERT INTO orders VALUES("22","1","1413339747","21000","21000","0","-1","3","0","");
INSERT INTO orders VALUES("23","1","1413342141","61000","49000","0","9","3","0","");
INSERT INTO orders VALUES("24","1","1413346936","224000","179000","1","22","4","0","");
INSERT INTO orders VALUES("25","1","1413347443","90000","90000","1","25","4","0","");
INSERT INTO orders VALUES("26","1","1413347531","210000","105000","1","25","4","0","");
INSERT INTO orders VALUES("27","1","1413347616","602000","301000","1","25","4","0","");
INSERT INTO orders VALUES("28","1","1413352100","280000","200000","0","26","3","0","");
INSERT INTO orders VALUES("29","1","1413356531","24000","24000","0","-1","3","0","");
INSERT INTO orders VALUES("30","1","1413369451","125000","100000","0","10","3","0","");
INSERT INTO orders VALUES("31","1","1413425966","21000","21000","0","-1","3","0","");
INSERT INTO orders VALUES("32","1","1413437850","70000","56000","0","22","3","0","");
INSERT INTO orders VALUES("33","1","1413438827","25000","25000","0","-1","3","0","");
INSERT INTO orders VALUES("34","1","1413438883","25000","25000","0","-1","3","0","");
INSERT INTO orders VALUES("35","1","1413438968","50000","50000","0","-1","3","0","");
INSERT INTO orders VALUES("36","1","1413440909","25000","25000","0","-1","3","0","");
INSERT INTO orders VALUES("37","1","1413452605","26000","26000","0","-1","3","0","");
INSERT INTO orders VALUES("38","1","1413459339","24000","24000","0","-1","3","0","");
INSERT INTO orders VALUES("39","1","1413459432","72000","72000","0","-1","3","0","");
INSERT INTO orders VALUES("40","1","1413523589","25000","25000","0","-1","3","0","");
INSERT INTO orders VALUES("41","1","1413523635","25000","25000","0","-1","3","0","");
INSERT INTO orders VALUES("42","1","1413524297","50000","50000","0","-1","3","0","");
INSERT INTO orders VALUES("43","1","1413528209","100000","100000","0","-1","3","0","");
INSERT INTO orders VALUES("44","1","1413528260","25000","25000","0","-1","3","0","");
INSERT INTO orders VALUES("45","1","1413533867","135000","108000","0","22","3","0","");
INSERT INTO orders VALUES("46","1","1413549561","87000","87000","1","-1","3","0","");
INSERT INTO orders VALUES("47","1","1413549947","96000","96000","0","-1","3","0","");
INSERT INTO orders VALUES("48","1","1413604345","91000","91000","1","-1","3","0","");
INSERT INTO orders VALUES("49","1","1413604385","91000","73000","0","22","3","0","");
INSERT INTO orders VALUES("50","1","1413604471","26000","21000","0","22","3","0","");
INSERT INTO orders VALUES("52","1","1413604648","24000","24000","1","-1","3","0","");
INSERT INTO orders VALUES("53","1","1413604777","30000","24000","0","22","3","0","");
INSERT INTO orders VALUES("54","1","1413606387","86000","69000","1","22","3","0","");
INSERT INTO orders VALUES("55","1","1413607208","60000","48000","0","22","3","0","");
INSERT INTO orders VALUES("56","1","1413607246","26000","21000","0","22","3","0","");
INSERT INTO orders VALUES("57","1","1413607803","35000","28000","0","22","3","0","");
INSERT INTO orders VALUES("58","1","1413607864","88000","70000","0","22","3","0","");
INSERT INTO orders VALUES("59","1","1413608037","56000","45000","0","22","3","0","");
INSERT INTO orders VALUES("60","1","1413609726","25000","25000","0","-1","3","0","");
INSERT INTO orders VALUES("61","1","1413609799","80000","64000","0","22","3","0","");
INSERT INTO orders VALUES("62","1","1413610018","120000","96000","0","22","3","0","");
INSERT INTO orders VALUES("63","1","1413610102","35000","28000","0","22","3","0","");
INSERT INTO orders VALUES("64","1","1413610489","38000","30000","0","22","3","0","");
INSERT INTO orders VALUES("65","1","1413610550","56000","45000","0","22","3","0","");
INSERT INTO orders VALUES("66","1","1413612361","45000","36000","0","22","3","0","");
INSERT INTO orders VALUES("67","1","1413612472","26000","21000","0","22","3","0","");
INSERT INTO orders VALUES("68","1","1413614141","140000","112000","0","22","3","0","");
INSERT INTO orders VALUES("69","1","1413614359","245000","196000","0","22","3","0","");
INSERT INTO orders VALUES("70","1","1413616742","38000","30000","0","22","3","0","");
INSERT INTO orders VALUES("71","1","1413617224","70000","56000","0","22","3","0","");
INSERT INTO orders VALUES("72","1","1413617277","25000","25000","0","-1","3","0","");
INSERT INTO orders VALUES("73","1","1413619111","70000","56000","0","22","1","0","");
INSERT INTO orders VALUES("74","1","1413620185","35000","28000","0","22","1","0","");
INSERT INTO orders VALUES("75","1","1413620308","35000","28000","0","22","3","0","");
INSERT INTO orders VALUES("76","1","1413620582","35000","28000","0","22","3","0","");
INSERT INTO orders VALUES("77","1","1413621919","32000","26000","0","22","3","0","");
INSERT INTO orders VALUES("78","1","1413628407","32000","26000","0","22","3","0","");
INSERT INTO orders VALUES("79","1","1413632798","40000","32000","0","22","3","0","");
INSERT INTO orders VALUES("80","1","1413636953","110000","88000","0","22","3","0","");
INSERT INTO orders VALUES("81","1","1413637281","161000","161000","0","-1","3","0","");
INSERT INTO orders VALUES("82","1","1413637342","90000","72000","0","22","3","0","");
INSERT INTO orders VALUES("83","1","1413637415","67000","54000","0","22","3","0","");
INSERT INTO orders VALUES("84","1","1413637897","64000","51000","0","22","3","0","");
INSERT INTO orders VALUES("85","1","1413640542","72000","58000","0","22","3","0","");
INSERT INTO orders VALUES("86","1","1413640624","61000","49000","0","22","3","0","");
INSERT INTO orders VALUES("87","1","1413640700","96000","77000","0","22","3","0","");
INSERT INTO orders VALUES("89","1","1413640932","158000","126000","0","22","3","0","");
INSERT INTO orders VALUES("90","1","1413642731","38000","30000","0","22","3","0","");
INSERT INTO orders VALUES("91","1","1413644817","70000","56000","0","22","3","0","");
INSERT INTO orders VALUES("92","1","1413644941","30000","24000","0","22","3","0","");
INSERT INTO orders VALUES("93","1","1413645007","45000","36000","0","22","3","0","");
INSERT INTO orders VALUES("94","1","1413645421","35000","35000","0","-1","3","0","");
INSERT INTO orders VALUES("95","1","1413645471","137000","110000","0","22","3","0","");
INSERT INTO orders VALUES("96","1","1413646989","32000","26000","0","22","3","0","");
INSERT INTO orders VALUES("97","1","1413693280","60000","48000","0","22","3","0","");
INSERT INTO orders VALUES("98","1","1413695770","207000","207000","1","-1","5","0","");
INSERT INTO orders VALUES("99","1","1413695821","207000","166000","0","22","5","0","");
INSERT INTO orders VALUES("100","1","1413701815","101000","81000","0","22","5","0","");
INSERT INTO orders VALUES("101","1","1413714636","35000","28000","0","22","5","0","");
INSERT INTO orders VALUES("102","1","1413721208","126000","101000","0","22","5","0","");
INSERT INTO orders VALUES("103","1","1413726880","100000","80000","0","22","5","0","");
INSERT INTO orders VALUES("104","1","1413727261","26000","21000","0","22","5","0","");
INSERT INTO orders VALUES("105","1","1413774818","56000","56000","0","-1","5","0","");
INSERT INTO orders VALUES("106","1","1413779046","52000","52000","0","-1","5","0","");
INSERT INTO orders VALUES("107","1","1413783883","105000","105000","1","-1","5","0","");
INSERT INTO orders VALUES("108","1","1413783981","75000","75000","0","-1","5","0","");
INSERT INTO orders VALUES("109","1","1413785595","25000","25000","0","-1","5","0","");
INSERT INTO orders VALUES("110","1","1413787231","70000","56000","0","22","5","0","");
INSERT INTO orders VALUES("111","1","1413787299","25000","25000","0","-1","5","0","");
INSERT INTO orders VALUES("112","1","1413787712","255000","255000","0","-1","5","0","");
INSERT INTO orders VALUES("113","1","1413789951","87000","70000","0","22","5","0","");
INSERT INTO orders VALUES("114","1","1413793885","58000","58000","0","-1","5","0","");
INSERT INTO orders VALUES("115","1","1413794559","35000","28000","0","22","5","0","");
INSERT INTO orders VALUES("116","1","1413796665","26000","26000","0","-1","5","0","");
INSERT INTO orders VALUES("117","1","1413799453","67000","54000","0","22","5","0","");
INSERT INTO orders VALUES("118","1","1413801647","30000","24000","0","22","5","0","");
INSERT INTO orders VALUES("119","1","1413805278","26000","26000","0","-1","3","0","");
INSERT INTO orders VALUES("120","1","1413808029","35000","28000","0","22","3","0","");
INSERT INTO orders VALUES("121","1","1413808110","90000","72000","0","22","3","0","");
INSERT INTO orders VALUES("122","1","1413815524","70000","56000","0","22","3","0","");
INSERT INTO orders VALUES("123","1","1413815670","111000","111000","0","-1","3","0","");
INSERT INTO orders VALUES("124","1","1413859371","26000","26000","0","-1","5","0","");
INSERT INTO orders VALUES("125","1","1413863128","97000","97000","0","-1","5","0","");
INSERT INTO orders VALUES("126","1","1413868675","104000","104000","1","-1","1","0","");
INSERT INTO orders VALUES("127","1","1413868768","156000","156000","1","-1","1","0","");
INSERT INTO orders VALUES("128","1","1413870060","50000","50000","0","-1","5","0","");
INSERT INTO orders VALUES("129","1","1413870465","125000","125000","0","-1","5","0","");
INSERT INTO orders VALUES("130","1","1413870561","70000","70000","0","-1","5","0","");
INSERT INTO orders VALUES("131","1","1413871373","135000","135000","0","-1","5","0","");
INSERT INTO orders VALUES("132","1","1413871523","96000","96000","0","-1","5","0","");
INSERT INTO orders VALUES("133","1","1413872060","25000","25000","0","-1","5","0","");
INSERT INTO orders VALUES("134","1","1413872176","50000","50000","0","-1","5","0","");
INSERT INTO orders VALUES("135","1","1413878721","60000","60000","1","-1","4","0","");
INSERT INTO orders VALUES("136","1","1413878876","120000","120000","1","-1","4","0","");
INSERT INTO orders VALUES("137","1","1413878916","77000","77000","1","-1","4","0","");
INSERT INTO orders VALUES("138","1","1413882474","40000","32000","0","22","5","0","");
INSERT INTO orders VALUES("139","1","1413885585","60000","60000","0","-1","5","0","");
INSERT INTO orders VALUES("140","1","1413886467","20000","20000","0","-1","5","0","");
INSERT INTO orders VALUES("141","1","1413894330","62000","50000","1","22","3","0","");
INSERT INTO orders VALUES("142","1","1413894361","0","0","0","-1","3","0","");
INSERT INTO orders VALUES("143","1","1413894361","0","0","0","-1","3","0","");
INSERT INTO orders VALUES("144","1","1413894401","62000","62000","0","-1","3","0","");
INSERT INTO orders VALUES("145","1","1413904154","60000","60000","0","-1","3","0","");
INSERT INTO orders VALUES("146","1","1413945943","60000","60000","0","-1","5","0","");
INSERT INTO orders VALUES("147","1","1413952707","126000","101000","0","22","5","0","");
INSERT INTO orders VALUES("148","1","1413952740","75000","75000","0","-1","5","0","");
INSERT INTO orders VALUES("149","1","1413955488","100000","100000","0","-1","5","0","");
INSERT INTO orders VALUES("150","1","1413956199","70000","70000","0","-1","5","0","");
INSERT INTO orders VALUES("151","1","1413956387","86000","86000","0","-1","5","0","");
INSERT INTO orders VALUES("152","1","1413961782","55000","44000","0","22","5","0","");
INSERT INTO orders VALUES("153","1","1413970517","35000","28000","0","22","5","0","");
INSERT INTO orders VALUES("154","1","1413985486","145000","145000","0","-1","3","0","");
INSERT INTO orders VALUES("155","1","1413985742","50000","50000","0","-1","3","0","");
INSERT INTO orders VALUES("156","1","1413985884","173000","173000","0","-1","3","0","");
INSERT INTO orders VALUES("157","1","1414040108","64000","64000","0","-1","5","0","");
INSERT INTO orders VALUES("158","1","1414041322","172000","172000","0","-1","5","0","");
INSERT INTO orders VALUES("159","1","1414042812","140000","140000","0","-1","5","0","");
INSERT INTO orders VALUES("160","1","1414042996","70000","70000","0","-1","5","0","");
INSERT INTO orders VALUES("161","1","1414043024","50000","50000","0","-1","5","0","");
INSERT INTO orders VALUES("162","1","1414044963","26000","26000","0","-1","5","0","");
INSERT INTO orders VALUES("163","1","1414045153","61000","61000","0","-1","5","0","");
INSERT INTO orders VALUES("164","1","1414045967","50000","50000","0","-1","5","0","");
INSERT INTO orders VALUES("165","1","1414050338","70000","70000","0","-1","5","0","");
INSERT INTO orders VALUES("166","1","1414051630","55000","44000","0","22","5","0","");
INSERT INTO orders VALUES("167","1","1414052247","180000","180000","0","-1","5","0","");
INSERT INTO orders VALUES("168","1","1414052421","180000","180000","1","-1","5","0","");
INSERT INTO orders VALUES("169","1","1414055882","64000","64000","0","-1","5","0","");
INSERT INTO orders VALUES("170","1","1414059852","86000","86000","1","-1","4","0","");
INSERT INTO orders VALUES("171","1","1414059961","86000","86000","1","-1","4","0","");
INSERT INTO orders VALUES("172","1","1414059970","50000","50000","1","-1","1","0","");
INSERT INTO orders VALUES("173","1","1414060105","45000","45000","1","-1","1","0","");
INSERT INTO orders VALUES("174","1","1414060432","62000","62000","1","-1","4","0","");
INSERT INTO orders VALUES("175","1","1414060563","92000","92000","1","-1","4","0","");
INSERT INTO orders VALUES("176","1","1414060700","146000","146000","1","-1","4","0","");
INSERT INTO orders VALUES("177","1","1414061411","110000","88000","0","22","3","0","");
INSERT INTO orders VALUES("178","1","1414074002","35000","35000","0","-1","3","0","");
INSERT INTO orders VALUES("179","1","1414089998","75000","75000","0","-1","5","0","");
INSERT INTO orders VALUES("180","1","1414090166","25000","25000","0","-1","5","0","");
INSERT INTO orders VALUES("181","1","1414090568","70000","70000","0","-1","5","0","");
INSERT INTO orders VALUES("182","1","1414090691","50000","50000","0","-1","5","0","");
INSERT INTO orders VALUES("183","1","1414092721","105000","105000","0","-1","5","0","");
INSERT INTO orders VALUES("184","1","1414102272","30000","30000","0","-1","5","0","");
INSERT INTO orders VALUES("185","1","1414120639","26000","26000","0","-1","3","0","");
INSERT INTO orders VALUES("186","1","1414203758","95000","95000","0","-1","5","0","");
INSERT INTO orders VALUES("187","1","1414209247","27000","27000","0","-1","5","0","");
INSERT INTO orders VALUES("188","1","1414211484","35000","28000","0","22","5","0","");
INSERT INTO orders VALUES("189","1","1414212663","20000","20000","0","-1","5","0","");
INSERT INTO orders VALUES("190","1","1414213187","30000","30000","0","-1","5","0","");
INSERT INTO orders VALUES("191","1","1414213250","30000","30000","0","-1","5","0","");
INSERT INTO orders VALUES("192","1","1414216551","60000","60000","0","-1","5","0","");
INSERT INTO orders VALUES("193","1","1414223244","25000","25000","0","-1","5","0","");
INSERT INTO orders VALUES("194","1","1414223398","145000","116000","0","22","5","0","");
INSERT INTO orders VALUES("195","1","1414223632","35000","28000","0","22","5","0","");
INSERT INTO orders VALUES("196","1","1414224851","40000","40000","1","-1","5","0","");
INSERT INTO orders VALUES("197","1","1414224874","40000","32000","0","22","5","0","");
INSERT INTO orders VALUES("198","1","1414233644","32000","32000","0","-1","3","0","");
INSERT INTO orders VALUES("199","1","1414235169","93000","93000","0","-1","3","0","");
INSERT INTO orders VALUES("200","1","1414247731","77000","62000","0","22","3","0","");
INSERT INTO orders VALUES("201","1","1414295577","60000","60000","0","-1","5","0","");
INSERT INTO orders VALUES("202","1","1414296052","70000","70000","0","-1","5","0","");
INSERT INTO orders VALUES("203","1","1414296106","30000","30000","0","-1","5","0","");
INSERT INTO orders VALUES("204","1","1414297313","65000","65000","0","-1","5","0","");
INSERT INTO orders VALUES("205","1","1414310446","60000","60000","0","-1","5","0","");
INSERT INTO orders VALUES("206","1","1414310799","91000","73000","0","22","5","0","");
INSERT INTO orders VALUES("207","1","1414317802","145000","145000","1","-1","5","0","");
INSERT INTO orders VALUES("208","1","1414319862","70000","70000","1","-1","3","0","");
INSERT INTO orders VALUES("209","1","1414323392","70000","56000","0","22","3","0","");
INSERT INTO orders VALUES("210","1","1414323497","145000","145000","1","-1","3","0","");
INSERT INTO orders VALUES("211","1","1414329244","215000","215000","0","-1","3","0","");
INSERT INTO orders VALUES("212","1","1414332070","64000","64000","0","-1","3","0","");
INSERT INTO orders VALUES("213","1","1414332250","105000","105000","0","-1","3","0","");
INSERT INTO orders VALUES("214","1","1414387155","50000","50000","0","-1","5","0","");
INSERT INTO orders VALUES("215","1","1414388630","191000","191000","0","-1","5","0","");
INSERT INTO orders VALUES("216","1","1414388661","50000","50000","0","-1","5","0","");
INSERT INTO orders VALUES("217","1","1414388714","50000","50000","0","-1","5","0","");
INSERT INTO orders VALUES("218","1","1414388767","38000","27000","0","23","5","0","");
INSERT INTO orders VALUES("219","1","1414388834","25000","25000","0","-1","5","0","");
INSERT INTO orders VALUES("220","1","1414396180","65000","52000","0","22","5","0","");
INSERT INTO orders VALUES("221","1","1414397231","30000","24000","0","22","5","0","");
INSERT INTO orders VALUES("222","1","1414397701","26000","26000","0","-1","5","0","");
INSERT INTO orders VALUES("223","1","1414400170","30000","24000","0","22","5","0","");
INSERT INTO orders VALUES("224","1","1414412794","134000","134000","1","-1","3","0","");
INSERT INTO orders VALUES("225","1","1414413126","169000","169000","0","-1","3","0","");
INSERT INTO orders VALUES("226","1","1414419174","68000","68000","0","-1","3","0","");
INSERT INTO orders VALUES("227","1","1414421883","30000","30000","0","-1","3","0","");
INSERT INTO orders VALUES("228","1","1414470770","26000","26000","0","-1","5","0","");
INSERT INTO orders VALUES("229","1","1414474079","75000","75000","0","-1","5","0","");
INSERT INTO orders VALUES("230","1","1414474119","25000","25000","0","-1","5","0","");
INSERT INTO orders VALUES("231","1","1414476427","46000","46000","0","-1","5","0","");
INSERT INTO orders VALUES("232","1","1414476991","25000","25000","0","-1","5","0","");
INSERT INTO orders VALUES("233","1","1414477048","61000","61000","0","-1","5","0","");
INSERT INTO orders VALUES("234","1","1414490991","32000","32000","0","-1","5","0","");
INSERT INTO orders VALUES("235","1","1414506793","76000","76000","0","-1","3","0","");
INSERT INTO orders VALUES("236","1","1414554469","30000","30000","0","-1","5","0","");
INSERT INTO orders VALUES("237","1","1414554492","30000","30000","0","-1","5","0","");
INSERT INTO orders VALUES("238","1","1414557854","145000","116000","0","22","5","0","");
INSERT INTO orders VALUES("239","1","1414561292","50000","50000","0","-1","5","0","");
INSERT INTO orders VALUES("240","1","1414562079","83000","83000","0","-1","5","0","");
INSERT INTO orders VALUES("241","1","1414562288","105000","105000","0","-1","5","0","");
INSERT INTO orders VALUES("242","1","1414562467","50000","50000","0","-1","5","0","");
INSERT INTO orders VALUES("243","1","1414563020","70000","70000","0","-1","5","0","");
INSERT INTO orders VALUES("244","1","1414564764","25000","25000","0","-1","5","0","");
INSERT INTO orders VALUES("245","1","1414568764","38000","31000","0","22","5","0","");
INSERT INTO orders VALUES("246","1","1414572434","30000","24000","0","22","5","0","");
INSERT INTO orders VALUES("247","1","1414591727","64000","64000","0","-1","3","0","");
INSERT INTO orders VALUES("248","1","1414592457","100000","100000","0","-1","3","0","");
INSERT INTO orders VALUES("249","1","1414594110","65000","65000","0","-1","3","0","");
INSERT INTO orders VALUES("250","1","1414638730","40000","32000","0","22","5","0","");
INSERT INTO orders VALUES("251","1","1414638854","60000","48000","0","22","5","0","");
INSERT INTO orders VALUES("252","1","1414638973","131000","131000","0","-1","5","0","");
INSERT INTO orders VALUES("253","1","1414646774","168000","168000","0","-1","5","0","");
INSERT INTO orders VALUES("254","1","1414646993","75000","75000","0","-1","5","0","");
INSERT INTO orders VALUES("255","1","1414647933","215000","215000","0","-1","5","0","");
INSERT INTO orders VALUES("256","1","1414648317","108000","108000","0","-1","5","0","");
INSERT INTO orders VALUES("257","1","1414649254","50000","50000","0","-1","5","0","");
INSERT INTO orders VALUES("258","1","1414652537","171000","171000","0","-1","5","0","");
INSERT INTO orders VALUES("259","1","1414652953","25000","25000","0","-1","5","0","");
INSERT INTO orders VALUES("260","1","1414654473","25000","25000","0","-1","5","0","");
INSERT INTO orders VALUES("261","1","1414655548","167000","167000","0","-1","5","0","");
INSERT INTO orders VALUES("262","1","1414661227","82000","82000","1","-1","1","0","finish");
INSERT INTO orders VALUES("263","1","1414661550","82000","82000","1","-1","1","0","finish");
INSERT INTO orders VALUES("266","2","1414662414","52000","52000","0","-1","5","0","finish");
INSERT INTO orders VALUES("270","2","1414667574","56000","56000","0","-1","3","0","finish");
INSERT INTO orders VALUES("271","1","1414667627","38000","38000","1","-1","3","0","finish");
INSERT INTO orders VALUES("272","1","1414667708","38000","38000","0","-1","3","0","finish");
INSERT INTO orders VALUES("273","2","1414667767","38000","38000","1","-1","3","0","finish");
INSERT INTO orders VALUES("274","1","1414676081","72000","72000","0","-1","3","0","finish");
INSERT INTO orders VALUES("275","1","1414676070","0","0","1","-1","3","0","finish");
INSERT INTO orders VALUES("280","2","1414723441","56000","56000","1","-1","4","0","finish");
INSERT INTO orders VALUES("281","2","1414723386","0","0","1","-1","3","0","finish");
INSERT INTO orders VALUES("283","2","1414723406","0","0","1","-1","4","0","finish");
INSERT INTO orders VALUES("284","5","1414723827","116000","116000","1","-1","4","0","finish");
INSERT INTO orders VALUES("285","1","1414732569","61000","61000","0","-1","5","0","finish");
INSERT INTO orders VALUES("286","1","1414730516","38000","38000","1","-1","5","0","finish");
INSERT INTO orders VALUES("288","1","1414734542","105000","105000","0","-1","5","0","finish");
INSERT INTO orders VALUES("289","3","1414733408","25000","25000","0","-1","5","0","finish");
INSERT INTO orders VALUES("290","1","1414733459","70000","70000000","1","-1","5","0","finish");
INSERT INTO orders VALUES("291","1","1414734513","50000","50000","0","-1","5","0","finish");
INSERT INTO orders VALUES("292","1","1414734639","70000","70000","0","-1","5","0","finish");
INSERT INTO orders VALUES("294","3","1414735300","75000","75000","0","-1","5","0","finish");
INSERT INTO orders VALUES("295","2","1414736684","25000","25000","0","-1","5","0","finish");
INSERT INTO orders VALUES("297","1","1414737900","50000","50000","0","-1","5","0","finish");
INSERT INTO orders VALUES("298","1","1414737955","30000","24000","0","22","5","0","finish");
INSERT INTO orders VALUES("299","1","1414741609","38000","31000","0","22","5","0","finish");
INSERT INTO orders VALUES("300","1","1414748685","24000","24000","0","-1","5","0","finish");
INSERT INTO orders VALUES("301","1","1414759809","38000","38000","0","-1","3","0","finish");
INSERT INTO orders VALUES("303","1","1414761699","76000","76000","0","-1","3","0","finish");
INSERT INTO orders VALUES("304","3","1414767060","70000","70000","0","-1","3","0","finish");
INSERT INTO orders VALUES("305","2","1414768341","108000","108000","0","-1","3","0","finish");
INSERT INTO orders VALUES("306","1","1414808649","105000","105000","0","-1","5","0","finish");
INSERT INTO orders VALUES("308","1","1414817646","30000","30000","1","-1","3","0","finish");
INSERT INTO orders VALUES("309","2","1414825107","100000","100000","0","-1","5","0","finish");
INSERT INTO orders VALUES("310","2","1414820423","25000","25000","0","-1","5","0","finish");
INSERT INTO orders VALUES("311","4","1414821854","105000","105000","0","-1","5","0","finish");
INSERT INTO orders VALUES("312","2","1414824782","61000","61000","0","-1","5","0","finish");
INSERT INTO orders VALUES("313","3","1414824749","80000","64000","0","22","5","0","finish");
INSERT INTO orders VALUES("314","1","1414827031","113000","91000","0","22","5","0","finish");
INSERT INTO orders VALUES("315","2","1414828743","82000","82000","0","-1","5","0","finish");
INSERT INTO orders VALUES("316","3","1414836123","68000","68000","0","-1","5","0","finish");
INSERT INTO orders VALUES("317","1","1414836367","68000","68000","0","-1","5","0","finish");
INSERT INTO orders VALUES("318","1","1414839568","32000","32000","0","-1","3","0","finish");
INSERT INTO orders VALUES("319","1","1414839674","30000","30000","0","-1","3","0","finish");
INSERT INTO orders VALUES("320","1","1414855506","76000","61000","0","22","3","0","finish");
INSERT INTO orders VALUES("321","3","1414848877","90000","72000","0","22","3","0","finish");
INSERT INTO orders VALUES("322","1","1414851051","112000","112000","0","-1","3","0","finish");
INSERT INTO orders VALUES("323","4","1414853930","78000","78000","0","-1","3","0","finish");
INSERT INTO orders VALUES("324","2","1414853478","643000","643000","0","-1","3","0","finish");
INSERT INTO orders VALUES("325","1","1414897778","56000","56000","0","-1","5","0","finish");
INSERT INTO orders VALUES("326","3","1414907526","70000","70000","0","-1","5","0","finish");
INSERT INTO orders VALUES("327","1","1414907565","110000","110000","0","-1","5","0","finish");
INSERT INTO orders VALUES("328","3","1414902772","68000","68000","0","-1","5","0","finish");
INSERT INTO orders VALUES("329","3","1414902890","40000","32000","0","22","5","0","finish");
INSERT INTO orders VALUES("330","1","1414912711","94000","94000","0","-1","5","0","finish");
INSERT INTO orders VALUES("331","1","1414912851","144000","144000","0","-1","5","0","finish");
INSERT INTO orders VALUES("332","1","1414913841","35000","28000","0","22","5","0","finish");
INSERT INTO orders VALUES("333","1","1414940618","67000","54000","0","22","3","0","finish");
INSERT INTO orders VALUES("334","2","1414937115","149000","149000","0","-1","3","0","finish");
INSERT INTO orders VALUES("335","1","1414939735","68000","68000","0","-1","3","0","finish");
INSERT INTO orders VALUES("336","2","1414941041","77000","62000","0","22","3","0","finish");
INSERT INTO orders VALUES("337","1","1414986690","40000","40000","0","-1","5","0","finish");
INSERT INTO orders VALUES("338","2","1414993411","105000","105000","0","-1","5","0","finish");
INSERT INTO orders VALUES("339","3","1414991816","50000","50000","0","-1","5","0","finish");
INSERT INTO orders VALUES("340","2","1414992593","50000","50000","0","-1","5","0","finish");
INSERT INTO orders VALUES("341","1","1414993539","25000","25000","0","-1","5","0","finish");
INSERT INTO orders VALUES("342","1","1414993593","73000","73000","0","-1","5","0","finish");
INSERT INTO orders VALUES("343","1","1414994127","25000","25000","0","-1","5","0","finish");
INSERT INTO orders VALUES("344","1","1414994509","135000","135000","0","-1","5","0","finish");
INSERT INTO orders VALUES("345","1","1414995803","50000","50000","0","-1","5","0","finish");
INSERT INTO orders VALUES("346","1","1414995905","42000","34000","0","22","5","0","finish");
INSERT INTO orders VALUES("347","1","1414996357","35000","28000","0","22","5","0","finish");
INSERT INTO orders VALUES("348","1","1415006910","26000","21000","0","22","5","0","finish");
INSERT INTO orders VALUES("349","1","1415008154","235000","235000","0","-1","5","0","finish");
INSERT INTO orders VALUES("350","1","1415009256","24000","24000","0","-1","5","0","finish");
INSERT INTO orders VALUES("351","2","1415020019","70000","70000","0","-1","3","0","finish");
INSERT INTO orders VALUES("352","1","1415025815","76000","76000","0","-1","3","0","finish");
INSERT INTO orders VALUES("354","1","1415077671","114000","92000","0","22","5","0","finish");
INSERT INTO orders VALUES("355","3","1415083420","50000","50000","0","-1","5","0","finish");
INSERT INTO orders VALUES("356","4","1415081719","105000","105000","0","-1","5","0","finish");
INSERT INTO orders VALUES("357","4","1415087478","105000","105000","0","-1","5","0","finish");
INSERT INTO orders VALUES("358","4","1415078941","25000","25000","0","-1","5","0","finish");
INSERT INTO orders VALUES("359","4","1415078992","25000","25000","0","-1","5","0","finish");
INSERT INTO orders VALUES("360","4","1415079063","25000","25000","0","-1","5","0","finish");
INSERT INTO orders VALUES("361","2","1415081834","70000","70000","0","-1","5","0","finish");
INSERT INTO orders VALUES("362","3","1415083313","50000","50000","0","-1","5","0","finish");
INSERT INTO orders VALUES("363","3","1415083367","25000","25000","0","-1","5","0","finish");
INSERT INTO orders VALUES("364","2","1415089037","146000","146000","0","-1","5","0","finish");
INSERT INTO orders VALUES("365","3","1415088650","120000","120000","0","-1","5","0","finish");
INSERT INTO orders VALUES("366","3","1415093644","67000","67000","0","-1","5","0","finish");
INSERT INTO orders VALUES("367","1","1415093666","30000","24000","0","22","5","0","finish");
INSERT INTO orders VALUES("368","3","1415107597","40000","40000","0","-1","3","0","finish");
INSERT INTO orders VALUES("369","1","1415112530","75000","75000","0","-1","3","0","finish");
INSERT INTO orders VALUES("370","1","1415112551","68000","68000","0","-1","3","0","finish");
INSERT INTO orders VALUES("371","3","1415109308","72000","72000","0","-1","3","0","finish");
INSERT INTO orders VALUES("372","1","1415112622","38000","31000","0","22","3","0","finish");
INSERT INTO orders VALUES("373","4","1415167286","65000","65000","0","-1","5","0","finish");
INSERT INTO orders VALUES("374","1","1415168309","80000","80000","0","-1","5","0","finish");
INSERT INTO orders VALUES("375","2","1415168340","70000","70000","0","-1","5","0","finish");
INSERT INTO orders VALUES("376","4","1415164075","100000","100000","0","-1","5","0","finish");
INSERT INTO orders VALUES("377","1","1415165159","50000","50000","0","-1","5","0","finish");
INSERT INTO orders VALUES("378","3","1415168276","61000","61000","0","-1","5","0","finish");
INSERT INTO orders VALUES("379","1","1415168366","25000","25000","0","-1","5","0","finish");
INSERT INTO orders VALUES("380","1","1415170174","25000","25000","0","-1","5","0","finish");
INSERT INTO orders VALUES("381","3","1415182657","110000","110000","0","-1","5","0","finish");
INSERT INTO orders VALUES("382","1","1415182682","26000","26000","0","-1","5","0","finish");
INSERT INTO orders VALUES("383","1","1415197297","252000","202000","0","22","3","0","finish");
INSERT INTO orders VALUES("384","1","1415197258","68000","68000","0","-1","3","0","finish");
INSERT INTO orders VALUES("385","1","1415246705","56000","56000","1","-1","5","0","finish");
INSERT INTO orders VALUES("386","2","1415247195","56000","56000","0","-1","5","0","finish");
INSERT INTO orders VALUES("387","7","1415251141","68000","68000","0","-1","5","0","finish");
INSERT INTO orders VALUES("388","3","1415253375","75000","75000","0","-1","5","0","finish");
INSERT INTO orders VALUES("389","1","1415247681","210000","210000","1","-1","4","0","finish");
INSERT INTO orders VALUES("390","1","1415247769","165000","165000","1","-1","4","0","finish");
INSERT INTO orders VALUES("391","1","1415247856","82500","83000","1","-1","4","0","finish");
INSERT INTO orders VALUES("393","3","1415259513","96000","96000","0","-1","5","0","finish");
INSERT INTO orders VALUES("394","1","1415251868","50000","50000","0","-1","5","0","finish");
INSERT INTO orders VALUES("395","1","1415266061","110000","110000","0","-1","5","0","finish");
INSERT INTO orders VALUES("396","1","1415252487","25000","25000","0","-1","5","0","finish");
INSERT INTO orders VALUES("397","1","1415252153","15000","15000","1","-1","5","0","finish");
INSERT INTO orders VALUES("398","1","1415252373","15000","15000","1","-1","5","0","finish");
INSERT INTO orders VALUES("399","4","1415255290","75000","75000","0","-1","5","0","finish");
INSERT INTO orders VALUES("400","1","1415280646","56000","56000","0","-1","3","0","finish");
INSERT INTO orders VALUES("401","2","1415279479","65000","65000","0","-1","3","0","finish");
INSERT INTO orders VALUES("402","1","1415283850","138000","138000","0","-1","3","0","finish");
INSERT INTO orders VALUES("403","1","1415285733","80000","80000","0","-1","3","0","finish");
INSERT INTO orders VALUES("409","4","1415326530","1000","1000","1","-1","4","0","finish");
INSERT INTO orders VALUES("410","1","1415326545","520000","520000","1","-1","4","0","finish");
INSERT INTO orders VALUES("411","1","1415326561","76000","76000","1","-1","4","0","finish");
INSERT INTO orders VALUES("412","2","1415327542","214000","214000","1","-1","4","0","finish");
INSERT INTO orders VALUES("413","4","1415333208","26000","26000","0","-1","5","0","finish");
INSERT INTO orders VALUES("414","1","1415338537","63000","63000","0","-1","5","0","finish");
INSERT INTO orders VALUES("415","1","1415333303","26000","26000","0","-1","5","0","finish");
INSERT INTO orders VALUES("416","4","1415338473","65000","65000","0","-1","5","0","finish");
INSERT INTO orders VALUES("417","4","1415337497","25000","25000","0","-1","5","0","finish");
INSERT INTO orders VALUES("418","4","1415336484","75000","75000","0","-1","5","0","finish");
INSERT INTO orders VALUES("419","4","1415337412","50000","50000","0","-1","5","0","finish");
INSERT INTO orders VALUES("420","4","1415338408","12000","12000","0","-1","5","0","finish");
INSERT INTO orders VALUES("421","1","1415338508","60000","60000","0","-1","5","0","finish");
INSERT INTO orders VALUES("422","3","1415343189","35000","35000","0","-1","5","0","finish");
INSERT INTO orders VALUES("423","2","1415347469","231000","231000","0","-1","5","0","finish");
INSERT INTO orders VALUES("424","1","1415343427","38000","38000","1","-1","5","0","finish");
INSERT INTO orders VALUES("425","1","1415344450","0","0","1","-1","5","0","finish");
INSERT INTO orders VALUES("426","1","1415344502","38000","31000","0","22","5","0","finish");
INSERT INTO orders VALUES("427","1","1415344979","25000","25000","0","-1","5","0","finish");
INSERT INTO orders VALUES("428","1","1415347026","38000","31000","0","22","5","0","finish");
INSERT INTO orders VALUES("429","1","1415347662","0","0","1","-1","5","0","finish");
INSERT INTO orders VALUES("430","1","1415347785","25000","25000","0","-1","5","0","finish");
INSERT INTO orders VALUES("431","1","1415347813","30000","24000","0","22","5","0","finish");
INSERT INTO orders VALUES("432","2","1415348829","32000","32000","1","-1","5","0","finish");
INSERT INTO orders VALUES("433","2","1415348863","24000","24000","1","-1","5","0","finish");
INSERT INTO orders VALUES("434","1","1415358481","38000","38000","0","-1","3","0","finish");
INSERT INTO orders VALUES("435","1","1415368243","100000","100000","0","-1","3","0","finish");
INSERT INTO orders VALUES("436","1","1415411915","30000","30000","0","-1","5","0","finish");
INSERT INTO orders VALUES("439","1","1415417001","32000","32000","0","-1","5","0","finish");
INSERT INTO orders VALUES("440","1","1415417883","160000","144000","0","29","5","0","finish");
INSERT INTO orders VALUES("441","2","1415422865","171000","171000","0","-1","5","0","finish");
INSERT INTO orders VALUES("442","2","1415422839","40000","32000","0","22","5","0","finish");
INSERT INTO orders VALUES("443","1","1415422991","38000","31000","0","22","5","0","finish");
INSERT INTO orders VALUES("444","1","1415423095","35000","35000","0","-1","5","0","finish");
INSERT INTO orders VALUES("445","1","1415425637","135000","135000","0","-1","5","0","finish");
INSERT INTO orders VALUES("446","1","1415425078","25000","25000","0","-1","5","0","finish");
INSERT INTO orders VALUES("447","1","1415425153","25000","25000","0","-1","5","0","finish");
INSERT INTO orders VALUES("448","1","1415426282","25000","25000","0","-1","5","0","finish");
INSERT INTO orders VALUES("449","1","1415428776","25000","25000","0","-1","5","0","finish");
INSERT INTO orders VALUES("450","2","1415433557","78000","78000","0","-1","5","0","finish");
INSERT INTO orders VALUES("452","2","1415456458","187000","187000","0","-1","3","0","finish");
INSERT INTO orders VALUES("453","1","1415453461","35000","35000","0","-1","3","0","finish");
INSERT INTO orders VALUES("454","2","1415454732","75000","60000","0","22","3","0","finish");
INSERT INTO orders VALUES("455","1","1415458080","201000","201000","0","-1","3","0","finish");
INSERT INTO orders VALUES("456","1","1415512537","125000","125000","0","-1","5","0","finish");
INSERT INTO orders VALUES("457","1","1415512567","70000","70000","0","-1","5","0","finish");
INSERT INTO orders VALUES("458","1","1415523638","76000","76000","0","-1","5","0","finish");
INSERT INTO orders VALUES("459","3","1415540299","26000","26000","0","-1","5","0","finish");
INSERT INTO orders VALUES("460","1","1415529669","64000","64000","0","-1","5","0","finish");
INSERT INTO orders VALUES("461","1","1415535705","70000","63000","0","29","5","0","finish");
INSERT INTO orders VALUES("462","1","1415537381","60000","60000","0","-1","5","0","finish");
INSERT INTO orders VALUES("463","1","1415539017","78000","78000","0","-1","5","0","finish");
INSERT INTO orders VALUES("464","1","1415539060","68000","68000","0","-1","5","0","finish");
INSERT INTO orders VALUES("465","2","1415541480","99000","80000","0","22","5","0","finish");
INSERT INTO orders VALUES("466","1","1415587160","52000","52000","0","-1","5","0","finish");
INSERT INTO orders VALUES("467","1","1415589418","38000","31000","0","22","5","0","finish");
INSERT INTO orders VALUES("468","1","1415597895","25000","25000","0","-1","5","0","finish");
INSERT INTO orders VALUES("469","2","1415599457","60000","60000","0","-1","5","0","finish");
INSERT INTO orders VALUES("470","3","1415598890","70000","70000","0","-1","5","0","finish");
INSERT INTO orders VALUES("471","4","1415598790","282000","282000","0","-1","5","0","finish");
INSERT INTO orders VALUES("472","1","1415599529","125000","125000","0","-1","5","0","finish");
INSERT INTO orders VALUES("473","1","1415605804","251000","251000","0","-1","5","0","finish");
INSERT INTO orders VALUES("474","1","1415607056","20000","16000","0","22","5","0","finish");
INSERT INTO orders VALUES("475","1","1415611004","70000","70000","0","-1","5","0","finish");
INSERT INTO orders VALUES("476","1","1415611476","32000","32000","0","-1","5","0","finish");
INSERT INTO orders VALUES("477","1","1415621515","50000","50000","0","-1","3","0","finish");
INSERT INTO orders VALUES("478","1","1415624358","60000","60000","0","-1","3","0","finish");
INSERT INTO orders VALUES("479","2","1415627561","26000","26000","0","-1","3","0","finish");
INSERT INTO orders VALUES("480","1","1415674396","38000","31000","0","22","5","0","finish");
INSERT INTO orders VALUES("481","1","1415675984","52000","52000","0","-1","5","0","finish");
INSERT INTO orders VALUES("482","1","1415682924","50000","50000","0","-1","5","0","finish");
INSERT INTO orders VALUES("483","2","1415682975","110000","110000","0","-1","5","0","finish");
INSERT INTO orders VALUES("484","1","1415683303","50000","50000","0","-1","5","0","finish");
INSERT INTO orders VALUES("485","2","1415685718","73000","73000","0","-1","5","0","finish");
INSERT INTO orders VALUES("486","3","1415685456","25000","25000","0","-1","5","0","finish");
INSERT INTO orders VALUES("487","2","1415685697","70000","70000","0","-1","5","0","finish");
INSERT INTO orders VALUES("488","1","1415686823","35000","35000","0","-1","5","0","finish");
INSERT INTO orders VALUES("490","2","1415688173","38000","38000","0","-1","5","0","finish");
INSERT INTO orders VALUES("491","2","1415691138","25000","25000","0","-1","5","0","finish");
INSERT INTO orders VALUES("492","2","1415694285","151000","151000","0","-1","5","0","finish");
INSERT INTO orders VALUES("493","2","1415691352","25000","25000","0","-1","5","0","finish");
INSERT INTO orders VALUES("494","1","1415694360","20000","20000","0","-1","5","0","finish");
INSERT INTO orders VALUES("495","1","1415695978","40000","40000","0","-1","5","0","finish");
INSERT INTO orders VALUES("496","1","1415696010","38000","38000","0","-1","5","0","finish");
INSERT INTO orders VALUES("497","1","1415697503","35000","35000","0","-1","5","0","finish");
INSERT INTO orders VALUES("498","1","1415699984","30000","30000","0","-1","5","0","finish");
INSERT INTO orders VALUES("500","1","1415710268","60000","60000","0","-1","3","0","finish");
INSERT INTO orders VALUES("501","1","1415712801","68000","68000","0","-1","3","0","finish");
INSERT INTO orders VALUES("502","1","1415709445","35000","35000","0","-1","3","0","finish");
INSERT INTO orders VALUES("503","1","1415715973","60000","60000","0","-1","3","0","finish");
INSERT INTO orders VALUES("504","1","1415762246","56000","56000","0","-1","5","0","finish");
INSERT INTO orders VALUES("505","3","1415771019","25000","25000","0","-1","5","0","finish");
INSERT INTO orders VALUES("506","2","1415767499","100000","100000","0","-1","5","0","finish");
INSERT INTO orders VALUES("507","2","1415769187","68000","68000","0","-1","5","0","finish");
INSERT INTO orders VALUES("508","3","1415771996","182000","182000","0","-1","5","0","finish");
INSERT INTO orders VALUES("509","3","1415769964","35000","35000","0","-1","5","0","finish");
INSERT INTO orders VALUES("510","3","1415769997","50000","50000","0","-1","5","0","finish");
INSERT INTO orders VALUES("511","1","1415771046","25000","25000","0","-1","5","0","finish");
INSERT INTO orders VALUES("512","3","1415782358","58000","58000","0","-1","5","0","finish");
INSERT INTO orders VALUES("513","4","1415773427","29000","29000","0","-1","5","0","finish");
INSERT INTO orders VALUES("514","3","1415771973","70000","70000","0","-1","5","0","finish");
INSERT INTO orders VALUES("515","2","1415774110","225000","225000","0","-1","5","0","finish");
INSERT INTO orders VALUES("516","5","1415773022","35000","35000","0","-1","5","0","finish");
INSERT INTO orders VALUES("517","4","1415777932","74000","74000","0","-1","5","0","finish");
INSERT INTO orders VALUES("518","1","1415782839","50000","50000","0","-1","5","0","finish");
INSERT INTO orders VALUES("519","3","1415780621","80000","80000","0","-1","5","0","finish");
INSERT INTO orders VALUES("520","2","1415797468","106000","106000","0","-1","3","0","finish");
INSERT INTO orders VALUES("521","2","1415796318","30000","30000","0","-1","3","0","finish");
INSERT INTO orders VALUES("522","1","1415798949","108000","108000","0","-1","3","0","finish");
INSERT INTO orders VALUES("523","2","1415854484","28000","28000","0","-1","5","0","finish");
INSERT INTO orders VALUES("524","1","1415855181","35000","35000","0","-1","5","0","finish");
INSERT INTO orders VALUES("525","1","1415856304","25000","25000","0","-1","5","0","finish");
INSERT INTO orders VALUES("526","1","1415856342","50000","50000","0","-1","5","0","finish");
INSERT INTO orders VALUES("527","1","1415857570","105000","105000","0","-1","5","0","finish");
INSERT INTO orders VALUES("528","1","1415858324","245000","245000","0","-1","5","0","finish");
INSERT INTO orders VALUES("529","2","1415857671","25000","25000","0","-1","5","0","finish");
INSERT INTO orders VALUES("530","1","1415858349","110000","110000","0","-1","5","0","finish");
INSERT INTO orders VALUES("531","1","1415862781","25000","25000","0","-1","5","0","finish");
INSERT INTO orders VALUES("532","5","1415860874","99000","99000","0","-1","5","0","finish");
INSERT INTO orders VALUES("533","2","1415859004","50000","50000","0","-1","5","0","finish");
INSERT INTO orders VALUES("534","2","1415859245","56000","56000","1","-1","5","0","finish");
INSERT INTO orders VALUES("535","1","1415862840","56000","45000","0","22","5","0","finish");
INSERT INTO orders VALUES("536","4","1415860192","60000","60000","0","-1","5","0","finish");
INSERT INTO orders VALUES("537","1","1415862865","40000","40000","0","-1","5","0","finish");
INSERT INTO orders VALUES("538","1","1415864421","25000","25000","0","-1","5","0","finish");
INSERT INTO orders VALUES("539","1","1415868518","35000","28000","0","22","5","0","finish");
INSERT INTO orders VALUES("540","1","1415868574","35000","35000","0","-1","5","0","finish");
INSERT INTO orders VALUES("541","1","1415870179","35000","35000","0","-1","5","0","finish");
INSERT INTO orders VALUES("542","1","1415870435","38000","38000","0","-1","5","0","finish");
INSERT INTO orders VALUES("543","1","1415870467","40000","40000","0","-1","5","0","finish");
INSERT INTO orders VALUES("544","2","1415886708","38000","38000","0","-1","3","0","finish");
INSERT INTO orders VALUES("545","2","1415886582","62000","62000","0","-1","3","0","finish");
INSERT INTO orders VALUES("546","3","1415882212","99000","99000","0","-1","3","0","finish");
INSERT INTO orders VALUES("547","2","1415882363","40000","40000","0","-1","3","0","finish");
INSERT INTO orders VALUES("548","1","1415886727","35000","35000","0","-1","3","0","finish");
INSERT INTO orders VALUES("549","3","1415886654","38000","38000","0","-1","3","0","finish");
INSERT INTO orders VALUES("550","1","1415943139","80000","80000","0","-1","5","0","finish");
INSERT INTO orders VALUES("551","1","1415943210","75000","75000","0","-1","5","0","finish");
INSERT INTO orders VALUES("552","2","1415950551","115000","115000","0","-1","5","0","finish");
INSERT INTO orders VALUES("553","6","1415949618","68000","55000","0","22","5","0","finish");
INSERT INTO orders VALUES("554","5","1415945993","105000","105000","0","-1","5","0","finish");
INSERT INTO orders VALUES("555","1","1415950603","132000","132000","0","-1","5","0","finish");
INSERT INTO orders VALUES("556","7","1415944852","25000","25000","0","-1","5","0","finish");
INSERT INTO orders VALUES("557","5","1415945356","185000","185000","0","-1","5","0","finish");
INSERT INTO orders VALUES("558","1","1415950574","38000","38000","0","-1","5","0","finish");
INSERT INTO orders VALUES("559","1","1415950625","25000","25000","0","-1","5","0","finish");
INSERT INTO orders VALUES("560","6","1415946859","25000","25000","0","-1","5","0","finish");
INSERT INTO orders VALUES("561","1","1415951256","38000","31000","0","22","5","0","finish");
INSERT INTO orders VALUES("562","1","1415952206","76000","76000","0","-1","5","0","finish");
INSERT INTO orders VALUES("563","1","1415952447","25000","25000","0","-1","5","0","finish");
INSERT INTO orders VALUES("564","1","1415957020","38000","31000","0","22","5","0","finish");
INSERT INTO orders VALUES("565","2","1415959594","35000","35000","0","-1","3","0","finish");
INSERT INTO orders VALUES("566","1","1415965365","70000","70000","0","-1","3","0","finish");
INSERT INTO orders VALUES("567","2","1415973970","70000","70000","0","-1","3","0","finish");
INSERT INTO orders VALUES("568","1","1416017403","30000","30000","0","-1","5","0","finish");
INSERT INTO orders VALUES("569","1","1416020745","30000","30000","0","-1","5","0","finish");
INSERT INTO orders VALUES("570","1","1416023671","30000","30000","0","-1","5","0","finish");
INSERT INTO orders VALUES("571","1","1416024594","30000","30000","0","-1","5","0","finish");
INSERT INTO orders VALUES("572","1","1416025254","170000","170000","0","-1","5","0","finish");
INSERT INTO orders VALUES("573","1","1416027512","52000","52000","0","-1","5","0","finish");
INSERT INTO orders VALUES("574","1","1416027589","40000","40000","0","-1","5","0","finish");
INSERT INTO orders VALUES("575","1","1416029500","104000","104000","0","-1","5","0","finish");
INSERT INTO orders VALUES("576","3","1416037693","97000","97000","0","-1","5","0","finish");
INSERT INTO orders VALUES("577","1","1416029559","65000","65000","0","-1","5","0","finish");
INSERT INTO orders VALUES("578","6","1416036242","180000","180000","0","-1","5","0","finish");
INSERT INTO orders VALUES("579","3","1416031508","25000","25000","0","-1","5","0","finish");
INSERT INTO orders VALUES("580","3","1416031432","45000","45000","0","-1","5","0","finish");
INSERT INTO orders VALUES("581","2","1416033805","80000","80000","0","-1","5","0","finish");
INSERT INTO orders VALUES("582","5","1416036278","30000","30000","0","-1","5","0","finish");
INSERT INTO orders VALUES("583","3","1416036375","38000","38000","0","-1","5","0","finish");
INSERT INTO orders VALUES("584","2","1416037732","40000","40000","0","-1","5","0","finish");
INSERT INTO orders VALUES("585","1","1416037755","30000","30000","0","-1","5","0","finish");
INSERT INTO orders VALUES("586","1","1416037848","65000","65000","0","-1","5","0","finish");
INSERT INTO orders VALUES("587","2","1416044040","80000","80000","1","-1","5","0","finish");
INSERT INTO orders VALUES("588","1","1416044195","70000","70000","0","-1","5","0","finish");
INSERT INTO orders VALUES("589","1","1416046427","142000","142000","0","-1","5","0","finish");
INSERT INTO orders VALUES("590","1","1416053891","70000","70000","1","-1","0","0","finish");
INSERT INTO orders VALUES("591","1","1416053933","70000","70000","0","-1","3","0","finish");
INSERT INTO orders VALUES("592","1","1416062916","248000","248000","0","-1","3","0","finish");
INSERT INTO orders VALUES("593","3","1416113977","30000","30000","0","-1","3","0","finish");
INSERT INTO orders VALUES("594","1","1416124870","52000","52000","0","-1","3","0","finish");
INSERT INTO orders VALUES("596","3","1416110145","30000","30000","0","-1","3","0","finish");
INSERT INTO orders VALUES("597","1","1416123662","292000","292000","0","-1","3","0","finish");
INSERT INTO orders VALUES("598","1","1416120823","40000","40000","0","-1","3","0","finish");
INSERT INTO orders VALUES("599","3","1416123719","40000","40000","0","-1","3","0","finish");
INSERT INTO orders VALUES("600","2","1416130102","76000","76000","0","-1","3","0","finish");
INSERT INTO orders VALUES("601","2","1416130365","94000","76000","0","22","3","0","finish");
INSERT INTO orders VALUES("602","3","1416129963","110000","110000","0","-1","3","0","finish");
INSERT INTO orders VALUES("603","2","1416134169","84000","84000","0","-1","5","0","finish");
INSERT INTO orders VALUES("604","1","1416144721","30000","30000","0","-1","5","0","finish");
INSERT INTO orders VALUES("605","1","1416146486","70000","70000","0","-1","5","0","finish");
INSERT INTO orders VALUES("606","1","1416146556","70000","70000","0","-1","5","0","finish");
INSERT INTO orders VALUES("607","1","1416147395","70000","70000","0","-1","5","0","finish");
INSERT INTO orders VALUES("608","1","1416147458","76000","76000","0","-1","5","0","finish");
INSERT INTO orders VALUES("609","1","1416147581","75000","75000","0","-1","5","0","finish");
INSERT INTO orders VALUES("610","1","1416147667","118000","118000","0","-1","5","0","finish");
INSERT INTO orders VALUES("611","6","1416148769","70000","63000","0","29","5","0","finish");
INSERT INTO orders VALUES("612","1","1416148928","77000","62000","0","22","5","0","finish");
INSERT INTO orders VALUES("613","1","1416149154","277000","277000","0","-1","5","0","finish");
INSERT INTO orders VALUES("614","1","1416150104","46000","46000","0","-1","5","0","finish");
INSERT INTO orders VALUES("615","1","1416149208","30000","30000","0","-1","5","0","finish");
INSERT INTO orders VALUES("616","7","1416148707","56000","56000","0","-1","5","0","finish");
INSERT INTO orders VALUES("617","1","1416149966","42000","42000","0","-1","5","0","finish");
INSERT INTO orders VALUES("618","1","1416150009","38000","38000","0","-1","5","0","finish");
INSERT INTO orders VALUES("619","1","1416150508","106000","106000","0","-1","5","0","finish");
INSERT INTO orders VALUES("620","2","1416201199","198000","198000","0","-1","5","0","finish");
INSERT INTO orders VALUES("621","3","1416196675","127000","127000","0","-1","5","0","finish");
INSERT INTO orders VALUES("622","1","1416196755","100000","100000","0","-1","5","0","finish");
INSERT INTO orders VALUES("623","2","1416212832","160000","144000","0","29","5","0","finish");
INSERT INTO orders VALUES("624","1","1416202699","70000","70000","0","-1","5","0","finish");
INSERT INTO orders VALUES("625","1","1416203041","50000","50000","0","-1","5","0","finish");
INSERT INTO orders VALUES("626","1","1416202074","50000","50000","0","-1","5","0","finish");
INSERT INTO orders VALUES("627","1","1416202346","25000","25000","0","-1","5","0","finish");
INSERT INTO orders VALUES("628","1","1416203370","25000","25000","0","-1","5","0","finish");
INSERT INTO orders VALUES("629","1","1416204614","20000","20000","0","-1","5","0","finish");
INSERT INTO orders VALUES("630","1","1416216975","57000","57000","0","-1","5","0","finish");
INSERT INTO orders VALUES("631","2","1416216292","82000","82000","0","-1","5","0","finish");
INSERT INTO orders VALUES("632","3","1416216844","35000","35000","0","-1","5","0","finish");
INSERT INTO orders VALUES("633","1","1416217159","38000","38000","0","-1","5","0","finish");
INSERT INTO orders VALUES("634","1","1416225357","38000","38000","0","-1","3","0","finish");
INSERT INTO orders VALUES("635","1","1416226346","148000","148000","0","-1","3","0","finish");
INSERT INTO orders VALUES("636","1","1416226387","60000","60000","0","-1","3","0","finish");
INSERT INTO orders VALUES("637","1","1416226627","40000","40000","1","-1","3","0","finish");
INSERT INTO orders VALUES("638","1","1416226916","34000","34000","0","-1","3","0","finish");
INSERT INTO orders VALUES("639","1","1416287955","70000","70000","0","-1","5","0","finish");
INSERT INTO orders VALUES("640","2","1416289995","250000","250000","0","-1","5","0","finish");
INSERT INTO orders VALUES("641","1","1416288652","25000","25000","0","-1","5","0","finish");
INSERT INTO orders VALUES("642","1","1416290631","75000","75000","0","-1","5","0","finish");
INSERT INTO orders VALUES("643","1","1416289219","50000","50000","0","-1","5","0","finish");
INSERT INTO orders VALUES("644","1","1416289418","110000","110000","0","-1","5","0","finish");
INSERT INTO orders VALUES("645","3","1416289949","70000","70000","0","-1","5","0","finish");
INSERT INTO orders VALUES("647","2","1416290995","35000","35000","0","-1","5","0","finish");
INSERT INTO orders VALUES("648","2","1416291299","78000","78000","0","-1","5","0","finish");
INSERT INTO orders VALUES("649","1","1416293313","50000","50000","0","-1","5","0","finish");
INSERT INTO orders VALUES("650","1","1416302038","213000","213000","1","-1","0","0","finish");
INSERT INTO orders VALUES("651","1","1416302164","205000","205000","0","-1","5","0","finish");
INSERT INTO orders VALUES("652","1","1416302947","32000","32000","0","-1","5","0","finish");
INSERT INTO orders VALUES("653","2","1416311957","104000","104000","0","-1","3","0","finish");
INSERT INTO orders VALUES("654","1","1416312976","35000","35000","0","-1","3","0","finish");
INSERT INTO orders VALUES("655","1","1416313048","35000","35000","0","-1","3","0","finish");
INSERT INTO orders VALUES("656","1","1416321908","174000","174000","0","-1","3","0","finish");
INSERT INTO orders VALUES("657","3","1416335661","30000","30000","0","-1","3","0","finish");
INSERT INTO orders VALUES("658","2","1416335996","108000","108000","0","-1","3","0","finish");
INSERT INTO orders VALUES("659","1","1416338055","50000","50000","0","-1","3","0","finish");
INSERT INTO orders VALUES("660","2","1416337711","175000","175000","0","-1","3","0","finish");
INSERT INTO orders VALUES("661","1","1416338104","50000","50000","0","-1","3","0","finish");
INSERT INTO orders VALUES("662","1","1416338522","25000","25000","0","-1","3","0","finish");
INSERT INTO orders VALUES("663","1","1416338940","50000","50000","0","-1","3","0","finish");
INSERT INTO orders VALUES("664","2","1416346730","52000","52000","0","-1","3","0","finish");
INSERT INTO orders VALUES("665","1","1416346795","56000","56000","0","-1","3","0","finish");
INSERT INTO orders VALUES("666","2","1416350887","112000","112000","0","-1","3","0","finish");
INSERT INTO orders VALUES("667","2","1416366198","60000","60000","0","-1","3","0","finish");
INSERT INTO orders VALUES("668","2","1416366232","73000","73000","0","-1","3","0","finish");
INSERT INTO orders VALUES("669","1","1416445453","60000","60000","0","-1","5","0","finish");
INSERT INTO orders VALUES("670","2","1416456724","80000","80000","0","-1","5","0","finish");
INSERT INTO orders VALUES("671","3","1416456691","30000","30000","0","-1","5","0","finish");
INSERT INTO orders VALUES("672","4","1416455881","60000","60000","0","-1","5","0","finish");
INSERT INTO orders VALUES("673","4","1416455333","105000","105000","0","-1","5","0","finish");
INSERT INTO orders VALUES("674","3","1416461248","50000","50000","0","-1","5","0","finish");
INSERT INTO orders VALUES("675","3","1416459345","40000","32000","0","22","5","0","finish");
INSERT INTO orders VALUES("676","5","1416457792","62000","62000","0","-1","5","0","finish");
INSERT INTO orders VALUES("677","3","1416459243","25000","25000","0","-1","5","0","finish");
INSERT INTO orders VALUES("678","4","1416461762","20000","16000","0","22","5","0","finish");
INSERT INTO orders VALUES("679","3","1416461119","25000","25000","0","-1","5","0","finish");
INSERT INTO orders VALUES("682","1","1416462733","100000","100000","0","-1","5","0","finish");
INSERT INTO orders VALUES("683","1","1416466507","20000","20000","0","-1","5","0","finish");
INSERT INTO orders VALUES("684","4","1416473288","38000","38000","0","-1","5","0","finish");
INSERT INTO orders VALUES("685","1","1416473325","38000","31000","0","22","5","0","finish");
INSERT INTO orders VALUES("686","2","1416476346","38000","35000","0","29","5","0","finish");
INSERT INTO orders VALUES("687","4","1416470280","32000","32000","0","-1","5","0","finish");
INSERT INTO orders VALUES("688","1","1416474422","40000","32000","0","22","5","0","finish");
INSERT INTO orders VALUES("689","1","1416475148","162000","130000","0","22","5","0","finish");
INSERT INTO orders VALUES("690","2","1416476371","38000","38000","0","-1","5","0","finish");
INSERT INTO orders VALUES("691","2","1416483578","20000","20000","0","-1","3","0","finish");
INSERT INTO orders VALUES("692","2","1416483897","98000","98000","0","-1","3","0","finish");
INSERT INTO orders VALUES("693","3","1416488589","356000","356000","0","-1","3","0","finish");
INSERT INTO orders VALUES("694","2","1416483030","32000","32000","0","-1","3","0","finish");
INSERT INTO orders VALUES("695","1","1416492847","32000","32000","0","-1","3","0","finish");
INSERT INTO orders VALUES("696","18","1416486671","78000","78000","0","-1","3","0","finish");
INSERT INTO orders VALUES("697","1","1416492972","67000","67000","0","-1","3","0","finish");
INSERT INTO orders VALUES("698","2","1416493874","67000","67000","0","-1","3","0","finish");
INSERT INTO orders VALUES("699","1","1416507458","102000","102000","0","-1","5","0","finish");
INSERT INTO orders VALUES("700","3","1416512889","30000","30000","0","-1","5","0","finish");
INSERT INTO orders VALUES("701","1","1416522094","108000","108000","0","-1","5","0","finish");
INSERT INTO orders VALUES("702","3","1416516245","70000","70000","0","-1","5","0","finish");
INSERT INTO orders VALUES("703","6","1416513890","100000","100000","0","-1","5","0","finish");
INSERT INTO orders VALUES("704","3","1416514811","142000","142000","0","-1","5","0","finish");
INSERT INTO orders VALUES("705","2","1416522065","70000","70000","0","-1","5","0","finish");
INSERT INTO orders VALUES("706","3","1416515833","35000","35000","0","-1","5","0","finish");
INSERT INTO orders VALUES("707","3","1416516100","50000","50000","0","-1","5","0","finish");
INSERT INTO orders VALUES("708","1","1416522151","83000","83000","0","-1","5","0","finish");
INSERT INTO orders VALUES("709","1","1416522122","26000","21000","0","22","5","0","finish");
INSERT INTO orders VALUES("711","1","1416524854","29000","29000","0","-1","5","0","finish");
INSERT INTO orders VALUES("712","1","1416526005","20000","16000","0","22","5","0","finish");
INSERT INTO orders VALUES("713","3","1416540894","70000","70000","0","-1","3","0","finish");
INSERT INTO orders VALUES("714","3","1416542707","65000","65000","0","-1","3","0","finish");
INSERT INTO orders VALUES("715","1","1416544594","40000","40000","0","-1","3","0","finish");
INSERT INTO orders VALUES("716","1","1416547991","70000","70000","0","-1","3","0","finish");
INSERT INTO orders VALUES("717","3","1416543796","40000","32000","0","22","3","0","finish");
INSERT INTO orders VALUES("718","1","1416544684","40000","40000","0","-1","3","0","finish");
INSERT INTO orders VALUES("719","2","1416632372","40000","40000","0","-1","5","0","finish");
INSERT INTO orders VALUES("720","4","1416632093","30000","30000","0","-1","5","0","finish");
INSERT INTO orders VALUES("721","5","1416637842","103000","103000","0","-1","5","0","finish");
INSERT INTO orders VALUES("722","6","1416632046","92000","92000","0","-1","5","0","finish");
INSERT INTO orders VALUES("723","3","1416635128","20000","16000","0","22","5","0","finish");
INSERT INTO orders VALUES("724","3","1416635438","70000","70000","0","-1","5","0","finish");
INSERT INTO orders VALUES("725","1","1416637044","25000","25000","0","-1","5","0","finish");
INSERT INTO orders VALUES("726","3","1416644627","32000","32000","0","-1","5","0","finish");
INSERT INTO orders VALUES("727","1","1416639107","32000","32000","0","-1","5","0","finish");
INSERT INTO orders VALUES("728","3","1416642053","20000","16000","0","22","5","0","finish");
INSERT INTO orders VALUES("729","2","1416644643","32000","32000","0","-1","5","0","finish");
INSERT INTO orders VALUES("730","1","1416664238","120000","120000","0","-1","5","0","finish");
INSERT INTO orders VALUES("731","1","1416664280","106000","106000","0","-1","5","0","finish");
INSERT INTO orders VALUES("732","1","1416664302","26000","26000","0","-1","5","0","finish");
INSERT INTO orders VALUES("733","1","1416666786","42000","42000","0","-1","5","0","finish");
INSERT INTO orders VALUES("734","1","1416678495","30000","30000","0","-1","5","0","finish");
INSERT INTO orders VALUES("735","1","1416678518","30000","30000","0","-1","5","0","finish");
INSERT INTO orders VALUES("736","1","1416685814","26000","26000","0","-1","5","0","finish");
INSERT INTO orders VALUES("737","1","1416688542","68000","68000","0","-1","5","0","finish");
INSERT INTO orders VALUES("738","1","1416697617","38000","38000","0","-1","5","0","finish");
INSERT INTO orders VALUES("739","1","1416697654","30000","30000","0","-1","5","0","finish");
INSERT INTO orders VALUES("740","1","1416697705","26000","21000","0","22","5","0","finish");
INSERT INTO orders VALUES("741","1","1416699362","35000","35000","0","-1","5","0","finish");
INSERT INTO orders VALUES("742","1","1416702957","67000","67000","0","-1","3","0","finish");
INSERT INTO orders VALUES("743","3","1416712754","92000","92000","0","-1","3","0","finish");
INSERT INTO orders VALUES("744","2","1416717529","305000","305000","0","-1","3","0","finish");
INSERT INTO orders VALUES("745","2","1416715162","65000","65000","0","-1","3","0","finish");
INSERT INTO orders VALUES("746","1","1416717765","73000","73000","0","-1","3","0","finish");
INSERT INTO orders VALUES("747","20","1416719586","38000","31000","0","22","3","0","finish");
INSERT INTO orders VALUES("748","1","1416800966","26000","26000","0","-1","5","0","finish");
INSERT INTO orders VALUES("749","1","1416801053","30000","30000","0","-1","5","0","finish");
INSERT INTO orders VALUES("750","4","1416805785","64000","64000","0","-1","5","0","finish");
INSERT INTO orders VALUES("751","3","1416806129","35000","35000","0","-1","5","0","finish");
INSERT INTO orders VALUES("752","4","1416805898","50000","50000","0","-1","5","0","finish");
INSERT INTO orders VALUES("753","2","1416806178","50000","50000","0","-1","5","0","finish");
INSERT INTO orders VALUES("754","1","1416806924","35000","35000","0","-1","5","0","finish");
INSERT INTO orders VALUES("755","1","1416806983","75000","75000","0","-1","5","0","finish");
INSERT INTO orders VALUES("756","1","1416807113","35000","35000","0","-1","5","0","finish");
INSERT INTO orders VALUES("757","1","1416813581","64000","64000","0","-1","5","0","finish");
INSERT INTO orders VALUES("758","1","1416813759","30000","30000","0","-1","5","0","finish");
INSERT INTO orders VALUES("759","1","1416817566","32000","32000","0","-1","5","0","finish");
INSERT INTO orders VALUES("760","1","1416825757","60000","60000","0","-1","3","0","finish");
INSERT INTO orders VALUES("761","1","1416834351","61000","61000","0","-1","3","0","finish");
INSERT INTO orders VALUES("762","3","1416837328","64000","64000","0","-1","3","0","finish");
INSERT INTO orders VALUES("763","1","1416840252","97000","97000","0","-1","3","0","finish");
INSERT INTO orders VALUES("764","1","1416837842","30000","30000","0","-1","3","0","finish");
INSERT INTO orders VALUES("765","1","1416886013","64000","64000","0","-1","5","0","finish");
INSERT INTO orders VALUES("766","1","1416891740","65000","65000","0","-1","5","0","finish");
INSERT INTO orders VALUES("767","3","1416900074","78000","78000","0","-1","5","0","finish");
INSERT INTO orders VALUES("768","1","1416895987","294000","294000","0","-1","5","0","finish");
INSERT INTO orders VALUES("769","5","1416895027","201000","201000","0","-1","5","0","finish");
INSERT INTO orders VALUES("770","5","1416893199","100000","100000","0","-1","5","0","finish");
INSERT INTO orders VALUES("771","4","1416893258","20000","20000","0","-1","5","0","finish");
INSERT INTO orders VALUES("772","4","1416893561","20000","20000","0","-1","5","0","finish");
INSERT INTO orders VALUES("773","4","1416893673","20000","20000","0","-1","5","0","finish");
INSERT INTO orders VALUES("774","1","1416895877","50000","50000","0","-1","5","0","finish");
INSERT INTO orders VALUES("775","5","1416902061","35000","28000","0","22","5","0","finish");
INSERT INTO orders VALUES("776","2","1416896614","50000","50000","0","-1","5","0","finish");
INSERT INTO orders VALUES("777","1","1416902193","111000","111000","0","-1","5","0","finish");
INSERT INTO orders VALUES("778","3","1416899594","50000","50000","1","-1","5","0","finish");
INSERT INTO orders VALUES("779","3","1416900453","25000","25000","0","-1","5","0","finish");
INSERT INTO orders VALUES("780","1","1416902147","30000","30000","0","-1","5","0","finish");
INSERT INTO orders VALUES("781","1","1416902094","98000","98000","0","-1","5","0","finish");
INSERT INTO orders VALUES("782","1","1416903416","61000","61000","0","-1","5","0","finish");
INSERT INTO orders VALUES("783","1","1416905262","21000","21000","0","-1","5","0","finish");
INSERT INTO orders VALUES("784","1","1416905340","500000","500000","0","-1","5","0","finish");
INSERT INTO orders VALUES("785","1","1416909795","28000","28000","0","-1","5","0","finish");
INSERT INTO orders VALUES("786","2","1416912250","26000","26000","1","-1","4","0","finish");
INSERT INTO orders VALUES("787","1","1416914984","40000","40000","0","-1","5","0","finish");
INSERT INTO orders VALUES("789","1","1416917830","67000","67000","0","-1","3","0","finish");
INSERT INTO orders VALUES("790","1","1416925121","108000","108000","0","-1","3","0","finish");
INSERT INTO orders VALUES("791","1","1416925170","62000","62000","0","-1","3","0","finish");
INSERT INTO orders VALUES("792","1","1416928458","78000","78000","0","-1","3","0","finish");
INSERT INTO orders VALUES("793","1","1416927023","62000","62000","1","-1","3","0","finish");
INSERT INTO orders VALUES("794","2","1416978634","60000","60000","0","-1","5","0","finish");
INSERT INTO orders VALUES("795","1","1416980839","100000","100000","0","-1","5","0","finish");
INSERT INTO orders VALUES("796","3","1416983304","50000","50000","0","-1","5","0","finish");
INSERT INTO orders VALUES("797","2","1416987309","127000","127000","0","-1","5","0","finish");
INSERT INTO orders VALUES("798","4","1416981612","145000","145000","0","-1","5","0","finish");
INSERT INTO orders VALUES("799","5","1416981142","50000","50000","0","-1","5","0","finish");
INSERT INTO orders VALUES("800","4","1416981175","100000","100000","0","-1","5","0","finish");
INSERT INTO orders VALUES("801","3","1416981705","70000","70000","0","-1","5","0","finish");
INSERT INTO orders VALUES("802","3","1416983278","50000","50000","0","-1","5","0","finish");
INSERT INTO orders VALUES("803","2","1416984957","34000","34000","0","-1","5","0","finish");
INSERT INTO orders VALUES("804","1","1416987872","32000","32000","0","-1","5","0","finish");
INSERT INTO orders VALUES("805","2","1416995883","94000","94000","0","-1","5","0","finish");
INSERT INTO orders VALUES("806","2","1416989218","25000","25000","0","-1","5","0","finish");
INSERT INTO orders VALUES("807","2","1416995754","26000","26000","0","-1","5","0","finish");
INSERT INTO orders VALUES("808","2","1416995808","68000","55000","0","22","5","0","finish");
INSERT INTO orders VALUES("809","2","1416995863","125000","125000","0","-1","5","0","finish");
INSERT INTO orders VALUES("810","1","1416995930","24000","24000","0","-1","5","0","finish");
INSERT INTO orders VALUES("811","2","1417011920","133000","133000","0","-1","3","0","finish");
INSERT INTO orders VALUES("812","2","1417012317","70000","70000","0","-1","3","0","finish");
INSERT INTO orders VALUES("813","2","1417011759","188000","188000","0","-1","3","0","finish");
INSERT INTO orders VALUES("816","1","1417063402","250000","250000","0","-1","5","0","finish");
INSERT INTO orders VALUES("817","5","1417067485","70000","70000","0","-1","5","0","finish");
INSERT INTO orders VALUES("818","3","1417069992","52000","52000","0","-1","5","0","finish");
INSERT INTO orders VALUES("819","1","1417068084","70000","70000","0","-1","5","0","finish");
INSERT INTO orders VALUES("820","2","1417072866","70000","70000","0","-1","5","0","finish");
INSERT INTO orders VALUES("821","5","1417065866","50000","50000","0","-1","5","0","finish");
INSERT INTO orders VALUES("822","6","1417066624","38000","38000","0","-1","5","0","finish");
INSERT INTO orders VALUES("823","1","1417068614","25000","25000","0","-1","5","0","finish");
INSERT INTO orders VALUES("824","1","1417069515","50000","50000","0","-1","5","0","finish");
INSERT INTO orders VALUES("825","1","1417077752","60000","60000","0","-1","5","0","finish");
INSERT INTO orders VALUES("826","5","1417069895","5000","5000","0","-1","5","0","finish");
INSERT INTO orders VALUES("827","3","1417069921","25000","25000","0","-1","5","0","finish");
INSERT INTO orders VALUES("828","2","1417072906","61000","61000","0","-1","5","0","finish");
INSERT INTO orders VALUES("829","1","1417077734","111000","111000","0","-1","5","0","finish");
INSERT INTO orders VALUES("830","1","1417090630","40000","40000","0","-1","3","0","finish");
INSERT INTO orders VALUES("831","1","1417093439","66000","66000","0","-1","3","0","finish");
INSERT INTO orders VALUES("832","1","1417091986","40000","40000","0","-1","3","0","finish");
INSERT INTO orders VALUES("833","2","1417099157","143000","143000","0","-1","3","0","finish");
INSERT INTO orders VALUES("834","2","1417096909","26000","26000","0","-1","3","0","finish");
INSERT INTO orders VALUES("835","1","1417108795","156000","156000","0","-1","5","0","finish");
INSERT INTO orders VALUES("836","1","1417109463","38000","38000","0","-1","5","0","finish");
INSERT INTO orders VALUES("837","4","1417108901","38000","31000","0","22","5","0","finish");
INSERT INTO orders VALUES("838","1","1417110474","35000","35000","0","-1","5","0","finish");
INSERT INTO orders VALUES("839","1","1417118361","30000","30000","0","-1","5","0","finish");
INSERT INTO orders VALUES("840","3","1417115433","64000","64000","0","-1","5","0","finish");
INSERT INTO orders VALUES("841","4","1417115254","38000","38000","0","-1","5","0","finish");
INSERT INTO orders VALUES("842","2","1417116362","100000","100000","0","-1","5","0","finish");
INSERT INTO orders VALUES("843","1","1417120323","74000","74000","0","-1","5","0","finish");
INSERT INTO orders VALUES("844","2","1417121670","95000","95000","0","-1","5","0","finish");
INSERT INTO orders VALUES("845","2","1417121331","55000","55000","0","-1","5","0","finish");
INSERT INTO orders VALUES("846","5","1417116796","50000","50000","0","-1","5","0","finish");
INSERT INTO orders VALUES("847","1","1417118645","25000","25000","0","-1","5","0","finish");
INSERT INTO orders VALUES("848","1","1417120369","60000","60000","0","-1","5","0","finish");
INSERT INTO orders VALUES("849","2","1417127333","82000","82000","0","-1","5","0","finish");
INSERT INTO orders VALUES("850","2","1417120469","21000","21000","0","-1","5","0","finish");
INSERT INTO orders VALUES("851","1","1417134474","76000","76000","0","-1","3","0","finish");
INSERT INTO orders VALUES("852","1","1417140502","377000","377000","1","-1","0","0","pending");
INSERT INTO orders VALUES("853","2","1417143262","377000","377000","0","-1","3","0","finish");
INSERT INTO orders VALUES("854","1","1417147265","145000","145000","0","-1","3","0","finish");
INSERT INTO orders VALUES("855","1","1417145025","194000","194000","0","-1","3","0","finish");
INSERT INTO orders VALUES("856","20","1417142530","26000","21000","0","22","3","0","finish");
INSERT INTO orders VALUES("857","1","1417356961","42000","42000","0","-1","5","0","finish");
INSERT INTO orders VALUES("860","1","1417232483","40000","40000","0","-1","5","0","finish");
INSERT INTO orders VALUES("861","1","1417232548","42000","42000","0","-1","5","0","finish");
INSERT INTO orders VALUES("862","3","1417234931","80000","80000","0","-1","5","0","finish");
INSERT INTO orders VALUES("863","1","1417239564","66000","66000","0","-1","5","0","finish");
INSERT INTO orders VALUES("864","1","1417235092","38000","38000","0","-1","5","0","finish");
INSERT INTO orders VALUES("865","1","1417238962","64000","64000","0","-1","5","0","finish");
INSERT INTO orders VALUES("866","1","1417239587","40000","40000","0","-1","5","0","finish");
INSERT INTO orders VALUES("867","1","1417239605","40000","40000","0","-1","5","0","finish");
INSERT INTO orders VALUES("868","2","1417240190","25000","25000","0","-1","5","0","finish");
INSERT INTO orders VALUES("869","2","1417240078","25000","25000","0","-1","5","0","finish");
INSERT INTO orders VALUES("870","1","1417240371","50000","50000","0","-1","5","0","finish");
INSERT INTO orders VALUES("871","1","1417245932","98000","98000","0","-1","5","0","finish");
INSERT INTO orders VALUES("872","1","1417247065","217000","217000","0","-1","5","0","finish");
INSERT INTO orders VALUES("873","4","1417243027","50000","50000","0","-1","5","0","finish");
INSERT INTO orders VALUES("874","2","1417247046","116000","116000","0","-1","5","0","finish");
INSERT INTO orders VALUES("875","1","1417253672","30000","30000","0","-1","5","0","finish");
INSERT INTO orders VALUES("876","1","1417254454","32000","32000","0","-1","5","0","finish");
INSERT INTO orders VALUES("877","1","1417254477","76000","76000","0","-1","5","0","finish");
INSERT INTO orders VALUES("878","2","1417255878","152000","152000","0","-1","5","0","finish");
INSERT INTO orders VALUES("879","2","1417264601","26000","26000","0","-1","5","0","finish");
INSERT INTO orders VALUES("880","2","1417269889","110000","110000","0","-1","5","0","finish");
INSERT INTO orders VALUES("882","3","1417264838","73000","59000","1","22","5","0","finish");
INSERT INTO orders VALUES("883","3","1417264903","73000","59000","0","22","5","0","finish");
INSERT INTO orders VALUES("885","3","1417269752","233000","233000","0","-1","5","0","finish");
INSERT INTO orders VALUES("886","1","1417270344","30000","30000","0","-1","5","0","finish");
INSERT INTO orders VALUES("887","1","1417270416","40000","32000","0","22","5","0","finish");
INSERT INTO orders VALUES("888","1","1417270847","30000","24000","0","22","5","0","finish");
INSERT INTO orders VALUES("889","2","1417314854","89000","89000","0","-1","5","0","finish");
INSERT INTO orders VALUES("890","3","1417317698","26000","26000","0","-1","5","0","finish");
INSERT INTO orders VALUES("891","1","1417320362","152000","152000","0","-1","5","0","finish");
INSERT INTO orders VALUES("892","1","1417319923","20000","20000","0","-1","5","0","finish");
INSERT INTO orders VALUES("893","3","1417326191","85000","85000","0","-1","5","0","finish");
INSERT INTO orders VALUES("894","2","1417332284","310000","310000","0","-1","5","0","finish");
INSERT INTO orders VALUES("895","4","1417322021","118000","107000","0","29","5","0","finish");
INSERT INTO orders VALUES("896","1","1417334162","173000","173000","1","-1","5","0","finish");
INSERT INTO orders VALUES("897","2","1417332364","85000","85000","0","-1","5","0","finish");
INSERT INTO orders VALUES("898","1","1417332838","20000","16000","0","22","5","0","finish");
INSERT INTO orders VALUES("899","1","1417334739","175000","175000","0","-1","5","0","finish");
INSERT INTO orders VALUES("900","3","1417354999","70000","70000","0","-1","3","0","finish");
INSERT INTO orders VALUES("901","2","1417357639","163000","163000","0","-1","3","0","finish");
INSERT INTO orders VALUES("902","2","1417357400","109000","109000","0","-1","3","0","finish");
INSERT INTO orders VALUES("903","2","1417359070","68000","68000","0","-1","3","0","finish");
INSERT INTO orders VALUES("904","2","1417359110","144000","144000","0","-1","3","0","finish");
INSERT INTO orders VALUES("905","1","1417369684","30000","30000","0","-1","5","0","finish");
INSERT INTO orders VALUES("906","3","1417373993","38000","38000","0","-1","5","0","finish");
INSERT INTO orders VALUES("907","3","1417378922","80000","80000","0","-1","5","0","finish");
INSERT INTO orders VALUES("908","4","1417377142","105000","105000","0","-1","5","0","finish");
INSERT INTO orders VALUES("909","1","1417380445","134000","134000","0","-1","5","0","finish");
INSERT INTO orders VALUES("910","1","1417377387","50000","50000","0","-1","5","0","finish");
INSERT INTO orders VALUES("911","1","1417377672","38000","31000","0","22","5","0","finish");
INSERT INTO orders VALUES("912","3","1417378490","50000","50000","0","-1","5","0","finish");
INSERT INTO orders VALUES("913","3","1417380098","50000","50000","0","-1","5","0","finish");
INSERT INTO orders VALUES("914","3","1417378574","55000","55000","0","-1","5","0","finish");
INSERT INTO orders VALUES("915","1","1417385787","145000","145000","0","-1","5","0","finish");
INSERT INTO orders VALUES("916","1","1417391805","32000","32000","0","-1","5","0","finish");
INSERT INTO orders VALUES("917","1","1417391871","72000","72000","0","-1","5","0","finish");
INSERT INTO orders VALUES("918","1","1417397247","110000","110000","0","-1","3","0","finish");
INSERT INTO orders VALUES("919","2","1417401432","207000","207000","0","-1","3","0","finish");
INSERT INTO orders VALUES("920","1","1417405187","70000","56000","1","22","3","0","finish");
INSERT INTO orders VALUES("921","1","1417406493","72000","72000","0","-1","3","0","finish");
INSERT INTO orders VALUES("922","2","1417405324","176000","176000","0","-1","3","0","finish");
INSERT INTO orders VALUES("923","1","1417411245","38000","31000","0","22","3","0","finish");
INSERT INTO orders VALUES("924","1","1417492777","30000","30000","0","-1","5","0","finish");
INSERT INTO orders VALUES("925","2","1417507253","134000","134000","0","-1","5","0","finish");
INSERT INTO orders VALUES("926","2","1417497798","40000","40000","0","-1","5","0","finish");
INSERT INTO orders VALUES("927","2","1417498310","100000","100000","0","-1","5","0","finish");
INSERT INTO orders VALUES("928","3","1417500303","140000","140000","0","-1","5","0","finish");
INSERT INTO orders VALUES("929","2","1417512741","73000","73000","0","-1","5","0","finish");
INSERT INTO orders VALUES("930","3","1417510156","182000","182000","0","-1","5","0","finish");
INSERT INTO orders VALUES("931","3","1417507585","38000","38000","0","-1","5","0","finish");
INSERT INTO orders VALUES("932","1","1417512762","99000","99000","0","-1","5","0","finish");
INSERT INTO orders VALUES("933","2","1417504495","50000","50000","0","-1","5","0","finish");
INSERT INTO orders VALUES("934","1","1417512804","26000","26000","0","-1","5","0","finish");
INSERT INTO orders VALUES("935","1","1417513965","42000","42000","0","-1","5","0","finish");
INSERT INTO orders VALUES("936","1","1417514711","52000","52000","0","-1","5","0","finish");
INSERT INTO orders VALUES("937","2","1417520005","230000","230000","0","-1","3","0","finish");
INSERT INTO orders VALUES("938","2","1417524142","96000","96000","0","-1","3","0","finish");
INSERT INTO orders VALUES("939","1","1417530151","70000","70000","0","-1","3","0","finish");
INSERT INTO orders VALUES("940","3","1417578576","30000","30000","0","-1","5","0","finish");
INSERT INTO orders VALUES("941","1","1417579415","26000","26000","0","-1","5","0","finish");
INSERT INTO orders VALUES("942","4","1417578536","16000","16000","0","-1","5","0","finish");
INSERT INTO orders VALUES("945","1","1417580033","30000","24000","0","22","5","0","finish");
INSERT INTO orders VALUES("946","2","1417584649","60000","60000","0","-1","5","0","finish");
INSERT INTO orders VALUES("947","2","1417589690","74000","74000","0","-1","5","0","finish");
INSERT INTO orders VALUES("948","2","1417585361","100000","100000","0","-1","5","0","finish");
INSERT INTO orders VALUES("949","5","1417588860","76000","76000","0","-1","5","0","finish");
INSERT INTO orders VALUES("950","1","1417589742","65000","65000","0","-1","5","0","finish");
INSERT INTO orders VALUES("951","2","1417589037","56000","56000","0","-1","5","0","finish");
INSERT INTO orders VALUES("952","2","1417589106","76000","76000","1","-1","5","0","finish");
INSERT INTO orders VALUES("953","2","1417598921","67000","67000","0","-1","5","0","finish");
INSERT INTO orders VALUES("954","2","1417598462","25000","25000","0","-1","5","0","finish");
INSERT INTO orders VALUES("955","2","1417602993","75000","75000","0","-1","3","0","finish");
INSERT INTO orders VALUES("956","2","1417602488","26000","26000","0","-1","3","0","finish");
INSERT INTO orders VALUES("957","2","1417611658","60000","60000","0","-1","3","0","finish");
INSERT INTO orders VALUES("958","2","1417613566","64000","64000","0","-1","3","0","finish");
INSERT INTO orders VALUES("959","2","1417609761","24000","24000","0","-1","3","0","finish");
INSERT INTO orders VALUES("960","1","1417663266","78000","71000","0","29","5","0","finish");
INSERT INTO orders VALUES("961","4","1417671095","171000","171000","0","-1","5","0","finish");
INSERT INTO orders VALUES("962","3","1417672428","50000","50000","0","-1","5","0","finish");
INSERT INTO orders VALUES("963","2","1417671111","125000","125000","0","-1","5","0","finish");
INSERT INTO orders VALUES("964","1","1417673068","50000","50000","0","-1","5","0","finish");
INSERT INTO orders VALUES("965","1","1417676906","82000","82000","0","-1","5","0","finish");
INSERT INTO orders VALUES("966","2","1417683573","94000","94000","0","-1","5","0","finish");
INSERT INTO orders VALUES("967","4","1417682509","62000","62000","0","-1","5","0","finish");
INSERT INTO orders VALUES("968","1","1417683874","60000","60000","0","-1","5","0","finish");
INSERT INTO orders VALUES("969","1","1417767371","251000","251000","0","-1","5","0","finish");
INSERT INTO orders VALUES("970","3","1417764150","70000","70000","0","-1","5","0","finish");
INSERT INTO orders VALUES("971","3","1417757540","55000","55000","0","-1","5","0","finish");
INSERT INTO orders VALUES("972","2","1417764170","60000","60000","0","-1","5","0","finish");
INSERT INTO orders VALUES("973","2","1417765361","73000","73000","0","-1","5","0","finish");
INSERT INTO orders VALUES("974","1","1417767356","60000","60000","0","-1","5","0","finish");
INSERT INTO orders VALUES("975","1","1417766642","10000","10000","0","-1","5","0","finish");
INSERT INTO orders VALUES("976","1","1417839954","65000","65000","0","-1","5","0","finish");
INSERT INTO orders VALUES("977","2","1417776706","76000","76000","1","-1","3","0","finish");
INSERT INTO orders VALUES("978","1","1417777014","50000","50000","1","-1","3","0","finish");
INSERT INTO orders VALUES("979","1","1417777287","50000","50000","0","-1","3","0","finish");
INSERT INTO orders VALUES("980","3","1417870192","266000","266000","0","-1","3","0","finish");
INSERT INTO orders VALUES("981","1","1417878459","128000","128000","0","-1","3","0","finish");
INSERT INTO orders VALUES("982","3","1417854012","26000","26000","0","-1","1","0","finish");
INSERT INTO orders VALUES("983","2","1417791103","50000","40000","0","22","1","0","finish");
INSERT INTO orders VALUES("984","4","1417835503","58000","58000","0","-1","5","0","finish");
INSERT INTO orders VALUES("985","2","1417837537","26000","26000","0","-1","5","0","finish");
INSERT INTO orders VALUES("986","5","1417834458","40000","40000","0","-1","5","0","finish");
INSERT INTO orders VALUES("988","1","1417846235","68000","68000","0","-1","5","0","finish");
INSERT INTO orders VALUES("990","4","1417845577","97000","97000","0","-1","5","0","finish");
INSERT INTO orders VALUES("991","2","1417847784","32000","32000","0","-1","5","0","finish");
INSERT INTO orders VALUES("993","2","1417854281","42000","42000","0","-1","5","0","finish");
INSERT INTO orders VALUES("994","1","1417854072","35000","35000","0","-1","1","0","finish");
INSERT INTO orders VALUES("995","2","1417855230","50000","50000","0","-1","1","0","finish");
INSERT INTO orders VALUES("996","3","1417857038","50000","50000","1","-1","1","0","finish");
INSERT INTO orders VALUES("999","5","1417876829","26000","26000","0","-1","3","0","finish");
INSERT INTO orders VALUES("1000","4","1417875096","26000","26000","0","-1","3","0","finish");
INSERT INTO orders VALUES("1001","1","1417877005","56000","56000","0","-1","3","0","finish");
INSERT INTO orders VALUES("1002","5","1417871321","10000","10000","0","-1","3","0","finish");
INSERT INTO orders VALUES("1003","1","1417877614","70000","70000","0","-1","3","0","finish");
INSERT INTO orders VALUES("1004","4","1417875722","52000","52000","0","-1","3","0","finish");
INSERT INTO orders VALUES("1005","1","1417899866","118000","118000","0","-1","5","0","finish");
INSERT INTO orders VALUES("1006","1","1417899986","52000","52000","0","-1","5","0","finish");
INSERT INTO orders VALUES("1007","1","1417900019","78000","78000","0","-1","5","0","finish");
INSERT INTO orders VALUES("1008","1","1417900125","78000","78000","0","-1","5","0","finish");
INSERT INTO orders VALUES("1009","1","1417900233","44000","44000","0","-1","5","0","finish");
INSERT INTO orders VALUES("1010","1","1417900265","67000","67000","0","-1","5","0","finish");
INSERT INTO orders VALUES("1011","1","1417900287","30000","30000","0","-1","5","0","finish");
INSERT INTO orders VALUES("1012","1","1417900331","35000","35000","0","-1","5","0","finish");
INSERT INTO orders VALUES("1013","1","1417900606","32000","32000","0","-1","5","0","finish");
INSERT INTO orders VALUES("1014","1","1417900648","66000","66000","0","-1","5","0","finish");
INSERT INTO orders VALUES("1015","1","1417900915","24000","24000","0","-1","5","0","finish");
INSERT INTO orders VALUES("1016","2","1417905668","181000","181000","0","-1","5","0","finish");
INSERT INTO orders VALUES("1017","3","1417904443","35000","35000","0","-1","5","0","finish");
INSERT INTO orders VALUES("1018","1","1417908218","70000","70000","0","-1","5","0","finish");
INSERT INTO orders VALUES("1019","1","1417909342","40000","40000","0","-1","5","0","finish");
INSERT INTO orders VALUES("1020","2","1417914681","52000","52000","0","-1","3","0","finish");
INSERT INTO orders VALUES("1021","2","1417926959","30000","30000","0","-1","3","0","finish");
INSERT INTO orders VALUES("1022","2","1417924124","100000","100000","1","-1","0","0","finish");
INSERT INTO orders VALUES("1023","3","1417924282","140000","140000","1","-1","1","0","finish");
INSERT INTO orders VALUES("1024","1","1417924587","140000","140000","0","-1","3","0","finish");
INSERT INTO orders VALUES("1025","2","1417927321","307000","307000","0","-1","3","0","finish");
INSERT INTO orders VALUES("1026","2","1417925910","35000","35000","0","-1","3","0","finish");
INSERT INTO orders VALUES("1027","1","1418010626","38000","38000","0","-1","5","0","finish");
INSERT INTO orders VALUES("1028","1","1418012737","70000","70000","0","-1","5","0","finish");
INSERT INTO orders VALUES("1029","3","1418019361","73000","73000","0","-1","5","0","finish");
INSERT INTO orders VALUES("1030","1","1418028705","80000","80000","0","-1","5","0","finish");
INSERT INTO orders VALUES("1031","6","1418016527","20000","20000","0","-1","5","0","finish");
INSERT INTO orders VALUES("1032","3","1418017008","100000","100000","0","-1","5","0","finish");
INSERT INTO orders VALUES("1033","3","1418016992","100000","100000","0","-1","5","0","finish");
INSERT INTO orders VALUES("1034","2","1418017232","10000","10000","0","-1","5","0","finish");
INSERT INTO orders VALUES("1035","3","1418028583","156000","156000","0","-1","5","0","finish");
INSERT INTO orders VALUES("1036","3","1418021770","28000","28000","0","-1","5","0","finish");
INSERT INTO orders VALUES("1037","3","1418023210","30000","30000","0","-1","5","0","finish");
INSERT INTO orders VALUES("1038","2","1418037940","70000","70000","1","-1","0","0","finish");
INSERT INTO orders VALUES("1039","2","1418035186","20000","20000","0","-1","3","0","finish");
INSERT INTO orders VALUES("1040","1","1418038239","70000","70000","0","-1","3","0","finish");
INSERT INTO orders VALUES("1041","2","1418044324","62000","62000","0","-1","3","0","finish");
INSERT INTO orders VALUES("1042","2","1418048764","82000","82000","0","-1","3","0","finish");
INSERT INTO orders VALUES("1043","3","1418110255","65000","65000","0","-1","5","0","finish");
INSERT INTO orders VALUES("1044","4","1418104513","10000","10000","0","-1","5","0","finish");
INSERT INTO orders VALUES("1045","2","1418105269","25000","25000","0","-1","5","0","finish");
INSERT INTO orders VALUES("1046","5","1418101312","122000","122000","1","-1","5","0","finish");
INSERT INTO orders VALUES("1047","4","1418101445","92000","92000","0","-1","5","0","finish");
INSERT INTO orders VALUES("1048","5","1418103990","55000","55000","0","-1","5","0","finish");
INSERT INTO orders VALUES("1049","10","1418103415","75000","75000","0","-1","5","0","finish");
INSERT INTO orders VALUES("1050","2","1418105545","25000","25000","0","-1","5","0","finish");
INSERT INTO orders VALUES("1051","2","1418104912","91000","91000","0","-1","5","0","finish");
INSERT INTO orders VALUES("1052","2","1418104528","70000","70000","0","-1","5","0","finish");
INSERT INTO orders VALUES("1053","2","1418105066","80000","80000","0","-1","5","0","finish");
INSERT INTO orders VALUES("1054","2","1418104791","12000","12000","0","-1","5","0","finish");
INSERT INTO orders VALUES("1055","2","1418110289","50000","50000","0","-1","5","0","finish");
INSERT INTO orders VALUES("1056","2","1418107356","73000","73000","0","-1","5","0","finish");
INSERT INTO orders VALUES("1057","3","1418110270","56000","56000","0","-1","5","0","finish");
INSERT INTO orders VALUES("1058","3","1418109880","25000","25000","0","-1","5","0","finish");
INSERT INTO orders VALUES("1059","2","1418112788","26000","26000","1","-1","4","0","finish");
INSERT INTO orders VALUES("1060","1","1418113024","40000","40000","0","-1","5","0","finish");
INSERT INTO orders VALUES("1061","1","1418116459","40000","40000","0","-1","5","0","finish");
INSERT INTO orders VALUES("1062","1","1418119406","40000","40000","0","-1","5","0","finish");
INSERT INTO orders VALUES("1063","2","1418122851","65000","65000","0","-1","3","0","finish");
INSERT INTO orders VALUES("1064","1","1418135042","40000","40000","0","-1","3","0","finish");
INSERT INTO orders VALUES("1065","2","1418138825","152000","152000","0","-1","3","0","finish");
INSERT INTO orders VALUES("1066","3","1418135676","32000","32000","0","-1","3","0","finish");
INSERT INTO orders VALUES("1067","1","1418176712","32000","32000","0","-1","5","0","finish");
INSERT INTO orders VALUES("1068","2","1418191872","66000","66000","0","-1","5","0","finish");
INSERT INTO orders VALUES("1069","1","1418202889","92000","92000","0","-1","5","0","finish");
INSERT INTO orders VALUES("1070","5","1418189612","90000","90000","0","-1","5","0","finish");
INSERT INTO orders VALUES("1071","4","1418188397","75000","75000","0","-1","5","0","finish");
INSERT INTO orders VALUES("1072","3","1418189857","75000","75000","0","-1","5","0","finish");
INSERT INTO orders VALUES("1073","2","1418191417","32000","32000","0","-1","5","0","finish");
INSERT INTO orders VALUES("1074","2","1418191818","8000","8000","0","-1","5","0","finish");
INSERT INTO orders VALUES("1075","5","1418200717","304000","304000","0","-1","5","0","finish");
INSERT INTO orders VALUES("1076","3","1418192065","25000","25000","0","-1","5","0","finish");
INSERT INTO orders VALUES("1077","1","1418202077","26000","26000","0","-1","5","0","finish");
INSERT INTO orders VALUES("1078","4","1418196520","50000","50000","0","-1","5","0","finish");
INSERT INTO orders VALUES("1079","3","1418202033","56000","56000","0","-1","5","0","finish");
INSERT INTO orders VALUES("1080","5","1418200664","38000","38000","0","-1","5","0","finish");
INSERT INTO orders VALUES("1081","1","1418202905","24000","24000","0","-1","5","0","finish");
INSERT INTO orders VALUES("1082","5","1418201736","35000","35000","0","-1","5","0","finish");
INSERT INTO orders VALUES("1083","1","1418206006","12000","12000","0","-1","3","0","finish");
INSERT INTO orders VALUES("1084","2","1418211221","64000","64000","0","-1","3","0","finish");
INSERT INTO orders VALUES("1085","2","1418207525","26000","26000","1","-1","4","0","finish");
INSERT INTO orders VALUES("1086","2","1418218788","70000","70000","0","-1","3","0","finish");
INSERT INTO orders VALUES("1087","2","1418221523","62000","62000","0","-1","3","0","finish");
INSERT INTO orders VALUES("1088","1","1418221873","10000","10000","0","-1","3","0","finish");
INSERT INTO orders VALUES("1089","2","1418281438","135000","135000","0","-1","5","0","finish");
INSERT INTO orders VALUES("1090","1","1418277027","40000","40000","0","-1","5","0","finish");
INSERT INTO orders VALUES("1091","3","1418274647","125000","125000","0","-1","5","0","finish");
INSERT INTO orders VALUES("1092","3","1418275554","80000","80000","0","-1","5","0","finish");
INSERT INTO orders VALUES("1093","2","1418280046","50000","50000","0","-1","5","0","finish");
INSERT INTO orders VALUES("1094","3","1418287021","123000","123000","0","-1","5","0","finish");
INSERT INTO orders VALUES("1095","1","1418305541","73000","73000","0","-1","5","0","finish");
INSERT INTO orders VALUES("1096","3","1418285970","50000","50000","0","-1","5","0","finish");
INSERT INTO orders VALUES("1097","5","1418292707","26000","26000","0","-1","5","0","finish");
INSERT INTO orders VALUES("1098","3","1418293149","26000","26000","0","-1","5","0","finish");
INSERT INTO orders VALUES("1099","4","1418299935","35000","35000","0","-1","5","0","finish");
INSERT INTO orders VALUES("1100","5","1418291908","10000","10000","0","-1","5","0","finish");
INSERT INTO orders VALUES("1101","1","1418305563","30000","30000","0","-1","5","0","finish");
INSERT INTO orders VALUES("1102","4","1418305120","30000","30000","0","-1","5","0","finish");
INSERT INTO orders VALUES("1103","2","1418311092","161000","161000","0","-1","5","0","finish");
INSERT INTO orders VALUES("1104","2","1418311937","32000","32000","0","-1","5","0","finish");
INSERT INTO orders VALUES("1105","2","1418354643","40000","40000","0","-1","5","0","finish");
INSERT INTO orders VALUES("1106","1","1418364760","47000","47000","0","-1","5","0","finish");
INSERT INTO orders VALUES("1107","6","1418360986","65000","65000","0","-1","5","0","finish");
INSERT INTO orders VALUES("1108","7","1418362414","84000","84000","0","-1","5","0","finish");
INSERT INTO orders VALUES("1109","1","1418361865","72000","72000","0","-1","5","0","finish");
INSERT INTO orders VALUES("1110","3","1418362537","96000","96000","0","-1","5","0","finish");
INSERT INTO orders VALUES("1111","4","1418362228","50000","50000","0","-1","5","0","finish");
INSERT INTO orders VALUES("1112","1","1418363940","75000","75000","0","-1","5","0","finish");
INSERT INTO orders VALUES("1113","6","1418362275","100000","100000","0","-1","5","0","finish");
INSERT INTO orders VALUES("1114","3","1418362569","35000","35000","0","-1","5","0","finish");
INSERT INTO orders VALUES("1115","1","1418364145","50000","50000","0","-1","5","0","finish");
INSERT INTO orders VALUES("1116","2","1418380205","26000","26000","0","-1","5","0","finish");
INSERT INTO orders VALUES("1117","3","1418367160","175000","175000","0","-1","5","0","finish");
INSERT INTO orders VALUES("1118","1","1418365855","67000","67000","0","-1","5","0","finish");
INSERT INTO orders VALUES("1119","1","1418367415","20000","20000","0","-1","5","0","finish");
INSERT INTO orders VALUES("1120","1","1418367448","0","0","0","-1","5","0","finish");
INSERT INTO orders VALUES("1121","3","1418373122","128000","128000","0","-1","5","0","finish");
INSERT INTO orders VALUES("1122","3","1418370883","32000","32000","0","-1","5","0","finish");
INSERT INTO orders VALUES("1123","1","1418380592","78000","78000","1","-1","5","0","finish");
INSERT INTO orders VALUES("1124","1","1418380654","38000","38000","0","-1","5","0","finish");
INSERT INTO orders VALUES("1125","2","1418396045","100000","100000","1","-1","0","0","finish");
INSERT INTO orders VALUES("1126","3","1418396162","20000","20000","0","-1","1","0","finish");
INSERT INTO orders VALUES("1127","1","1418396292","100000","100000","0","-1","1","0","finish");
INSERT INTO orders VALUES("1128","1","1418397640","52000","52000","0","-1","3","0","finish");
INSERT INTO orders VALUES("1129","1","1418437279","60000","60000","0","-1","5","0","finish");
INSERT INTO orders VALUES("1130","1","1418437431","35000","35000","0","-1","5","0","finish");
INSERT INTO orders VALUES("1134","2","1418442581","52000","52000","0","-1","5","0","finish");
INSERT INTO orders VALUES("1135","3","1418442483","30000","30000","0","-1","5","0","finish");
INSERT INTO orders VALUES("1136","3","1418442529","15000","15000","0","-1","5","0","finish");
INSERT INTO orders VALUES("1137","3","1418442570","68000","68000","0","-1","5","0","finish");
INSERT INTO orders VALUES("1138","3","1418464911","252000","252000","0","-1","5","0","finish");
INSERT INTO orders VALUES("1139","2","1418449128","30000","30000","0","-1","5","0","finish");
INSERT INTO orders VALUES("1140","2","1418449148","25000","25000","0","-1","5","0","finish");
INSERT INTO orders VALUES("1141","2","1418449376","12000","12000","0","-1","5","0","finish");
INSERT INTO orders VALUES("1142","2","1418450639","10000","10000","0","-1","5","0","finish");
INSERT INTO orders VALUES("1143","1","1418466913","120000","120000","1","-1","5","0","finish");
INSERT INTO orders VALUES("1144","1","1418467080","120000","96000","0","22","5","0","finish");
INSERT INTO orders VALUES("1145","2","1418474313","38000","38000","0","-1","5","0","finish");
INSERT INTO orders VALUES("1146","3","1418474300","30000","30000","0","-1","5","0","finish");
INSERT INTO orders VALUES("1147","3","1418469276","40000","40000","0","-1","5","0","finish");
INSERT INTO orders VALUES("1148","3","1418473509","96000","96000","0","-1","5","0","finish");
INSERT INTO orders VALUES("1149","3","1418473831","10000","10000","0","-1","5","0","finish");
INSERT INTO orders VALUES("1150","3","1418474282","30000","30000","0","-1","5","0","finish");
INSERT INTO orders VALUES("1151","2","1418483868","180000","180000","0","-1","5","0","finish");
INSERT INTO orders VALUES("1152","2","1418483346","62000","62000","0","-1","5","0","finish");
INSERT INTO orders VALUES("1153","1","1418485343","84000","84000","0","-1","5","0","finish");
INSERT INTO orders VALUES("1154","5","1418525278","67000","67000","0","-1","5","0","finish");
INSERT INTO orders VALUES("1155","2","1418525336","73000","73000","0","-1","5","0","finish");
INSERT INTO orders VALUES("1156","1","1418525304","52000","52000","0","-1","5","0","finish");
INSERT INTO orders VALUES("1157","1","1418525314","30000","30000","0","-1","5","0","finish");
INSERT INTO orders VALUES("1158","1","1418532447","100000","100000","0","-1","5","0","finish");
INSERT INTO orders VALUES("1159","1","1418532423","75000","75000","0","-1","5","0","finish");
INSERT INTO orders VALUES("1160","1","1418537010","126000","126000","0","-1","5","0","finish");
INSERT INTO orders VALUES("1161","3","1418553188","30000","30000","0","-1","5","0","finish");
INSERT INTO orders VALUES("1162","3","1418547873","96000","96000","0","-1","5","0","finish");
INSERT INTO orders VALUES("1163","3","1418550157","73000","73000","0","-1","5","0","finish");
INSERT INTO orders VALUES("1164","1","1418553598","78000","78000","0","-1","5","0","finish");
INSERT INTO orders VALUES("1165","3","1418551632","35000","35000","0","-1","5","0","finish");
INSERT INTO orders VALUES("1166","3","1418553172","20000","20000","0","-1","5","0","finish");
INSERT INTO orders VALUES("1167","1","1418558180","30000","30000","1","-1","3","0","finish");
INSERT INTO orders VALUES("1168","2","1418624846","142000","142000","0","-1","5","0","finish");
INSERT INTO orders VALUES("1169","6","1418620358","52000","52000","0","-1","5","0","finish");
INSERT INTO orders VALUES("1170","4","1418615802","76000","76000","0","-1","5","0","finish");
INSERT INTO orders VALUES("1171","5","1418614454","99000","99000","1","-1","5","0","finish");
INSERT INTO orders VALUES("1172","4","1418615060","73000","73000","0","-1","5","0","finish");
INSERT INTO orders VALUES("1173","3","1418616883","35000","35000","0","-1","5","0","finish");
INSERT INTO orders VALUES("1174","2","1418620434","78000","78000","0","-1","5","0","finish");
INSERT INTO orders VALUES("1175","1","1418625398","105000","105000","0","-1","5","0","finish");
INSERT INTO orders VALUES("1176","4","1418622566","125000","125000","0","-1","5","0","finish");
INSERT INTO orders VALUES("1177","2","1418621640","67000","67000","0","-1","5","0","finish");
INSERT INTO orders VALUES("1178","4","1418622704","70000","70000","0","-1","5","0","finish");
INSERT INTO orders VALUES("1179","4","1418622654","50000","50000","0","-1","5","0","finish");
INSERT INTO orders VALUES("1180","2","1418627513","50000","50000","0","-1","5","0","finish");
INSERT INTO orders VALUES("1181","2","1418642884","40000","40000","0","-1","3","0","finish");
INSERT INTO orders VALUES("1182","1","1418649468","38000","38000","0","-1","3","0","finish");
INSERT INTO orders VALUES("1183","3","1418653628","62000","62000","0","-1","3","0","finish");
INSERT INTO orders VALUES("1184","2","1418655620","30000","30000","0","-1","3","0","finish");
INSERT INTO orders VALUES("1185","1","1418699624","68000","68000","0","-1","5","0","finish");
INSERT INTO orders VALUES("1186","1","1418701682","30000","30000","0","-1","5","0","finish");
INSERT INTO orders VALUES("1187","2","1418719481","181000","181000","0","-1","5","0","finish");
INSERT INTO orders VALUES("1188","2","1418722604","71000","71000","0","-1","5","0","finish");
INSERT INTO orders VALUES("1189","2","1418705733","34000","34000","0","-1","5","0","finish");
INSERT INTO orders VALUES("1190","4","1418709072","95000","95000","0","-1","5","0","finish");
INSERT INTO orders VALUES("1191","4","1418708255","100000","100000","0","-1","5","0","finish");
INSERT INTO orders VALUES("1192","4","1418708588","98000","98000","0","-1","5","0","finish");
INSERT INTO orders VALUES("1193","4","1418708739","100000","100000","0","-1","5","0","finish");
INSERT INTO orders VALUES("1194","4","1418709005","25000","25000","0","-1","5","0","finish");
INSERT INTO orders VALUES("1195","3","1418711259","25000","25000","0","-1","5","0","finish");
INSERT INTO orders VALUES("1196","1","1418733396","56000","56000","0","-1","3","0","finish");
INSERT INTO orders VALUES("1197","3","1418740155","26000","26000","0","-1","3","0","finish");
INSERT INTO orders VALUES("1198","1","1418740182","26000","26000","0","-1","3","0","finish");
INSERT INTO orders VALUES("1199","1","1418794564","52000","52000","0","-1","5","0","finish");
INSERT INTO orders VALUES("1200","1","1418795387","125000","125000","0","-1","5","0","finish");
INSERT INTO orders VALUES("1201","1","1418795408","25000","25000","0","-1","5","0","finish");
INSERT INTO orders VALUES("1202","1","1418796342","55000","55000","1","-1","5","0","finish");
INSERT INTO orders VALUES("1203","2","1418796427","45000","45000","0","-1","5","0","finish");
INSERT INTO orders VALUES("1204","2","1418806002","116000","116000","0","-1","5","0","finish");
INSERT INTO orders VALUES("1205","1","1418806491","76000","76000","0","-1","5","0","finish");
INSERT INTO orders VALUES("1206","1","1418807340","25000","25000","0","-1","5","0","finish");
INSERT INTO orders VALUES("1207","1","1418807361","30000","30000","0","-1","5","0","finish");
INSERT INTO orders VALUES("1208","1","1418807417","171000","171000","0","-1","5","0","pending");
INSERT INTO orders VALUES("1209","2","1418808482","26000","26000","0","-1","5","0","pending");
INSERT INTO orders VALUES("1210","3","1418810309","21000","21000","0","-1","5","0","finish");



DROP TABLE payment;

CREATE TABLE `payment` (
  `id` int(5) NOT NULL AUTO_INCREMENT,
  `title` varchar(255) NOT NULL,
  `value` int(100) NOT NULL,
  `reason` text NOT NULL,
  `time` varchar(100) NOT NULL,
  PRIMARY KEY (`id`)
) ENGINE=InnoDB AUTO_INCREMENT=15 DEFAULT CHARSET=utf8;

INSERT INTO payment VALUES("1","Chợ","263000","","1417993200");
INSERT INTO payment VALUES("2","Chợ","384000","","1418120451");
INSERT INTO payment VALUES("4","Đi chợ 10/12/2014","307500","","1418186555");
INSERT INTO payment VALUES("5","Chợ 11/12/2014","271000","","1418293101");
INSERT INTO payment VALUES("6","Siêu thị 10/11/2014","820500","","1418166000");
INSERT INTO payment VALUES("7","May tạp dề","150000","Công tạp dề 15000 x 15 cái","1418353142");
INSERT INTO payment VALUES("8","Nước suối hội chợ","30000","Trả anh Tùng tiền mua nước hội chợ.","1418353292");
INSERT INTO payment VALUES("9","Base + Rich + Bưởi 8/12/2014","499000","","1417993200");
INSERT INTO payment VALUES("10","Chợ 13/12","250","","1418614640");
INSERT INTO payment VALUES("11","Gạo 13/12","220","","1418614686");
INSERT INTO payment VALUES("12","Siêu thị Sài Gòn Coop 13/12/2014","190","","1418614719");
INSERT INTO payment VALUES("13","Chợ 15/12","481","","1418617565");
INSERT INTO payment VALUES("14","Chợ 16/12/2014","371000","","1418706448");



DROP TABLE property;

CREATE TABLE `property` (
  `id` int(5) NOT NULL AUTO_INCREMENT,
  `name` varchar(255) COLLATE utf8_unicode_ci NOT NULL,
  `quantity` double NOT NULL,
  `unit` varchar(255) COLLATE utf8_unicode_ci NOT NULL,
  `des` varchar(255) COLLATE utf8_unicode_ci NOT NULL,
  PRIMARY KEY (`id`)
) ENGINE=InnoDB AUTO_INCREMENT=87 DEFAULT CHARSET=utf8 COLLATE=utf8_unicode_ci;

INSERT INTO property VALUES("1","Muỗng ăn cơm","20","cái","");
INSERT INTO property VALUES("4","Nĩa","20","cái","");
INSERT INTO property VALUES("5","Đũa","20","đôi","");
INSERT INTO property VALUES("6","Nồi","8","cái","");
INSERT INTO property VALUES("7","Chảo","5","cái","");
INSERT INTO property VALUES("8","Rổ","13","cái","11 bếp, 2 pha chế");
INSERT INTO property VALUES("9","Thau","7","cái","");
INSERT INTO property VALUES("10","Chén cơm","30","cái","");
INSERT INTO property VALUES("11","Chén nước mắm","30","cái","");
INSERT INTO property VALUES("12","Chén cơm","30","cái","");
INSERT INTO property VALUES("13","Vá","8","cái","3 nhựa, 2 xẻng, 1 gỗ, 2 inox");
INSERT INTO property VALUES("14","Dĩa lớn","30","cái","");
INSERT INTO property VALUES("15","Dĩa nhỏ sâu","20","cái","");
INSERT INTO property VALUES("16","Dĩa nhỏ","20","cái","");
INSERT INTO property VALUES("17","Tô nhỏ","10","cái","");
INSERT INTO property VALUES("18","Phin cà phê nhỏ","20","cái","");
INSERT INTO property VALUES("19","Phin cà phê lớn","2","cái","");
INSERT INTO property VALUES("20","Muỗng","26","cáI","6 nhỏ - 20 dài - 20 màu");
INSERT INTO property VALUES("21","Chai nắp bự","10","chai","");
INSERT INTO property VALUES("22","Chai nắp nhỏ","10","chai","");
INSERT INTO property VALUES("23","Ly thố","12","cái","");
INSERT INTO property VALUES("24","Ly có quai","12","cái","");
INSERT INTO property VALUES("25","Ly dẹo","12","cái","");
INSERT INTO property VALUES("26","Ly uống trà","40","cái","");
INSERT INTO property VALUES("27","Bình trà lớn","2","cái","");
INSERT INTO property VALUES("28","Hủ tiêu inox","3","cái","");
INSERT INTO property VALUES("29","Thố ống khói","1","cái","");
INSERT INTO property VALUES("30","Ly chữ V","1","cái","");
INSERT INTO property VALUES("31","Ly tulip","1","cái","");
INSERT INTO property VALUES("32","Ly ống khói","1","cái","");
INSERT INTO property VALUES("33","Ly cà phê","12","cái","thủy tinh cao");
INSERT INTO property VALUES("34","Ly sứ trà","10","cái","");
INSERT INTO property VALUES("35","Cây đánh cà phê","2","cái","");
INSERT INTO property VALUES("36","Hủ đường","5","cái","Sứ trắng + nắp + muỗng");
INSERT INTO property VALUES("37","Đòn","5","cái","");
INSERT INTO property VALUES("38","Miếng lót ly","40","cái","20 nâu + 20 đen");
INSERT INTO property VALUES("39","Đồ ghim order","3","cái","");
INSERT INTO property VALUES("40","Máy ép","1","cái","");
INSERT INTO property VALUES("41","Máy xay sinh tố","2","cái","");
INSERT INTO property VALUES("42","Máy vắt cam","1","cái","");
INSERT INTO property VALUES("43","Hũ thủy tinh nắp gỗ","4","cái","");
INSERT INTO property VALUES("44","Hũ thủy tinh nắp thủy tinh","4","cái","3 lớn, 1 nhỏ");
INSERT INTO property VALUES("45","Bình kem xịt","1","Bình","");
INSERT INTO property VALUES("46","Ca nhựa nắp đỏ","1","cái","");
INSERT INTO property VALUES("47","Ấm điện","1","cái","");
INSERT INTO property VALUES("48","Kẹp menu cơm","4","cái","");
INSERT INTO property VALUES("49","Bình trà chia vạch","1","cái","");
INSERT INTO property VALUES("50","Khay","3","cái","2 tròn 1 vuông");
INSERT INTO property VALUES("51","Máy tính tiền","1","cái","");
INSERT INTO property VALUES("52","Vòi nhấn","4","cái","");
INSERT INTO property VALUES("53","Camera","2","cái","");
INSERT INTO property VALUES("54","Ghế cao","8","cái","");
INSERT INTO property VALUES("55","Ghế vuông lùn","15","cái","5 trắng, 10 đen");
INSERT INTO property VALUES("56","Ghế kiểu","11","cái","7 đen, 4 đỏ");
INSERT INTO property VALUES("57","Bàn cao","3","cái","");
INSERT INTO property VALUES("58","Bàn thấp","8","cái","");
INSERT INTO property VALUES("59","Bàn tròn","4","cái","");
INSERT INTO property VALUES("60","Đèn dây bộ 3 bóng","7","bộ","3 đen, 2 xanh, 2 tím");
INSERT INTO property VALUES("61","Đèn dĩa bay","10","cái","");
INSERT INTO property VALUES("62","Loa","4","cái","");
INSERT INTO property VALUES("63","Tivi","1","","cái");
INSERT INTO property VALUES("64","Đèn rọi tường","12","cái","");
INSERT INTO property VALUES("65","Đồng hồ con công","2","cái","");
INSERT INTO property VALUES("66","Đồng hồ cát","2","cái","");
INSERT INTO property VALUES("67","xe kiểu Vespa ","1","cái","");
INSERT INTO property VALUES("68","Hủ sao điều ước","6","cái","3 lớn, 3 nhỏ");
INSERT INTO property VALUES("69","Hủ gia vị 3 màu","3","bộ","3 cái 1 bộ");
INSERT INTO property VALUES("70","Aó cổ tròn đồng phục","10","áo","size S, M");
INSERT INTO property VALUES("71","Cây muỗng nĩa dài","1","cái","");
INSERT INTO property VALUES("72","Gắp đá","2","cái","1 2.5T, 1 1T");
INSERT INTO property VALUES("73","Khăn lau nhà","2","cái","");
INSERT INTO property VALUES("74","Cây lau nhà","1","bộ","");
INSERT INTO property VALUES("75","Chổi quét bụi nhiệt","1","cái","");
INSERT INTO property VALUES("76","Gạt tàn","2","cái","");
INSERT INTO property VALUES("77","Tủ đông","1","cái","");
INSERT INTO property VALUES("78","Nồi cơm điện","1","cái","");
INSERT INTO property VALUES("79","Bếp gas Queen house","1","cái","");
INSERT INTO property VALUES("80","Bồn nước rửa ","2","cái","");
INSERT INTO property VALUES("81","Vòi nước","2","cái","");
INSERT INTO property VALUES("82","Cối chày","1","bộ","");
INSERT INTO property VALUES("83","Sọt rác","1","cái","");
INSERT INTO property VALUES("84","Khuôn bánh","1","cái","");
INSERT INTO property VALUES("85","Sách","15","cuốn","");
INSERT INTO property VALUES("86","Bút hoa","13","cây","");



DROP TABLE supplier;

CREATE TABLE `supplier` (
  `id` int(11) NOT NULL AUTO_INCREMENT,
  `phone` varchar(50) COLLATE utf8_unicode_ci NOT NULL,
  `mobile` varchar(50) COLLATE utf8_unicode_ci NOT NULL,
  `addr` longtext COLLATE utf8_unicode_ci NOT NULL,
  `company_name` longtext COLLATE utf8_unicode_ci NOT NULL,
  `contact_name` longtext COLLATE utf8_unicode_ci NOT NULL,
  `email` varchar(50) COLLATE utf8_unicode_ci NOT NULL,
  `suplier_for` varchar(10) COLLATE utf8_unicode_ci NOT NULL,
  `isdelete` int(11) NOT NULL,
  PRIMARY KEY (`id`)
) ENGINE=InnoDB AUTO_INCREMENT=13 DEFAULT CHARSET=utf8 COLLATE=utf8_unicode_ci;

INSERT INTO supplier VALUES("1","","0974980890","Sản phẩm Nhật Bản","Greentea shop","Greentea shop","greenteashop@gmail.com","0","1");
INSERT INTO supplier VALUES("2","1","1","1","hcc","1","1","0","1");
INSERT INTO supplier VALUES("3","2","2","2","cc2","2","2","0","1");
INSERT INTO supplier VALUES("4","","","","Siêu thị BigC","Siêu thị BigC","","0","0");
INSERT INTO supplier VALUES("5","","090 681 98 18","","Cửa hàng ThaTy","Cửa hàng ThaTy","","0","0");
INSERT INTO supplier VALUES("6","","0906743103","","Cửa hàng Quang Mai","Cửa hàng Quang Mai","","0","0");
INSERT INTO supplier VALUES("7","","0974980890","","Greentea shop","Greentea shop","","0","0");
INSERT INTO supplier VALUES("8","","","","Chợ","Chợ","","0","0");
INSERT INTO supplier VALUES("9","","","","Minh Huy","Minh Huy","","0","0");
INSERT INTO supplier VALUES("10","0839141318","","","Phương Hà","Phương Hà","","0","0");
INSERT INTO supplier VALUES("11","39521025","","","Chợ","Sạp 676 - Ngọc Ánh","","0","0");
INSERT INTO supplier VALUES("12","66848491","66848491","47 Hồ bá kiện","Kaffa","Kaffa","kaffa@gmail.com","0","0");



DROP TABLE supplier_for;

CREATE TABLE `supplier_for` (
  `id` int(11) NOT NULL AUTO_INCREMENT,
  `suppiler_id` int(11) NOT NULL,
  `supplier_item` int(11) NOT NULL,
  PRIMARY KEY (`id`)
) ENGINE=InnoDB AUTO_INCREMENT=570 DEFAULT CHARSET=utf8 COLLATE=utf8_unicode_ci;

INSERT INTO supplier_for VALUES("6","2","2");
INSERT INTO supplier_for VALUES("7","3","4");
INSERT INTO supplier_for VALUES("8","1","7");
INSERT INTO supplier_for VALUES("79","7","7");
INSERT INTO supplier_for VALUES("251","9","15");
INSERT INTO supplier_for VALUES("252","9","16");
INSERT INTO supplier_for VALUES("334","6","1");
INSERT INTO supplier_for VALUES("335","6","4");
INSERT INTO supplier_for VALUES("336","6","5");
INSERT INTO supplier_for VALUES("337","6","6");
INSERT INTO supplier_for VALUES("338","6","9");
INSERT INTO supplier_for VALUES("339","6","12");
INSERT INTO supplier_for VALUES("340","6","14");
INSERT INTO supplier_for VALUES("341","6","18");
INSERT INTO supplier_for VALUES("342","6","42");
INSERT INTO supplier_for VALUES("343","6","44");
INSERT INTO supplier_for VALUES("344","6","49");
INSERT INTO supplier_for VALUES("345","6","77");
INSERT INTO supplier_for VALUES("346","6","78");
INSERT INTO supplier_for VALUES("347","4","1");
INSERT INTO supplier_for VALUES("348","4","4");
INSERT INTO supplier_for VALUES("349","4","5");
INSERT INTO supplier_for VALUES("350","4","6");
INSERT INTO supplier_for VALUES("351","4","9");
INSERT INTO supplier_for VALUES("352","4","12");
INSERT INTO supplier_for VALUES("353","4","14");
INSERT INTO supplier_for VALUES("354","4","18");
INSERT INTO supplier_for VALUES("355","4","42");
INSERT INTO supplier_for VALUES("356","4","44");
INSERT INTO supplier_for VALUES("357","4","49");
INSERT INTO supplier_for VALUES("358","4","51");
INSERT INTO supplier_for VALUES("359","4","53");
INSERT INTO supplier_for VALUES("360","4","54");
INSERT INTO supplier_for VALUES("361","4","55");
INSERT INTO supplier_for VALUES("362","4","56");
INSERT INTO supplier_for VALUES("363","4","57");
INSERT INTO supplier_for VALUES("364","4","58");
INSERT INTO supplier_for VALUES("365","4","59");
INSERT INTO supplier_for VALUES("366","4","60");
INSERT INTO supplier_for VALUES("367","4","61");
INSERT INTO supplier_for VALUES("368","4","77");
INSERT INTO supplier_for VALUES("369","4","80");
INSERT INTO supplier_for VALUES("370","5","8");
INSERT INTO supplier_for VALUES("371","5","10");
INSERT INTO supplier_for VALUES("372","5","11");
INSERT INTO supplier_for VALUES("373","5","13");
INSERT INTO supplier_for VALUES("374","5","19");
INSERT INTO supplier_for VALUES("375","5","20");
INSERT INTO supplier_for VALUES("376","5","21");
INSERT INTO supplier_for VALUES("377","5","22");
INSERT INTO supplier_for VALUES("378","5","23");
INSERT INTO supplier_for VALUES("379","5","24");
INSERT INTO supplier_for VALUES("380","5","25");
INSERT INTO supplier_for VALUES("381","5","26");
INSERT INTO supplier_for VALUES("382","5","27");
INSERT INTO supplier_for VALUES("383","5","28");
INSERT INTO supplier_for VALUES("384","5","29");
INSERT INTO supplier_for VALUES("385","5","30");
INSERT INTO supplier_for VALUES("386","5","31");
INSERT INTO supplier_for VALUES("387","5","32");
INSERT INTO supplier_for VALUES("388","5","33");
INSERT INTO supplier_for VALUES("389","5","35");
INSERT INTO supplier_for VALUES("390","5","36");
INSERT INTO supplier_for VALUES("391","5","37");
INSERT INTO supplier_for VALUES("392","5","39");
INSERT INTO supplier_for VALUES("393","5","40");
INSERT INTO supplier_for VALUES("394","5","41");
INSERT INTO supplier_for VALUES("395","5","46");
INSERT INTO supplier_for VALUES("396","5","48");
INSERT INTO supplier_for VALUES("397","5","64");
INSERT INTO supplier_for VALUES("398","5","65");
INSERT INTO supplier_for VALUES("399","5","66");
INSERT INTO supplier_for VALUES("400","5","67");
INSERT INTO supplier_for VALUES("401","5","68");
INSERT INTO supplier_for VALUES("402","5","69");
INSERT INTO supplier_for VALUES("403","5","75");
INSERT INTO supplier_for VALUES("404","5","76");
INSERT INTO supplier_for VALUES("405","5","81");
INSERT INTO supplier_for VALUES("406","5","82");
INSERT INTO supplier_for VALUES("407","8","51");
INSERT INTO supplier_for VALUES("408","8","52");
INSERT INTO supplier_for VALUES("409","8","53");
INSERT INTO supplier_for VALUES("410","8","54");
INSERT INTO supplier_for VALUES("411","8","55");
INSERT INTO supplier_for VALUES("412","8","56");
INSERT INTO supplier_for VALUES("413","8","57");
INSERT INTO supplier_for VALUES("414","8","58");
INSERT INTO supplier_for VALUES("415","8","59");
INSERT INTO supplier_for VALUES("416","8","60");
INSERT INTO supplier_for VALUES("417","8","61");
INSERT INTO supplier_for VALUES("418","8","70");
INSERT INTO supplier_for VALUES("419","8","71");
INSERT INTO supplier_for VALUES("420","8","72");
INSERT INTO supplier_for VALUES("421","8","73");
INSERT INTO supplier_for VALUES("422","8","83");
INSERT INTO supplier_for VALUES("423","10","75");
INSERT INTO supplier_for VALUES("424","10","76");
INSERT INTO supplier_for VALUES("425","10","84");
INSERT INTO supplier_for VALUES("517","11","1");
INSERT INTO supplier_for VALUES("518","11","4");
INSERT INTO supplier_for VALUES("519","11","6");
INSERT INTO supplier_for VALUES("520","11","8");
INSERT INTO supplier_for VALUES("521","11","9");
INSERT INTO supplier_for VALUES("522","11","13");
INSERT INTO supplier_for VALUES("523","11","14");
INSERT INTO supplier_for VALUES("524","11","17");
INSERT INTO supplier_for VALUES("525","11","19");
INSERT INTO supplier_for VALUES("526","11","20");
INSERT INTO supplier_for VALUES("527","11","21");
INSERT INTO supplier_for VALUES("528","11","22");
INSERT INTO supplier_for VALUES("529","11","23");
INSERT INTO supplier_for VALUES("530","11","24");
INSERT INTO supplier_for VALUES("531","11","25");
INSERT INTO supplier_for VALUES("532","11","26");
INSERT INTO supplier_for VALUES("533","11","27");
INSERT INTO supplier_for VALUES("534","11","28");
INSERT INTO supplier_for VALUES("535","11","29");
INSERT INTO supplier_for VALUES("536","11","30");
INSERT INTO supplier_for VALUES("537","11","31");
INSERT INTO supplier_for VALUES("538","11","32");
INSERT INTO supplier_for VALUES("539","11","33");
INSERT INTO supplier_for VALUES("540","11","35");
INSERT INTO supplier_for VALUES("541","11","36");
INSERT INTO supplier_for VALUES("542","11","37");
INSERT INTO supplier_for VALUES("543","11","39");
INSERT INTO supplier_for VALUES("544","11","40");
INSERT INTO supplier_for VALUES("545","11","42");
INSERT INTO supplier_for VALUES("546","11","46");
INSERT INTO supplier_for VALUES("547","11","48");
INSERT INTO supplier_for VALUES("548","11","64");
INSERT INTO supplier_for VALUES("549","11","65");
INSERT INTO supplier_for VALUES("550","11","66");
INSERT INTO supplier_for VALUES("551","11","67");
INSERT INTO supplier_for VALUES("552","11","68");
INSERT INTO supplier_for VALUES("553","11","69");
INSERT INTO supplier_for VALUES("554","11","70");
INSERT INTO supplier_for VALUES("555","11","71");
INSERT INTO supplier_for VALUES("556","11","72");
INSERT INTO supplier_for VALUES("557","11","73");
INSERT INTO supplier_for VALUES("558","11","74");
INSERT INTO supplier_for VALUES("559","11","75");
INSERT INTO supplier_for VALUES("560","11","76");
INSERT INTO supplier_for VALUES("561","11","77");
INSERT INTO supplier_for VALUES("562","11","85");
INSERT INTO supplier_for VALUES("563","11","86");
INSERT INTO supplier_for VALUES("567","12","87");
INSERT INTO supplier_for VALUES("568","12","88");
INSERT INTO supplier_for VALUES("569","12","89");



DROP TABLE supplier_item;

CREATE TABLE `supplier_item` (
  `id` int(11) NOT NULL AUTO_INCREMENT,
  `value` longtext COLLATE utf8_unicode_ci NOT NULL,
  `isdelete` int(11) NOT NULL,
  PRIMARY KEY (`id`)
) ENGINE=InnoDB AUTO_INCREMENT=90 DEFAULT CHARSET=utf8 COLLATE=utf8_unicode_ci;

INSERT INTO supplier_item VALUES("1","Trà lipton","0");
INSERT INTO supplier_item VALUES("2","Syrup Tess","1");
INSERT INTO supplier_item VALUES("3","Mứt","0");
INSERT INTO supplier_item VALUES("4","Đường que","0");
INSERT INTO supplier_item VALUES("5","Sữa yomost","0");
INSERT INTO supplier_item VALUES("6","Cosy","0");
INSERT INTO supplier_item VALUES("7","Bột trà xanh Nhật Bản","0");
INSERT INTO supplier_item VALUES("8","Cà phê","0");
INSERT INTO supplier_item VALUES("9","Sữa đặc","0");
INSERT INTO supplier_item VALUES("10","Bột trà xanh","0");
INSERT INTO supplier_item VALUES("11","Bột ca cao","0");
INSERT INTO supplier_item VALUES("12","Đường","0");
INSERT INTO supplier_item VALUES("13","Bột kem béo","0");
INSERT INTO supplier_item VALUES("14","Bánh Cookie","0");
INSERT INTO supplier_item VALUES("15","Trà lài","0");
INSERT INTO supplier_item VALUES("16","Trà sâm dứa","0");
INSERT INTO supplier_item VALUES("17","Topping cốm","0");
INSERT INTO supplier_item VALUES("18","Soda","0");
INSERT INTO supplier_item VALUES("19","Syrup coconut","0");
INSERT INTO supplier_item VALUES("20","Syrup Raspberry","0");
INSERT INTO supplier_item VALUES("21","Syrup Green mint","0");
INSERT INTO supplier_item VALUES("22","Syrup Colada","0");
INSERT INTO supplier_item VALUES("23","Syrup watermelon","0");
INSERT INTO supplier_item VALUES("24","Syrup Le \"Blue\"","0");
INSERT INTO supplier_item VALUES("25","Syrup Strawberry","0");
INSERT INTO supplier_item VALUES("26","Syrup Blueberry","0");
INSERT INTO supplier_item VALUES("27","Syrup Mojito","0");
INSERT INTO supplier_item VALUES("28","Syrup green apple","0");
INSERT INTO supplier_item VALUES("29","Syrup dưa lưới","0");
INSERT INTO supplier_item VALUES("30","Syrup Hazennut","0");
INSERT INTO supplier_item VALUES("31","Mứt dứa-xoài","0");
INSERT INTO supplier_item VALUES("32","Mứt Kiwwi","0");
INSERT INTO supplier_item VALUES("33","Mứt Đào","0");
INSERT INTO supplier_item VALUES("34","","1");
INSERT INTO supplier_item VALUES("35","Mứt chanh dây","0");
INSERT INTO supplier_item VALUES("36","Mứt việt quất","0");
INSERT INTO supplier_item VALUES("37","Mứt phúc bồn tử","0");
INSERT INTO supplier_item VALUES("38","Mứt Nho đen","1");
INSERT INTO supplier_item VALUES("39","Mứt Nho đen","0");
INSERT INTO supplier_item VALUES("40","Syrup socola flavor","0");
INSERT INTO supplier_item VALUES("41","Cà phê hột","0");
INSERT INTO supplier_item VALUES("42","sữa chua","0");
INSERT INTO supplier_item VALUES("43","Syrup Torani","1");
INSERT INTO supplier_item VALUES("44","Mì gói","0");
INSERT INTO supplier_item VALUES("45","","1");
INSERT INTO supplier_item VALUES("46","syrup dâu","0");
INSERT INTO supplier_item VALUES("47","","1");
INSERT INTO supplier_item VALUES("48","syrup bạc hà","0");
INSERT INTO supplier_item VALUES("49","Mỳ Ý","0");
INSERT INTO supplier_item VALUES("50","Cam","1");
INSERT INTO supplier_item VALUES("51","Táo","0");
INSERT INTO supplier_item VALUES("52","Cam","0");
INSERT INTO supplier_item VALUES("53","Bưởi","0");
INSERT INTO supplier_item VALUES("54","Ổi","0");
INSERT INTO supplier_item VALUES("55","Thơm","0");
INSERT INTO supplier_item VALUES("56","Chanh dây","0");
INSERT INTO supplier_item VALUES("57","Cà rốt","0");
INSERT INTO supplier_item VALUES("58","Dâu","0");
INSERT INTO supplier_item VALUES("59","Xoài","0");
INSERT INTO supplier_item VALUES("60","Chuối","0");
INSERT INTO supplier_item VALUES("61","Mật ong","0");
INSERT INTO supplier_item VALUES("62","Mật ong","1");
INSERT INTO supplier_item VALUES("63","Đào miếng","0");
INSERT INTO supplier_item VALUES("64","Syrup watermelon","0");
INSERT INTO supplier_item VALUES("65","Syrup Blueberry","0");
INSERT INTO supplier_item VALUES("66","Mứt Phúc bồn tử","0");
INSERT INTO supplier_item VALUES("67","Mứt Kiwi","0");
INSERT INTO supplier_item VALUES("68","Mứt Việt Quất","0");
INSERT INTO supplier_item VALUES("69","Sốt Cramel","0");
INSERT INTO supplier_item VALUES("70","Cosy- Hồng Trà","0");
INSERT INTO supplier_item VALUES("71","Cosy - Dâu","0");
INSERT INTO supplier_item VALUES("72","Cosy - Bạc hà","0");
INSERT INTO supplier_item VALUES("73","Cosy - Đào","0");
INSERT INTO supplier_item VALUES("74","Bánh oreo","0");
INSERT INTO supplier_item VALUES("75","Kem béo Rich","0");
INSERT INTO supplier_item VALUES("76","Base topping","0");
INSERT INTO supplier_item VALUES("77","Yogurt Vinamilk","0");
INSERT INTO supplier_item VALUES("78","Sữa Tươi","0");
INSERT INTO supplier_item VALUES("79","Chuối","0");
INSERT INTO supplier_item VALUES("80","7up","0");
INSERT INTO supplier_item VALUES("81","Thạch trà xanh","0");
INSERT INTO supplier_item VALUES("82","Thạch cà phê","0");
INSERT INTO supplier_item VALUES("83","Dâu","0");
INSERT INTO supplier_item VALUES("84","Trà xanh nguyên chất","0");
INSERT INTO supplier_item VALUES("85","Gas bình xịt","0");
INSERT INTO supplier_item VALUES("86","Choco chip","0");
INSERT INTO supplier_item VALUES("87","Yogurt hủ thủy tinh","0");
INSERT INTO supplier_item VALUES("88","Rau câu","0");
INSERT INTO supplier_item VALUES("89","Bút hoa","0");



DROP TABLE surtax;

CREATE TABLE `surtax` (
  `id` int(5) NOT NULL AUTO_INCREMENT,
  `name` varchar(255) COLLATE utf8_unicode_ci NOT NULL,
  `value` varchar(255) COLLATE utf8_unicode_ci NOT NULL,
  `type` varchar(100) COLLATE utf8_unicode_ci NOT NULL,
  PRIMARY KEY (`id`)
) ENGINE=InnoDB AUTO_INCREMENT=2 DEFAULT CHARSET=utf8 COLLATE=utf8_unicode_ci;

INSERT INTO surtax VALUES("1","Quốc tế thiếu nhi","15000","cash");



DROP TABLE transaction;

CREATE TABLE `transaction` (
  `id` int(5) NOT NULL AUTO_INCREMENT,
  `menu_store_id` int(5) NOT NULL,
  `action` varchar(100) COLLATE utf8_unicode_ci NOT NULL,
  `quantity` double NOT NULL,
  `unit` varchar(10) COLLATE utf8_unicode_ci NOT NULL,
  `date` varchar(100) COLLATE utf8_unicode_ci NOT NULL,
  `note` longtext COLLATE utf8_unicode_ci,
  `cost` double NOT NULL,
  `supplier` int(11) NOT NULL,
  `store` varchar(11) COLLATE utf8_unicode_ci NOT NULL,
  `order_id` int(11) NOT NULL,
  PRIMARY KEY (`id`)
) ENGINE=InnoDB AUTO_INCREMENT=1995 DEFAULT CHARSET=utf8 COLLATE=utf8_unicode_ci;

INSERT INTO transaction VALUES("1","15","N","1665","ML","1418092939","Nhập hàng","0","0","sub","0");
INSERT INTO transaction VALUES("2","17","X","-1665","ML","1418092939","Insert sub store","0","0","main","0");
INSERT INTO transaction VALUES("3","17","N","1665","ML","1418092939","Nhập hàng","132000","11","main","0");
INSERT INTO transaction VALUES("4","14","N","1810","ML","1418093036","Nhập hàng","0","0","sub","0");
INSERT INTO transaction VALUES("5","16","X","-1810","ML","1418093036","Insert sub store","0","0","main","0");
INSERT INTO transaction VALUES("6","16","N","1810","ML","1418093036","Nhập hàng","143000","11","main","0");
INSERT INTO transaction VALUES("7","13","N","1575","ML","1418093098","Nhập hàng","0","0","sub","0");
INSERT INTO transaction VALUES("8","15","X","-1575","ML","1418093098","Insert sub store","0","0","main","0");
INSERT INTO transaction VALUES("9","15","N","1575","ML","1418093098","Nhập hàng","135000","11","main","0");
INSERT INTO transaction VALUES("10","12","N","800","ML","1418093577","Nhập hàng","0","0","sub","0");
INSERT INTO transaction VALUES("11","14","X","-800","ML","1418093577","Insert sub store","0","0","main","0");
INSERT INTO transaction VALUES("12","14","N","800","ML","1418093577","Nhập hàng","30000","11","main","0");
INSERT INTO transaction VALUES("13","11","N","1100","ML","1418093847","Nhập hàng","0","0","sub","0");
INSERT INTO transaction VALUES("14","13","X","-1100","ML","1418093847","Insert sub store","0","0","main","0");
INSERT INTO transaction VALUES("15","13","N","1100","ML","1418093847","Nhập hàng","170000","11","main","0");
INSERT INTO transaction VALUES("16","10","N","425","ML","1418093933","Nhập hàng","0","0","sub","0");
INSERT INTO transaction VALUES("17","12","X","-425","ML","1418093933","Insert sub store","0","0","main","0");
INSERT INTO transaction VALUES("18","12","N","425","ML","1418093933","Nhập hàng","85000","11","main","0");
INSERT INTO transaction VALUES("19","9","N","300","ML","1418093992","Nhập hàng","0","0","sub","0");
INSERT INTO transaction VALUES("20","11","X","-300","ML","1418093992","Insert sub store","0","0","main","0");
INSERT INTO transaction VALUES("21","11","N","300","ML","1418093992","Nhập hàng","85000","11","main","0");
INSERT INTO transaction VALUES("22","8","N","1390","ML","1418094048","Nhập hàng","0","0","sub","0");
INSERT INTO transaction VALUES("23","10","X","-1390","ML","1418094048","Insert sub store","0","0","main","0");
INSERT INTO transaction VALUES("24","10","N","1390","ML","1418094048","Nhập hàng","90000","11","main","0");
INSERT INTO transaction VALUES("25","7","N","2700","ML","1418094183","Nhập hàng","0","0","sub","0");
INSERT INTO transaction VALUES("26","9","X","-27000","ML","1418094183","Insert sub store","0","0","main","0");
INSERT INTO transaction VALUES("27","9","N","27000","ML","1418094183","Nhập hàng","195000","11","main","0");
INSERT INTO transaction VALUES("28","6","N","800","ML","1418095176","Nhập hàng","0","0","sub","0");
INSERT INTO transaction VALUES("29","8","X","-800","ML","1418095176","Insert sub store","0","0","main","0");
INSERT INTO transaction VALUES("30","8","N","800","ML","1418095176","Nhập hàng","160000","11","main","0");
INSERT INTO transaction VALUES("31","19","N","950","ML","1418095497","Nhập hàng","0","0","sub","0");
INSERT INTO transaction VALUES("32","21","X","-950","ML","1418095497","Insert sub store","0","0","main","0");
INSERT INTO transaction VALUES("33","21","N","950","ML","1418095497","Nhập hàng","40000","11","main","0");
INSERT INTO transaction VALUES("34","28","N","200","Goi","1418097331","Nhập hàng","0","0","sub","0");
INSERT INTO transaction VALUES("35","31","X","-200","Goi","1418097331","Insert sub store","0","0","main","0");
INSERT INTO transaction VALUES("36","31","N","200","Goi","1418097331","Nhập hàng","60000","11","main","0");
INSERT INTO transaction VALUES("37","28","x","-20","Goi","1418097331","xuat","0","0","sub","0");
INSERT INTO transaction VALUES("38","15","x","-465","ML","1418092939","xuat","0","0","sub","0");
INSERT INTO transaction VALUES("39","14","x","-510","ML","1418093036","xu?t","0","0","sub","0");
INSERT INTO transaction VALUES("40","13","x","75","ML","1418093098","xu?t","0","0","sub","0");
INSERT INTO transaction VALUES("41","12","x","-200","ML","1418093577","xu?t","0","0","sub","0");
INSERT INTO transaction VALUES("42","11","x","-470","ML","1418093847","xu?t","0","0","sub","0");
INSERT INTO transaction VALUES("43","10","x","-125","ML","1418093933","xuat","0","0","sub","0");
INSERT INTO transaction VALUES("44","8","x","-890","ML","1418094048","xuat","0","0","sub","0");
INSERT INTO transaction VALUES("45","7","x","-1000","ML","1418094183","xuat","0","0","sub","0");
INSERT INTO transaction VALUES("46","6","x","-200","ML","1418095176","xuat","0","0","sub","0");
INSERT INTO transaction VALUES("47","21","N","24000","ML","1418099395","Nhập hàng","0","0","sub","0");
INSERT INTO transaction VALUES("48","23","X","-24000","ML","1418099395","Insert sub store","0","0","main","0");
INSERT INTO transaction VALUES("49","23","N","24000","ML","1418099395","Nhập hàng","1296000","11","main","0");
INSERT INTO transaction VALUES("50","21","x","-15500","ML","1418099395","xuat","0","0","sub","0");
INSERT INTO transaction VALUES("51","20","N","1990","G","1418099740","Nhập hàng","0","0","sub","0");
INSERT INTO transaction VALUES("52","22","X","-1990","G","1418099740","Insert sub store","0","0","main","0");
INSERT INTO transaction VALUES("53","22","N","1990","G","1418099740","Nhập hàng","1000000","7","main","0");
INSERT INTO transaction VALUES("54","20","x","-340","G","1418099740","xu?t","0","0","sub","0");
INSERT INTO transaction VALUES("72","19","x","-650","ML","1418095497","xuat","0","0","sub","0");
INSERT INTO transaction VALUES("73","18","N","1625","ML","1418100455","Nhập hàng","0","0","sub","0");
INSERT INTO transaction VALUES("74","20","X","-1625","ML","1418100455","Insert sub store","0","0","main","0");
INSERT INTO transaction VALUES("75","20","N","1625","ML","1418100455","Nhập hàng","100000","5","main","0");
INSERT INTO transaction VALUES("77","29","N","100","Goi","1418100837","Nhập hàng","0","0","sub","0");
INSERT INTO transaction VALUES("78","32","X","-100","Goi","1418100837","Insert sub store","0","0","main","0");
INSERT INTO transaction VALUES("79","32","N","100","Goi","1418100837","Nhập hàng","110000","4","main","0");
INSERT INTO transaction VALUES("80","29","x","-64","Goi","1418100837","xuat","0","0","sub","0");
INSERT INTO transaction VALUES("81","27","N","1190","ML","1418101222","Nhập hàng","0","0","sub","0");
INSERT INTO transaction VALUES("82","29","X","-1190","ML","1418101222","Insert sub store","0","0","main","0");
INSERT INTO transaction VALUES("83","29","N","1190","ML","1418101222","Nhập hàng","100000","4","main","0");
INSERT INTO transaction VALUES("84","53","X","-6","Trai","1418101312","{\"orderID\":\"1046\",\"orderDetailId\":3199}","0","0","sub","1046");
INSERT INTO transaction VALUES("85","46","X","-30","ML","1418101312","{\"orderID\":\"1046\",\"orderDetailId\":3199}","0","0","sub","1046");
INSERT INTO transaction VALUES("86","21","X","-20","ML","1418101312","{\"orderID\":\"1046\",\"orderDetailId\":3199}","0","0","sub","1046");
INSERT INTO transaction VALUES("87","18","X","-15","ML","1418101312","{\"orderID\":\"1046\",\"orderDetailId\":3199}","0","0","sub","1046");
INSERT INTO transaction VALUES("88","46","X","-50","ML","1418101312","{\"orderID\":\"1046\",\"orderDetailId\":3200}","0","0","sub","1046");
INSERT INTO transaction VALUES("89","22","X","-12","G","1418101312","{\"orderID\":\"1046\",\"orderDetailId\":3200}","0","0","sub","1046");
INSERT INTO transaction VALUES("90","56","X","-10","G","1418101312","{\"orderID\":\"1046\",\"orderDetailId\":3200}","0","0","sub","1046");
INSERT INTO transaction VALUES("91","21","X","-30","ML","1418101312","{\"orderID\":\"1046\",\"orderDetailId\":3200}","0","0","sub","1046");
INSERT INTO transaction VALUES("92","43","X","-22.5","ML","1418101312","{\"orderID\":\"1046\",\"orderDetailId\":3200}","0","0","sub","1046");
INSERT INTO transaction VALUES("93","44","X","-22.5","ML","1418101312","{\"orderID\":\"1046\",\"orderDetailId\":3200}","0","0","sub","1046");
INSERT INTO transaction VALUES("94","0","X","-0","","1418101312","{\"orderID\":\"1046\",\"orderDetailId\":3200}","0","0","sub","1046");
INSERT INTO transaction VALUES("95","5","X","-30","ML","1418101312","{\"orderID\":\"1046\",\"orderDetailId\":3201}","0","0","sub","1046");
INSERT INTO transaction VALUES("96","4","X","-30","ML","1418101312","{\"orderID\":\"1046\",\"orderDetailId\":3201}","0","0","sub","1046");
INSERT INTO transaction VALUES("97","18","X","-30","ML","1418101312","{\"orderID\":\"1046\",\"orderDetailId\":3201}","0","0","sub","1046");
INSERT INTO transaction VALUES("98","43","X","-22.5","ML","1418101312","{\"orderID\":\"1046\",\"orderDetailId\":3201}","0","0","sub","1046");
INSERT INTO transaction VALUES("99","44","X","-22.5","ML","1418101312","{\"orderID\":\"1046\",\"orderDetailId\":3201}","0","0","sub","1046");
INSERT INTO transaction VALUES("100","52","X","-150","ML","1418101312","{\"orderID\":\"1046\",\"orderDetailId\":3201}","0","0","sub","1046");
INSERT INTO transaction VALUES("101","53","X","-6","Trai","1418101445","{\"orderID\":1047,\"orderDetailId\":3203}","0","0","sub","1047");
INSERT INTO transaction VALUES("102","46","X","-30","ML","1418101445","{\"orderID\":1047,\"orderDetailId\":3203}","0","0","sub","1047");
INSERT INTO transaction VALUES("103","21","X","-20","ML","1418101445","{\"orderID\":1047,\"orderDetailId\":3203}","0","0","sub","1047");
INSERT INTO transaction VALUES("104","18","X","-15","ML","1418101445","{\"orderID\":1047,\"orderDetailId\":3203}","0","0","sub","1047");
INSERT INTO transaction VALUES("105","46","X","-50","ML","1418101445","{\"orderID\":1047,\"orderDetailId\":3204}","0","0","sub","1047");
INSERT INTO transaction VALUES("106","22","X","-12","G","1418101445","{\"orderID\":1047,\"orderDetailId\":3204}","0","0","sub","1047");
INSERT INTO transaction VALUES("107","56","X","-10","G","1418101445","{\"orderID\":1047,\"orderDetailId\":3204}","0","0","sub","1047");
INSERT INTO transaction VALUES("108","21","X","-30","ML","1418101445","{\"orderID\":1047,\"orderDetailId\":3204}","0","0","sub","1047");
INSERT INTO transaction VALUES("109","43","X","-22.5","ML","1418101445","{\"orderID\":1047,\"orderDetailId\":3204}","0","0","sub","1047");
INSERT INTO transaction VALUES("110","44","X","-22.5","ML","1418101445","{\"orderID\":1047,\"orderDetailId\":3204}","0","0","sub","1047");
INSERT INTO transaction VALUES("111","0","X","-0","","1418101445","{\"orderID\":1047,\"orderDetailId\":3204}","0","0","sub","1047");
INSERT INTO transaction VALUES("112","5","X","-30","ML","1418101445","{\"orderID\":1047,\"orderDetailId\":3205}","0","0","sub","1047");
INSERT INTO transaction VALUES("113","4","X","-30","ML","1418101445","{\"orderID\":1047,\"orderDetailId\":3205}","0","0","sub","1047");
INSERT INTO transaction VALUES("114","18","X","-30","ML","1418101445","{\"orderID\":1047,\"orderDetailId\":3205}","0","0","sub","1047");
INSERT INTO transaction VALUES("115","43","X","-22.5","ML","1418101445","{\"orderID\":1047,\"orderDetailId\":3205}","0","0","sub","1047");
INSERT INTO transaction VALUES("116","44","X","-22.5","ML","1418101445","{\"orderID\":1047,\"orderDetailId\":3205}","0","0","sub","1047");
INSERT INTO transaction VALUES("117","52","X","-150","ML","1418101445","{\"orderID\":1047,\"orderDetailId\":3205}","0","0","sub","1047");
INSERT INTO transaction VALUES("124","60","X","-2","Hu","1418104528","{\"orderID\":\"1052\",\"orderDetailId\":3225}","0","0","sub","1052");
INSERT INTO transaction VALUES("125","60","X","-1","Hu","1418104791","{\"orderID\":1054,\"orderDetailId\":3226}","0","0","sub","1054");
INSERT INTO transaction VALUES("126","21","X","-50","ML","1418104913","{\"orderID\":\"1051\",\"orderDetailId\":3227}","0","0","sub","1051");
INSERT INTO transaction VALUES("127","35","X","-0.5","Trai","1418104913","{\"orderID\":\"1051\",\"orderDetailId\":3229}","0","0","sub","1051");
INSERT INTO transaction VALUES("128","21","X","-30","ML","1418104913","{\"orderID\":\"1051\",\"orderDetailId\":3229}","0","0","sub","1051");
INSERT INTO transaction VALUES("129","46","X","-35","ML","1418104913","{\"orderID\":\"1051\",\"orderDetailId\":3229}","0","0","sub","1051");
INSERT INTO transaction VALUES("130","60","X","-2","Hu","1418105066","{\"orderID\":\"1053\",\"orderDetailId\":3231}","0","0","sub","1053");
INSERT INTO transaction VALUES("131","21","X","-20","ML","1418107356","{\"orderID\":1056,\"orderDetailId\":3236}","0","0","sub","1056");
INSERT INTO transaction VALUES("132","23","X","-20","G","1418107356","{\"orderID\":1056,\"orderDetailId\":3236}","0","0","sub","1056");
INSERT INTO transaction VALUES("133","25","X","-20","G","1418107356","{\"orderID\":1056,\"orderDetailId\":3236}","0","0","sub","1056");
INSERT INTO transaction VALUES("134","39","X","-30","G","1418107356","{\"orderID\":1056,\"orderDetailId\":3236}","0","0","sub","1056");
INSERT INTO transaction VALUES("135","54","X","-8","Cai","1418107356","{\"orderID\":1056,\"orderDetailId\":3236}","0","0","sub","1056");
INSERT INTO transaction VALUES("136","43","X","-22.5","ML","1418107356","{\"orderID\":1056,\"orderDetailId\":3236}","0","0","sub","1056");
INSERT INTO transaction VALUES("137","44","X","-22.5","ML","1418107356","{\"orderID\":1056,\"orderDetailId\":3236}","0","0","sub","1056");
INSERT INTO transaction VALUES("138","30","X","-0.5","Trai","1418107356","{\"orderID\":1056,\"orderDetailId\":3237}","0","0","sub","1056");
INSERT INTO transaction VALUES("139","53","X","-3","Trai","1418107356","{\"orderID\":1056,\"orderDetailId\":3237}","0","0","sub","1056");
INSERT INTO transaction VALUES("140","47","X","-0.5","Trai","1418107356","{\"orderID\":1056,\"orderDetailId\":3237}","0","0","sub","1056");
INSERT INTO transaction VALUES("141","21","X","-20","ML","1418107356","{\"orderID\":1056,\"orderDetailId\":3237}","0","0","sub","1056");
INSERT INTO transaction VALUES("142","46","X","-30","ML","1418107356","{\"orderID\":1056,\"orderDetailId\":3237}","0","0","sub","1056");
INSERT INTO transaction VALUES("143","25","N","1020","G","1418109187","Nhập hàng","0","0","sub","0");
INSERT INTO transaction VALUES("144","27","X","-1020","G","1418109187","Insert sub store","0","0","main","0");
INSERT INTO transaction VALUES("145","27","N","1020","G","1418109187","Nhập hàng","100000","5","main","0");
INSERT INTO transaction VALUES("146","27","N","2000","G","1418109236","Nhập hàng","200000","5","main","0");
INSERT INTO transaction VALUES("147","23","N","3000","G","1418109582","Nhập hàng","0","0","sub","0");
INSERT INTO transaction VALUES("148","25","X","-3000","G","1418109582","Insert sub store","0","0","main","0");
INSERT INTO transaction VALUES("149","25","N","3000","G","1418109582","Nhập hàng","720000","5","main","0");
INSERT INTO transaction VALUES("150","23","X","-2080","G","1418107356","","0","0","sub","1056");
INSERT INTO transaction VALUES("151","22","N","2000","G","1418109831","Nhập hàng","0","0","sub","0");
INSERT INTO transaction VALUES("152","24","X","-2000","G","1418109831","Insert sub store","0","0","main","0");
INSERT INTO transaction VALUES("153","24","N","2000","G","1418109831","Nhập hàng","560000","5","main","0");
INSERT INTO transaction VALUES("159","22","X","-1480","G","1418101445","","0","0","sub","1047");
INSERT INTO transaction VALUES("160","21","X","-20","ML","1418110270","{\"orderID\":\"1057\",\"orderDetailId\":3243}","0","0","sub","1057");
INSERT INTO transaction VALUES("161","46","X","-50","ML","1418110270","{\"orderID\":\"1057\",\"orderDetailId\":3243}","0","0","sub","1057");
INSERT INTO transaction VALUES("162","39","X","-20","G","1418110270","{\"orderID\":\"1057\",\"orderDetailId\":3243}","0","0","sub","1057");
INSERT INTO transaction VALUES("163","29","X","-1","Goi","1418110270","{\"orderID\":\"1057\",\"orderDetailId\":3244}","0","0","sub","1057");
INSERT INTO transaction VALUES("164","28","X","-2","Goi","1418110270","{\"orderID\":\"1057\",\"orderDetailId\":3244}","0","0","sub","1057");
INSERT INTO transaction VALUES("165","44","N","16200","ML","1418110596","Nhập hàng","0","0","sub","0");
INSERT INTO transaction VALUES("166","47","X","-16200","ML","1418110596","Insert sub store","0","0","main","0");
INSERT INTO transaction VALUES("167","47","N","16200","ML","1418110596","Nhập hàng","250000","5","main","0");
INSERT INTO transaction VALUES("168","44","X","-11600","ML","1418107356","","0","0","sub","1056");
INSERT INTO transaction VALUES("169","43","N","16000","ML","1418110837","Nhập hàng","0","0","sub","0");
INSERT INTO transaction VALUES("170","46","X","-16000","ML","1418110837","Insert sub store","0","0","main","0");
INSERT INTO transaction VALUES("171","46","N","16000","ML","1418110837","Nhập hàng","390000","5","main","0");
INSERT INTO transaction VALUES("172","43","X","0","","","","0","0","","0");
INSERT INTO transaction VALUES("173","43","X","-11600","ML","1418107356","","0","0","sub","1056");
INSERT INTO transaction VALUES("174","42","N","82","Hu","1418111455","Nhập hàng","0","0","sub","0");
INSERT INTO transaction VALUES("175","45","X","-82","Hu","1418111455","Insert sub store","0","0","main","0");
INSERT INTO transaction VALUES("176","45","N","82","Hu","1418111455","Nhập hàng","410000","4","main","0");
INSERT INTO transaction VALUES("177","42","x","-64","Hu","1418111455","","0","0","sub","0");
INSERT INTO transaction VALUES("178","38","N","1880","ML","1418111979","Nhập hàng","0","0","sub","0");
INSERT INTO transaction VALUES("179","41","X","-1880","ML","1418111979","Insert sub store","0","0","main","0");
INSERT INTO transaction VALUES("180","41","N","1880","ML","1418111979","Nhập hàng","165000","5","main","0");
INSERT INTO transaction VALUES("181","38","x","-480","ML","1418111979","","0","0","sub","0");
INSERT INTO transaction VALUES("182","31","N","8","Trai","1418112175","Nhập hàng","0","0","sub","0");
INSERT INTO transaction VALUES("183","34","X","-8","Trai","1418112175","Insert sub store","0","0","main","0");
INSERT INTO transaction VALUES("184","34","N","8","Trai","1418112175","Nhập hàng","80000","4","main","0");
INSERT INTO transaction VALUES("185","30","N","14","Trai","1418112256","Nhập hàng","0","0","sub","0");
INSERT INTO transaction VALUES("186","33","X","-14","Trai","1418112256","Insert sub store","0","0","main","0");
INSERT INTO transaction VALUES("187","33","N","14","Trai","1418112256","Nhập hàng","56000","8","main","0");
INSERT INTO transaction VALUES("188","41","N","2","Trai","1418112386","Nhập hàng","0","0","sub","0");
INSERT INTO transaction VALUES("189","43","X","-2","Trai","1418112386","Insert sub store","0","0","main","0");
INSERT INTO transaction VALUES("190","43","N","2","Trai","1418112386","Nhập hàng","10000","4","main","0");
INSERT INTO transaction VALUES("191","40","N","11","Trai","1418112428","Nhập hàng","0","0","sub","0");
INSERT INTO transaction VALUES("192","44","X","-11","Trai","1418112428","Insert sub store","0","0","main","0");
INSERT INTO transaction VALUES("193","44","N","11","Trai","1418112428","Nhập hàng","33000","4","main","0");
INSERT INTO transaction VALUES("195","39","X","-30","G","1418112788","{\"orderID\":\"1059\",\"orderDetailId\":3247}","0","0","sub","1059");
INSERT INTO transaction VALUES("196","46","X","-50","ML","1418113024","{\"orderID\":1060,\"orderDetailId\":3248}","0","0","sub","1060");
INSERT INTO transaction VALUES("197","22","X","-12","G","1418113024","{\"orderID\":1060,\"orderDetailId\":3248}","0","0","sub","1060");
INSERT INTO transaction VALUES("198","56","X","-10","G","1418113024","{\"orderID\":1060,\"orderDetailId\":3248}","0","0","sub","1060");
INSERT INTO transaction VALUES("199","21","X","-30","ML","1418113024","{\"orderID\":1060,\"orderDetailId\":3248}","0","0","sub","1060");
INSERT INTO transaction VALUES("200","43","X","-22.5","ML","1418113024","{\"orderID\":1060,\"orderDetailId\":3248}","0","0","sub","1060");
INSERT INTO transaction VALUES("201","44","X","-22.5","ML","1418113024","{\"orderID\":1060,\"orderDetailId\":3248}","0","0","sub","1060");
INSERT INTO transaction VALUES("202","0","X","-0","","1418113024","{\"orderID\":1060,\"orderDetailId\":3248}","0","0","sub","1060");
INSERT INTO transaction VALUES("203","45","X","-2","Cai","1418113024","{\"orderID\":1060,\"orderDetailId\":3249}","0","0","sub","1060");
INSERT INTO transaction VALUES("204","23","X","-20","G","1418113024","{\"orderID\":1060,\"orderDetailId\":3249}","0","0","sub","1060");
INSERT INTO transaction VALUES("205","25","X","-20","G","1418113024","{\"orderID\":1060,\"orderDetailId\":3249}","0","0","sub","1060");
INSERT INTO transaction VALUES("206","21","X","-10","ML","1418113024","{\"orderID\":1060,\"orderDetailId\":3249}","0","0","sub","1060");
INSERT INTO transaction VALUES("207","46","X","-40","ML","1418113024","{\"orderID\":1060,\"orderDetailId\":3249}","0","0","sub","1060");
INSERT INTO transaction VALUES("208","17","X","-5","G","1418113024","{\"orderID\":1060,\"orderDetailId\":3249}","0","0","sub","1060");
INSERT INTO transaction VALUES("209","43","X","-22.5","ML","1418113024","{\"orderID\":1060,\"orderDetailId\":3249}","0","0","sub","1060");
INSERT INTO transaction VALUES("210","44","X","-22.5","ML","1418113024","{\"orderID\":1060,\"orderDetailId\":3249}","0","0","sub","1060");
INSERT INTO transaction VALUES("211","37","N","1400","ML","1418114261","Nhập hàng","0","0","sub","0");
INSERT INTO transaction VALUES("212","40","X","-1400","ML","1418114261","Insert sub store","0","0","main","0");
INSERT INTO transaction VALUES("213","40","N","1400","ML","1418114261","Nhập hàng","370000","5","main","0");
INSERT INTO transaction VALUES("214","37","x","-500","ML","1418114261","","0","0","sub","0");
INSERT INTO transaction VALUES("215","36","N","1265","ML","1418114654","Nhập hàng","0","0","sub","0");
INSERT INTO transaction VALUES("216","39","X","-1265","ML","1418114654","Insert sub store","0","0","main","0");
INSERT INTO transaction VALUES("217","39","N","1265","ML","1418114654","Nhập hàng","211000","5","main","0");
INSERT INTO transaction VALUES("218","36","x","-465","ML","1418114654","","0","0","sub","0");
INSERT INTO transaction VALUES("219","35","N","3","Trai","1418114809","Nhập hàng","0","0","sub","0");
INSERT INTO transaction VALUES("220","38","X","-3","Trai","1418114809","Insert sub store","0","0","main","0");
INSERT INTO transaction VALUES("221","38","N","3","Trai","1418114809","Nhập hàng","45000","4","main","0");
INSERT INTO transaction VALUES("222","34","N","2","Trai","1418114845","Nhập hàng","0","0","sub","0");
INSERT INTO transaction VALUES("223","37","X","-2","Trai","1418114845","Insert sub store","0","0","main","0");
INSERT INTO transaction VALUES("224","37","N","2","Trai","1418114845","Nhập hàng","20000","4","main","0");
INSERT INTO transaction VALUES("225","33","N","4","Trai","1418115021","Nhập hàng","0","0","sub","0");
INSERT INTO transaction VALUES("226","36","X","-4","Trai","1418115021","Insert sub store","0","0","main","0");
INSERT INTO transaction VALUES("227","36","N","4","Trai","1418115021","Nhập hàng","20000","4","main","0");
INSERT INTO transaction VALUES("228","32","N","4","Trai","1418115058","Nhập hàng","0","0","sub","0");
INSERT INTO transaction VALUES("229","35","X","-4","Trai","1418115058","Insert sub store","0","0","main","0");
INSERT INTO transaction VALUES("230","35","N","4","Trai","1418115058","Nhập hàng","48000","4","main","0");
INSERT INTO transaction VALUES("231","52","N","2300","ML","1418115370","Nhập hàng","0","0","sub","0");
INSERT INTO transaction VALUES("232","55","X","-2300","ML","1418115370","Insert sub store","0","0","main","0");
INSERT INTO transaction VALUES("233","55","N","2300","ML","1418115370","Nhập hàng","20000","4","main","0");
INSERT INTO transaction VALUES("234","46","N","5500","ML","1418115725","Nhập hàng","0","0","sub","0");
INSERT INTO transaction VALUES("235","49","X","-5500","ML","1418115725","Insert sub store","0","0","main","0");
INSERT INTO transaction VALUES("236","49","N","5500","ML","1418115725","Nhập hàng","165000","6","main","0");
INSERT INTO transaction VALUES("237","51","N","14","Goi","1418116362","Nhập hàng","0","0","sub","0");
INSERT INTO transaction VALUES("238","54","X","-14","Goi","1418116362","Insert sub store","0","0","main","0");
INSERT INTO transaction VALUES("239","54","N","14","Goi","1418116362","Nhập hàng","30000","8","main","0");
INSERT INTO transaction VALUES("240","46","X","-50","ML","1418116459","{\"orderID\":1061,\"orderDetailId\":3250}","0","0","sub","1061");
INSERT INTO transaction VALUES("241","22","X","-12","G","1418116459","{\"orderID\":1061,\"orderDetailId\":3250}","0","0","sub","1061");
INSERT INTO transaction VALUES("242","56","X","-10","G","1418116459","{\"orderID\":1061,\"orderDetailId\":3250}","0","0","sub","1061");
INSERT INTO transaction VALUES("243","21","X","-30","ML","1418116459","{\"orderID\":1061,\"orderDetailId\":3250}","0","0","sub","1061");
INSERT INTO transaction VALUES("244","43","X","-22.5","ML","1418116459","{\"orderID\":1061,\"orderDetailId\":3250}","0","0","sub","1061");
INSERT INTO transaction VALUES("245","44","X","-22.5","ML","1418116459","{\"orderID\":1061,\"orderDetailId\":3250}","0","0","sub","1061");
INSERT INTO transaction VALUES("246","0","X","-0","","1418116459","{\"orderID\":1061,\"orderDetailId\":3250}","0","0","sub","1061");
INSERT INTO transaction VALUES("247","45","X","-2","Cai","1418116459","{\"orderID\":1061,\"orderDetailId\":3251}","0","0","sub","1061");
INSERT INTO transaction VALUES("248","23","X","-20","G","1418116459","{\"orderID\":1061,\"orderDetailId\":3251}","0","0","sub","1061");
INSERT INTO transaction VALUES("249","21","X","-10","ML","1418116459","{\"orderID\":1061,\"orderDetailId\":3251}","0","0","sub","1061");
INSERT INTO transaction VALUES("250","46","X","-40","ML","1418116459","{\"orderID\":1061,\"orderDetailId\":3251}","0","0","sub","1061");
INSERT INTO transaction VALUES("251","25","X","-20","G","1418116459","{\"orderID\":1061,\"orderDetailId\":3251}","0","0","sub","1061");
INSERT INTO transaction VALUES("252","17","X","-5","G","1418116459","{\"orderID\":1061,\"orderDetailId\":3251}","0","0","sub","1061");
INSERT INTO transaction VALUES("253","43","X","-22.5","ML","1418116459","{\"orderID\":1061,\"orderDetailId\":3251}","0","0","sub","1061");
INSERT INTO transaction VALUES("254","44","X","-22.5","ML","1418116459","{\"orderID\":1061,\"orderDetailId\":3251}","0","0","sub","1061");
INSERT INTO transaction VALUES("255","19","X","-15","ML","1418116459","{\"orderID\":1061,\"orderDetailId\":3251}","0","0","sub","1061");
INSERT INTO transaction VALUES("256","50","N","22","Goi","1418116473","Nhập hàng","0","0","sub","0");
INSERT INTO transaction VALUES("257","53","X","-22","Goi","1418116473","Insert sub store","0","0","main","0");
INSERT INTO transaction VALUES("258","53","N","22","Goi","1418116473","Nhập hàng","30000","8","main","0");
INSERT INTO transaction VALUES("259","49","N","8","Goi","1418116526","Nhập hàng","0","0","sub","0");
INSERT INTO transaction VALUES("260","52","X","-8","Goi","1418116526","Insert sub store","0","0","main","0");
INSERT INTO transaction VALUES("261","52","N","8","Goi","1418116526","Nhập hàng","30000","8","main","0");
INSERT INTO transaction VALUES("262","48","N","18","Goi","1418116601","Nhập hàng","0","0","sub","0");
INSERT INTO transaction VALUES("263","51","X","-18","Goi","1418116601","Insert sub store","0","0","main","0");
INSERT INTO transaction VALUES("264","51","N","18","Goi","1418116601","Nhập hàng","30000","8","main","0");
INSERT INTO transaction VALUES("265","57","N","6","Trai","1418117677","Nhập hàng","0","0","sub","0");
INSERT INTO transaction VALUES("266","60","X","-6","Trai","1418117677","Insert sub store","0","0","main","0");
INSERT INTO transaction VALUES("267","60","N","6","Trai","1418117677","Nhập hàng","6","4","main","0");
INSERT INTO transaction VALUES("268","61","N","500","G","1418117759","Nhập hàng","0","0","sub","0");
INSERT INTO transaction VALUES("269","66","X","-500","G","1418117759","Insert sub store","0","0","main","0");
INSERT INTO transaction VALUES("270","66","N","500","G","1418117759","Nhập hàng","80000","11","main","0");
INSERT INTO transaction VALUES("271","59","N","1500","ML","1418117961","Nhập hàng","0","0","sub","0");
INSERT INTO transaction VALUES("272","64","X","-1500","ML","1418117961","Insert sub store","0","0","main","0");
INSERT INTO transaction VALUES("273","64","N","1500","ML","1418117961","Nhập hàng","165000","5","main","0");
INSERT INTO transaction VALUES("274","54","N","100","Cai","1418118804","Nhập hàng","0","0","sub","0");
INSERT INTO transaction VALUES("275","56","X","-100","Cai","1418118804","Insert sub store","0","0","main","0");
INSERT INTO transaction VALUES("276","56","N","100","Cai","1418118804","Nhập hàng","20000","5","main","0");
INSERT INTO transaction VALUES("277","55","N","100","Cai","1418118841","Nhập hàng","0","0","sub","0");
INSERT INTO transaction VALUES("278","57","X","-100","Cai","1418118841","Insert sub store","0","0","main","0");
INSERT INTO transaction VALUES("279","57","N","100","Cai","1418118841","Nhập hàng","20000","5","main","0");
INSERT INTO transaction VALUES("280","53","N","12","Trai","1418118934","Nhập hàng","0","0","sub","0");
INSERT INTO transaction VALUES("281","58","X","-12","Trai","1418118934","Insert sub store","0","0","main","0");
INSERT INTO transaction VALUES("282","58","N","12","Trai","1418118934","Nhập hàng","12000","4","main","0");
INSERT INTO transaction VALUES("283","63","N","7","Cai","1418119232","Nhập hàng","0","0","sub","0");
INSERT INTO transaction VALUES("284","65","X","-7","Cai","1418119232","Insert sub store","0","0","main","0");
INSERT INTO transaction VALUES("285","65","N","7","Cai","1418119232","Nhập hàng","77000","11","main","0");
INSERT INTO transaction VALUES("286","46","X","-50","ML","1418119407","{\"orderID\":1062,\"orderDetailId\":3252}","0","0","sub","1062");
INSERT INTO transaction VALUES("287","22","X","-12","G","1418119407","{\"orderID\":1062,\"orderDetailId\":3252}","0","0","sub","1062");
INSERT INTO transaction VALUES("288","56","X","-10","G","1418119407","{\"orderID\":1062,\"orderDetailId\":3252}","0","0","sub","1062");
INSERT INTO transaction VALUES("289","21","X","-30","ML","1418119407","{\"orderID\":1062,\"orderDetailId\":3252}","0","0","sub","1062");
INSERT INTO transaction VALUES("290","43","X","-22.5","ML","1418119407","{\"orderID\":1062,\"orderDetailId\":3252}","0","0","sub","1062");
INSERT INTO transaction VALUES("291","44","X","-22.5","ML","1418119407","{\"orderID\":1062,\"orderDetailId\":3252}","0","0","sub","1062");
INSERT INTO transaction VALUES("292","0","X","-0","","1418119407","{\"orderID\":1062,\"orderDetailId\":3252}","0","0","sub","1062");
INSERT INTO transaction VALUES("293","45","N","170","Cai","1418119707","Nhập hàng","0","0","sub","0");
INSERT INTO transaction VALUES("294","48","X","-170","Cai","1418119707","Insert sub store","0","0","main","0");
INSERT INTO transaction VALUES("295","48","N","170","Cai","1418119707","Nhập hàng","160000","4","main","0");
INSERT INTO transaction VALUES("296","45","X","-146","Cai","1418116459","","0","0","sub","1061");
INSERT INTO transaction VALUES("297","39","N","2300","G","1418120620","Nhập hàng","0","0","sub","0");
INSERT INTO transaction VALUES("298","42","X","-2300","G","1418120620","Insert sub store","0","0","main","0");
INSERT INTO transaction VALUES("299","42","N","2300","G","1418120620","Nhập hàng","300000","5","main","0");
INSERT INTO transaction VALUES("307","16","N","840","ML","1418120728","Nhập hàng","0","0","sub","0");
INSERT INTO transaction VALUES("308","18","X","-840","ML","1418120728","Insert sub store","0","0","main","0");
INSERT INTO transaction VALUES("309","18","N","840","ML","1418120728","Nhập hàng","75000","5","main","0");
INSERT INTO transaction VALUES("310","17","N","200","ML","1418120897","Nhập hàng","0","0","sub","0");
INSERT INTO transaction VALUES("311","19","X","-200","ML","1418120897","Insert sub store","0","0","main","0");
INSERT INTO transaction VALUES("312","19","N","200","ML","1418120897","Nhập hàng","20000","5","main","0");
INSERT INTO transaction VALUES("313","3","N","320","ML","1418120971","Nhập hàng","0","0","sub","0");
INSERT INTO transaction VALUES("314","5","X","-320","ML","1418120971","Insert sub store","0","0","main","0");
INSERT INTO transaction VALUES("315","5","N","320","ML","1418120971","Nhập hàng","59000","5","main","0");
INSERT INTO transaction VALUES("316","4","N","300","ML","1418121044","Nhập hàng","0","0","sub","0");
INSERT INTO transaction VALUES("317","6","X","-300","ML","1418121044","Insert sub store","0","0","main","0");
INSERT INTO transaction VALUES("318","6","N","300","ML","1418121044","Nhập hàng","80000","5","main","0");
INSERT INTO transaction VALUES("319","5","N","1220","ML","1418121086","Nhập hàng","0","0","sub","0");
INSERT INTO transaction VALUES("320","7","X","-1220","ML","1418121086","Insert sub store","0","0","main","0");
INSERT INTO transaction VALUES("321","7","N","1220","ML","1418121086","Nhập hàng","265000","5","main","0");
INSERT INTO transaction VALUES("322","2","N","700","ML","1418121153","Nhập hàng","0","0","sub","0");
INSERT INTO transaction VALUES("323","4","X","-700","ML","1418121153","Insert sub store","0","0","main","0");
INSERT INTO transaction VALUES("324","4","N","700","ML","1418121153","Nhập hàng","150000","5","main","0");
INSERT INTO transaction VALUES("325","21","X","-20","ML","1418122851","{\"orderID\":\"1063\",\"orderDetailId\":3255}","0","0","sub","1063");
INSERT INTO transaction VALUES("326","39","X","-30","G","1418122851","{\"orderID\":\"1063\",\"orderDetailId\":3255}","0","0","sub","1063");
INSERT INTO transaction VALUES("327","42","X","-1","Hu","1418122851","{\"orderID\":\"1063\",\"orderDetailId\":3256}","0","0","sub","1063");
INSERT INTO transaction VALUES("328","38","X","-30","ML","1418122851","{\"orderID\":\"1063\",\"orderDetailId\":3256}","0","0","sub","1063");
INSERT INTO transaction VALUES("329","21","X","-30","ML","1418122851","{\"orderID\":\"1063\",\"orderDetailId\":3256}","0","0","sub","1063");
INSERT INTO transaction VALUES("330","43","X","-22.5","ML","1418122851","{\"orderID\":\"1063\",\"orderDetailId\":3256}","0","0","sub","1063");
INSERT INTO transaction VALUES("331","44","X","-22.5","ML","1418122851","{\"orderID\":\"1063\",\"orderDetailId\":3256}","0","0","sub","1063");
INSERT INTO transaction VALUES("332","53","X","-6","Trai","1418135042","{\"orderID\":1064,\"orderDetailId\":3257}","0","0","sub","1064");
INSERT INTO transaction VALUES("333","46","X","-30","ML","1418135042","{\"orderID\":1064,\"orderDetailId\":3257}","0","0","sub","1064");
INSERT INTO transaction VALUES("334","21","X","-20","ML","1418135042","{\"orderID\":1064,\"orderDetailId\":3257}","0","0","sub","1064");
INSERT INTO transaction VALUES("335","18","X","-15","ML","1418135042","{\"orderID\":1064,\"orderDetailId\":3257}","0","0","sub","1064");
INSERT INTO transaction VALUES("344","18","X","-25","ML","1418135676","{\"orderID\":\"1066\",\"orderDetailId\":3261}","0","0","sub","1066");
INSERT INTO transaction VALUES("345","3","X","-5","ML","1418135676","{\"orderID\":\"1066\",\"orderDetailId\":3261}","0","0","sub","1066");
INSERT INTO transaction VALUES("346","52","X","-150","ML","1418135676","{\"orderID\":\"1066\",\"orderDetailId\":3261}","0","0","sub","1066");
INSERT INTO transaction VALUES("347","43","X","-22.5","ML","1418135676","{\"orderID\":\"1066\",\"orderDetailId\":3261}","0","0","sub","1066");
INSERT INTO transaction VALUES("348","44","X","-22.5","ML","1418135676","{\"orderID\":\"1066\",\"orderDetailId\":3261}","0","0","sub","1066");
INSERT INTO transaction VALUES("362","51","X","-1","Goi","1418138825","{\"orderID\":\"1065\",\"orderDetailId\":3271}","0","0","sub","1065");
INSERT INTO transaction VALUES("363","14","X","-30","ML","1418138825","{\"orderID\":\"1065\",\"orderDetailId\":3271}","0","0","sub","1065");
INSERT INTO transaction VALUES("364","20","X","-60","G","1418138825","{\"orderID\":\"1065\",\"orderDetailId\":3272}","0","0","sub","1065");
INSERT INTO transaction VALUES("365","45","X","-2","Cai","1418176713","{\"orderID\":1067,\"orderDetailId\":3273}","0","0","sub","1067");
INSERT INTO transaction VALUES("366","23","X","-20","G","1418176713","{\"orderID\":1067,\"orderDetailId\":3273}","0","0","sub","1067");
INSERT INTO transaction VALUES("367","25","X","-20","G","1418176713","{\"orderID\":1067,\"orderDetailId\":3273}","0","0","sub","1067");
INSERT INTO transaction VALUES("368","21","X","-10","ML","1418176713","{\"orderID\":1067,\"orderDetailId\":3273}","0","0","sub","1067");
INSERT INTO transaction VALUES("369","46","X","-40","ML","1418176713","{\"orderID\":1067,\"orderDetailId\":3273}","0","0","sub","1067");
INSERT INTO transaction VALUES("370","17","X","-5","G","1418176713","{\"orderID\":1067,\"orderDetailId\":3273}","0","0","sub","1067");
INSERT INTO transaction VALUES("371","43","X","-22.5","ML","1418176713","{\"orderID\":1067,\"orderDetailId\":3273}","0","0","sub","1067");
INSERT INTO transaction VALUES("372","44","X","-22.5","ML","1418176713","{\"orderID\":1067,\"orderDetailId\":3273}","0","0","sub","1067");
INSERT INTO transaction VALUES("378","26","N","10","KG","1418183357","Nhập hàng","130000","6","main","0");
INSERT INTO transaction VALUES("379","36","N","750","ML","1418183958","Nhập hàng","0","0","sub","0");
INSERT INTO transaction VALUES("380","39","X","-750","ML","1418183958","Insert sub store","0","0","main","0");
INSERT INTO transaction VALUES("381","39","N","750","ML","1418183958","Nhập hàng","170000","5","main","0");
INSERT INTO transaction VALUES("382","69","N","5","Hu","1418184164","Nhập hàng","5000","12","main","0");
INSERT INTO transaction VALUES("383","60","N","5","Hu","1418184431","Nhập hàng","0","0","sub","0");
INSERT INTO transaction VALUES("384","67","X","-5","Hu","1418184431","Insert sub store","0","0","main","0");
INSERT INTO transaction VALUES("385","67","N","5","Hu","1418184431","Nhập hàng","25000","12","main","0");
INSERT INTO transaction VALUES("386","56","N","100","G","1418184530","Nhập hàng","0","0","sub","0");
INSERT INTO transaction VALUES("387","59","X","-100","G","1418184530","Insert sub store","0","0","main","0");
INSERT INTO transaction VALUES("388","59","N","100","G","1418184530","Nhập hàng","75000","10","main","0");
INSERT INTO transaction VALUES("389","53","N","124","Trai","1418185854","Nhập hàng","0","0","sub","0");
INSERT INTO transaction VALUES("390","58","X","-124","Trai","1418185854","Insert sub store","0","0","main","0");
INSERT INTO transaction VALUES("391","58","N","124","Trai","1418185854","Nhập hàng","40000","8","main","0");
INSERT INTO transaction VALUES("392","67","N","28","Hu","1418185946","Nhập hàng","140000","12","main","0");
INSERT INTO transaction VALUES("393","60","N","28","Hu","1418185966","Nhập hàng","0","0","sub","0");
INSERT INTO transaction VALUES("394","67","X","-28","Hu","1418185966","Insert sub store","0","0","main","0");
INSERT INTO transaction VALUES("395","70","N","8","Hu","1418186350","Nhập hàng","64000","12","main","0");
INSERT INTO transaction VALUES("396","64","N","8","Hu","1418186373","Nhập hàng","0","0","sub","0");
INSERT INTO transaction VALUES("397","70","X","-8","Hu","1418186373","Insert sub store","0","0","main","0");
INSERT INTO transaction VALUES("398","33","N","7","Trai","1418186538","Nhập hàng","23000","8","main","0");
INSERT INTO transaction VALUES("418","46","X","-50","ML","1418189612","{\"orderID\":\"1070\",\"orderDetailId\":3288}","0","0","sub","1070");
INSERT INTO transaction VALUES("419","22","X","-12","G","1418189612","{\"orderID\":\"1070\",\"orderDetailId\":3288}","0","0","sub","1070");
INSERT INTO transaction VALUES("420","56","X","-10","G","1418189612","{\"orderID\":\"1070\",\"orderDetailId\":3288}","0","0","sub","1070");
INSERT INTO transaction VALUES("421","21","X","-30","ML","1418189612","{\"orderID\":\"1070\",\"orderDetailId\":3288}","0","0","sub","1070");
INSERT INTO transaction VALUES("422","43","X","-22.5","ML","1418189612","{\"orderID\":\"1070\",\"orderDetailId\":3288}","0","0","sub","1070");
INSERT INTO transaction VALUES("423","44","X","-22.5","ML","1418189612","{\"orderID\":\"1070\",\"orderDetailId\":3288}","0","0","sub","1070");
INSERT INTO transaction VALUES("424","0","X","-0","","1418189612","{\"orderID\":\"1070\",\"orderDetailId\":3288}","0","0","sub","1070");
INSERT INTO transaction VALUES("425","46","X","-50","ML","1418189612","{\"orderID\":\"1070\",\"orderDetailId\":3289}","0","0","sub","1070");
INSERT INTO transaction VALUES("426","22","X","-12","G","1418189612","{\"orderID\":\"1070\",\"orderDetailId\":3289}","0","0","sub","1070");
INSERT INTO transaction VALUES("427","56","X","-10","G","1418189612","{\"orderID\":\"1070\",\"orderDetailId\":3289}","0","0","sub","1070");
INSERT INTO transaction VALUES("428","21","X","-30","ML","1418189612","{\"orderID\":\"1070\",\"orderDetailId\":3289}","0","0","sub","1070");
INSERT INTO transaction VALUES("429","43","X","-22.5","ML","1418189612","{\"orderID\":\"1070\",\"orderDetailId\":3289}","0","0","sub","1070");
INSERT INTO transaction VALUES("430","44","X","-22.5","ML","1418189612","{\"orderID\":\"1070\",\"orderDetailId\":3289}","0","0","sub","1070");
INSERT INTO transaction VALUES("431","0","X","-0","","1418189612","{\"orderID\":\"1070\",\"orderDetailId\":3289}","0","0","sub","1070");
INSERT INTO transaction VALUES("432","60","X","-5","Hu","1418189612","{\"orderID\":\"1070\",\"orderDetailId\":3290}","0","0","sub","1070");
INSERT INTO transaction VALUES("433","21","X","-10","ML","1418191417","{\"orderID\":1073,\"orderDetailId\":3293}","0","0","sub","1073");
INSERT INTO transaction VALUES("434","2","X","-15","ML","1418191417","{\"orderID\":1073,\"orderDetailId\":3293}","0","0","sub","1073");
INSERT INTO transaction VALUES("435","25","X","-20","G","1418191417","{\"orderID\":1073,\"orderDetailId\":3293}","0","0","sub","1073");
INSERT INTO transaction VALUES("436","39","X","-8","G","1418191417","{\"orderID\":1073,\"orderDetailId\":3293}","0","0","sub","1073");
INSERT INTO transaction VALUES("437","44","X","-22.5","ML","1418191418","{\"orderID\":1073,\"orderDetailId\":3293}","0","0","sub","1073");
INSERT INTO transaction VALUES("438","43","X","-22.5","ML","1418191418","{\"orderID\":1073,\"orderDetailId\":3293}","0","0","sub","1073");
INSERT INTO transaction VALUES("439","54","X","-8","Cai","1418191418","{\"orderID\":1073,\"orderDetailId\":3293}","0","0","sub","1073");
INSERT INTO transaction VALUES("440","39","X","-30","G","1418191872","{\"orderID\":\"1068\",\"orderDetailId\":3295}","0","0","sub","1068");
INSERT INTO transaction VALUES("475","53","X","-3","Trai","1418200664","{\"orderID\":1080,\"orderDetailId\":3317}","0","0","sub","1080");
INSERT INTO transaction VALUES("476","34","X","-0.125","Trai","1418200664","{\"orderID\":1080,\"orderDetailId\":3317}","0","0","sub","1080");
INSERT INTO transaction VALUES("477","35","X","-0.167","Trai","1418200664","{\"orderID\":1080,\"orderDetailId\":3317}","0","0","sub","1080");
INSERT INTO transaction VALUES("478","42","X","-0.5","Hu","1418200664","{\"orderID\":1080,\"orderDetailId\":3317}","0","0","sub","1080");
INSERT INTO transaction VALUES("479","53","X","-3","Trai","1418200664","{\"orderID\":1080,\"orderDetailId\":3318}","0","0","sub","1080");
INSERT INTO transaction VALUES("480","34","X","-0.125","Trai","1418200664","{\"orderID\":1080,\"orderDetailId\":3318}","0","0","sub","1080");
INSERT INTO transaction VALUES("481","35","X","-0.167","Trai","1418200664","{\"orderID\":1080,\"orderDetailId\":3318}","0","0","sub","1080");
INSERT INTO transaction VALUES("482","42","X","-0.5","Hu","1418200664","{\"orderID\":1080,\"orderDetailId\":3318}","0","0","sub","1080");
INSERT INTO transaction VALUES("483","30","X","-2","Trai","1418200717","{\"orderID\":\"1075\",\"orderDetailId\":3319}","0","0","sub","1075");
INSERT INTO transaction VALUES("484","21","X","-30","ML","1418200717","{\"orderID\":\"1075\",\"orderDetailId\":3320}","0","0","sub","1075");
INSERT INTO transaction VALUES("485","2","X","-45","ML","1418200717","{\"orderID\":\"1075\",\"orderDetailId\":3320}","0","0","sub","1075");
INSERT INTO transaction VALUES("486","25","X","-60","G","1418200717","{\"orderID\":\"1075\",\"orderDetailId\":3320}","0","0","sub","1075");
INSERT INTO transaction VALUES("487","39","X","-24","G","1418200717","{\"orderID\":\"1075\",\"orderDetailId\":3320}","0","0","sub","1075");
INSERT INTO transaction VALUES("488","44","X","-67.5","ML","1418200717","{\"orderID\":\"1075\",\"orderDetailId\":3320}","0","0","sub","1075");
INSERT INTO transaction VALUES("489","43","X","-67.5","ML","1418200717","{\"orderID\":\"1075\",\"orderDetailId\":3320}","0","0","sub","1075");
INSERT INTO transaction VALUES("490","54","X","-24","Cai","1418200717","{\"orderID\":\"1075\",\"orderDetailId\":3320}","0","0","sub","1075");
INSERT INTO transaction VALUES("491","30","X","-2","Trai","1418200717","{\"orderID\":\"1075\",\"orderDetailId\":3321}","0","0","sub","1075");
INSERT INTO transaction VALUES("492","39","X","-60","G","1418200717","{\"orderID\":\"1075\",\"orderDetailId\":3323}","0","0","sub","1075");
INSERT INTO transaction VALUES("496","39","X","-30","G","1418202033","{\"orderID\":\"1079\",\"orderDetailId\":3328}","0","0","sub","1079");
INSERT INTO transaction VALUES("497","30","X","-2","Trai","1418202033","{\"orderID\":\"1079\",\"orderDetailId\":3329}","0","0","sub","1079");
INSERT INTO transaction VALUES("498","29","X","-1","Goi","1418202077","{\"orderID\":\"1077\",\"orderDetailId\":3330}","0","0","sub","1077");
INSERT INTO transaction VALUES("499","28","X","-2","Goi","1418202077","{\"orderID\":\"1077\",\"orderDetailId\":3330}","0","0","sub","1077");
INSERT INTO transaction VALUES("500","39","X","-30","G","1418202889","{\"orderID\":\"1069\",\"orderDetailId\":3331}","0","0","sub","1069");
INSERT INTO transaction VALUES("501","29","X","-1","Goi","1418202889","{\"orderID\":\"1069\",\"orderDetailId\":3332}","0","0","sub","1069");
INSERT INTO transaction VALUES("502","28","X","-2","Goi","1418202889","{\"orderID\":\"1069\",\"orderDetailId\":3332}","0","0","sub","1069");
INSERT INTO transaction VALUES("503","60","X","-2","Hu","1418202905","{\"orderID\":\"1081\",\"orderDetailId\":3334}","0","0","sub","1081");
INSERT INTO transaction VALUES("504","60","X","-1","Hu","1418206006","{\"orderID\":1083,\"orderDetailId\":3335}","0","0","sub","1083");
INSERT INTO transaction VALUES("508","39","X","-30","G","1418207525","{\"orderID\":\"1085\",\"orderDetailId\":3341}","0","0","sub","1085");
INSERT INTO transaction VALUES("510","60","X","-1","Hu","1418211221","{\"orderID\":\"1084\",\"orderDetailId\":3345}","0","0","sub","1084");
INSERT INTO transaction VALUES("525","40","X","-2","Trai","1418221523","{\"orderID\":\"1087\",\"orderDetailId\":3353}","0","0","sub","1087");
INSERT INTO transaction VALUES("526","8","X","-20","ML","1418221523","{\"orderID\":\"1087\",\"orderDetailId\":3354}","0","0","sub","1087");
INSERT INTO transaction VALUES("527","3","X","-5","ML","1418221523","{\"orderID\":\"1087\",\"orderDetailId\":3354}","0","0","sub","1087");
INSERT INTO transaction VALUES("528","5","X","-5","ML","1418221523","{\"orderID\":\"1087\",\"orderDetailId\":3354}","0","0","sub","1087");
INSERT INTO transaction VALUES("529","52","X","-150","ML","1418221523","{\"orderID\":\"1087\",\"orderDetailId\":3354}","0","0","sub","1087");
INSERT INTO transaction VALUES("530","43","X","-22.5","ML","1418221523","{\"orderID\":\"1087\",\"orderDetailId\":3354}","0","0","sub","1087");
INSERT INTO transaction VALUES("531","44","X","-22.5","ML","1418221523","{\"orderID\":\"1087\",\"orderDetailId\":3354}","0","0","sub","1087");
INSERT INTO transaction VALUES("532","60","X","-1","Hu","1418221874","{\"orderID\":1088,\"orderDetailId\":3355}","0","0","sub","1088");
INSERT INTO transaction VALUES("533","64","x","-1","Hu","1418186373","tien an 1 h?","0","0","sub","0");
INSERT INTO transaction VALUES("554","45","X","-2","Cai","1418277027","{\"orderID\":\"1090\",\"orderDetailId\":3363}","0","0","sub","1090");
INSERT INTO transaction VALUES("555","23","X","-20","G","1418277027","{\"orderID\":\"1090\",\"orderDetailId\":3363}","0","0","sub","1090");
INSERT INTO transaction VALUES("556","21","X","-10","ML","1418277027","{\"orderID\":\"1090\",\"orderDetailId\":3363}","0","0","sub","1090");
INSERT INTO transaction VALUES("557","46","X","-40","ML","1418277027","{\"orderID\":\"1090\",\"orderDetailId\":3363}","0","0","sub","1090");
INSERT INTO transaction VALUES("558","25","X","-20","G","1418277027","{\"orderID\":\"1090\",\"orderDetailId\":3363}","0","0","sub","1090");
INSERT INTO transaction VALUES("559","17","X","-5","G","1418277027","{\"orderID\":\"1090\",\"orderDetailId\":3363}","0","0","sub","1090");
INSERT INTO transaction VALUES("560","43","X","-22.5","ML","1418277027","{\"orderID\":\"1090\",\"orderDetailId\":3363}","0","0","sub","1090");
INSERT INTO transaction VALUES("561","44","X","-22.5","ML","1418277027","{\"orderID\":\"1090\",\"orderDetailId\":3363}","0","0","sub","1090");
INSERT INTO transaction VALUES("562","19","X","-15","ML","1418277027","{\"orderID\":\"1090\",\"orderDetailId\":3363}","0","0","sub","1090");
INSERT INTO transaction VALUES("569","42","X","-1","Hu","1418281438","{\"orderID\":\"1089\",\"orderDetailId\":3370}","0","0","sub","1089");
INSERT INTO transaction VALUES("570","38","X","-30","ML","1418281438","{\"orderID\":\"1089\",\"orderDetailId\":3370}","0","0","sub","1089");
INSERT INTO transaction VALUES("571","21","X","-30","ML","1418281438","{\"orderID\":\"1089\",\"orderDetailId\":3370}","0","0","sub","1089");
INSERT INTO transaction VALUES("572","43","X","-22.5","ML","1418281438","{\"orderID\":\"1089\",\"orderDetailId\":3370}","0","0","sub","1089");
INSERT INTO transaction VALUES("573","44","X","-22.5","ML","1418281438","{\"orderID\":\"1089\",\"orderDetailId\":3370}","0","0","sub","1089");
INSERT INTO transaction VALUES("574","30","X","-2","Trai","1418281438","{\"orderID\":\"1089\",\"orderDetailId\":3371}","0","0","sub","1089");
INSERT INTO transaction VALUES("583","33","N","12","Trai","1418284058","Nhập hàng","48000","8","main","0");
INSERT INTO transaction VALUES("584","30","N","19","Trai","1418284136","Nhập hàng","0","0","sub","0");
INSERT INTO transaction VALUES("585","33","X","-19","Trai","1418284136","Insert sub store","0","0","main","0");
INSERT INTO transaction VALUES("586","37","N","1","Trai","1418285139","Nhập hàng","15000","8","main","0");
INSERT INTO transaction VALUES("594","60","X","-1","Hu","1418287022","{\"orderID\":\"1094\",\"orderDetailId\":3380}","0","0","sub","1094");
INSERT INTO transaction VALUES("595","21","X","-10","ML","1418287022","{\"orderID\":\"1094\",\"orderDetailId\":3381}","0","0","sub","1094");
INSERT INTO transaction VALUES("596","2","X","-15","ML","1418287022","{\"orderID\":\"1094\",\"orderDetailId\":3381}","0","0","sub","1094");
INSERT INTO transaction VALUES("597","25","X","-20","G","1418287022","{\"orderID\":\"1094\",\"orderDetailId\":3381}","0","0","sub","1094");
INSERT INTO transaction VALUES("598","39","X","-8","G","1418287022","{\"orderID\":\"1094\",\"orderDetailId\":3381}","0","0","sub","1094");
INSERT INTO transaction VALUES("599","44","X","-22.5","ML","1418287022","{\"orderID\":\"1094\",\"orderDetailId\":3381}","0","0","sub","1094");
INSERT INTO transaction VALUES("600","43","X","-22.5","ML","1418287022","{\"orderID\":\"1094\",\"orderDetailId\":3381}","0","0","sub","1094");
INSERT INTO transaction VALUES("601","54","X","-8","Cai","1418287022","{\"orderID\":\"1094\",\"orderDetailId\":3381}","0","0","sub","1094");
INSERT INTO transaction VALUES("608","60","X","-1","Hu","1418291908","{\"orderID\":1100,\"orderDetailId\":3388}","0","0","sub","1100");
INSERT INTO transaction VALUES("609","39","X","-30","G","1418292707","{\"orderID\":\"1097\",\"orderDetailId\":3389}","0","0","sub","1097");
INSERT INTO transaction VALUES("610","29","X","-1","Goi","1418293149","{\"orderID\":\"1098\",\"orderDetailId\":3390}","0","0","sub","1098");
INSERT INTO transaction VALUES("611","28","X","-2","Goi","1418293149","{\"orderID\":\"1098\",\"orderDetailId\":3390}","0","0","sub","1098");
INSERT INTO transaction VALUES("622","30","X","-2","Trai","1418305120","{\"orderID\":\"1102\",\"orderDetailId\":3397}","0","0","sub","1102");
INSERT INTO transaction VALUES("623","21","X","-10","ML","1418305541","{\"orderID\":\"1095\",\"orderDetailId\":3398}","0","0","sub","1095");
INSERT INTO transaction VALUES("624","2","X","-15","ML","1418305541","{\"orderID\":\"1095\",\"orderDetailId\":3398}","0","0","sub","1095");
INSERT INTO transaction VALUES("625","25","X","-20","G","1418305541","{\"orderID\":\"1095\",\"orderDetailId\":3398}","0","0","sub","1095");
INSERT INTO transaction VALUES("626","39","X","-8","G","1418305541","{\"orderID\":\"1095\",\"orderDetailId\":3398}","0","0","sub","1095");
INSERT INTO transaction VALUES("627","44","X","-22.5","ML","1418305541","{\"orderID\":\"1095\",\"orderDetailId\":3398}","0","0","sub","1095");
INSERT INTO transaction VALUES("628","43","X","-22.5","ML","1418305541","{\"orderID\":\"1095\",\"orderDetailId\":3398}","0","0","sub","1095");
INSERT INTO transaction VALUES("629","54","X","-8","Cai","1418305541","{\"orderID\":\"1095\",\"orderDetailId\":3398}","0","0","sub","1095");
INSERT INTO transaction VALUES("630","21","X","-20","ML","1418305541","{\"orderID\":\"1095\",\"orderDetailId\":3399}","0","0","sub","1095");
INSERT INTO transaction VALUES("631","39","X","-30","G","1418305541","{\"orderID\":\"1095\",\"orderDetailId\":3399}","0","0","sub","1095");
INSERT INTO transaction VALUES("777","45","X","-2","Cai","1418311093","{\"orderID\":\"1103\",\"orderDetailId\":3427}","0","0","sub","1103");
INSERT INTO transaction VALUES("778","23","X","-20","G","1418311093","{\"orderID\":\"1103\",\"orderDetailId\":3427}","0","0","sub","1103");
INSERT INTO transaction VALUES("779","21","X","-10","ML","1418311093","{\"orderID\":\"1103\",\"orderDetailId\":3427}","0","0","sub","1103");
INSERT INTO transaction VALUES("780","46","X","-40","ML","1418311093","{\"orderID\":\"1103\",\"orderDetailId\":3427}","0","0","sub","1103");
INSERT INTO transaction VALUES("781","25","X","-20","G","1418311093","{\"orderID\":\"1103\",\"orderDetailId\":3427}","0","0","sub","1103");
INSERT INTO transaction VALUES("782","17","X","-5","G","1418311093","{\"orderID\":\"1103\",\"orderDetailId\":3427}","0","0","sub","1103");
INSERT INTO transaction VALUES("783","43","X","-22.5","ML","1418311093","{\"orderID\":\"1103\",\"orderDetailId\":3427}","0","0","sub","1103");
INSERT INTO transaction VALUES("784","44","X","-22.5","ML","1418311093","{\"orderID\":\"1103\",\"orderDetailId\":3427}","0","0","sub","1103");
INSERT INTO transaction VALUES("785","19","X","-15","ML","1418311093","{\"orderID\":\"1103\",\"orderDetailId\":3427}","0","0","sub","1103");
INSERT INTO transaction VALUES("786","30","X","-0.5","Trai","1418311093","{\"orderID\":\"1103\",\"orderDetailId\":3428}","0","0","sub","1103");
INSERT INTO transaction VALUES("787","53","X","-3","Trai","1418311093","{\"orderID\":\"1103\",\"orderDetailId\":3428}","0","0","sub","1103");
INSERT INTO transaction VALUES("788","47","X","-0.5","Trai","1418311093","{\"orderID\":\"1103\",\"orderDetailId\":3428}","0","0","sub","1103");
INSERT INTO transaction VALUES("789","21","X","-20","ML","1418311093","{\"orderID\":\"1103\",\"orderDetailId\":3428}","0","0","sub","1103");
INSERT INTO transaction VALUES("790","46","X","-30","ML","1418311093","{\"orderID\":\"1103\",\"orderDetailId\":3428}","0","0","sub","1103");
INSERT INTO transaction VALUES("791","53","X","-3","Trai","1418311093","{\"orderID\":\"1103\",\"orderDetailId\":3429}","0","0","sub","1103");
INSERT INTO transaction VALUES("792","34","X","-0.125","Trai","1418311093","{\"orderID\":\"1103\",\"orderDetailId\":3429}","0","0","sub","1103");
INSERT INTO transaction VALUES("793","35","X","-0.167","Trai","1418311093","{\"orderID\":\"1103\",\"orderDetailId\":3429}","0","0","sub","1103");
INSERT INTO transaction VALUES("794","42","X","-0.5","Hu","1418311093","{\"orderID\":\"1103\",\"orderDetailId\":3429}","0","0","sub","1103");
INSERT INTO transaction VALUES("795","25","X","-20","G","1418311093","{\"orderID\":\"1103\",\"orderDetailId\":3430}","0","0","sub","1103");
INSERT INTO transaction VALUES("796","23","X","-20","G","1418311093","{\"orderID\":\"1103\",\"orderDetailId\":3430}","0","0","sub","1103");
INSERT INTO transaction VALUES("797","46","X","-40","ML","1418311093","{\"orderID\":\"1103\",\"orderDetailId\":3430}","0","0","sub","1103");
INSERT INTO transaction VALUES("798","21","X","-30","ML","1418311093","{\"orderID\":\"1103\",\"orderDetailId\":3430}","0","0","sub","1103");
INSERT INTO transaction VALUES("799","54","X","-8","Cai","1418311093","{\"orderID\":\"1103\",\"orderDetailId\":3430}","0","0","sub","1103");
INSERT INTO transaction VALUES("800","43","X","-22.5","ML","1418311093","{\"orderID\":\"1103\",\"orderDetailId\":3430}","0","0","sub","1103");
INSERT INTO transaction VALUES("801","44","X","-22.5","ML","1418311093","{\"orderID\":\"1103\",\"orderDetailId\":3430}","0","0","sub","1103");
INSERT INTO transaction VALUES("802","21","X","-10","ML","1418311093","{\"orderID\":\"1103\",\"orderDetailId\":3431}","0","0","sub","1103");
INSERT INTO transaction VALUES("803","2","X","-15","ML","1418311093","{\"orderID\":\"1103\",\"orderDetailId\":3431}","0","0","sub","1103");
INSERT INTO transaction VALUES("804","25","X","-20","G","1418311093","{\"orderID\":\"1103\",\"orderDetailId\":3431}","0","0","sub","1103");
INSERT INTO transaction VALUES("805","39","X","-8","G","1418311093","{\"orderID\":\"1103\",\"orderDetailId\":3431}","0","0","sub","1103");
INSERT INTO transaction VALUES("806","44","X","-22.5","ML","1418311093","{\"orderID\":\"1103\",\"orderDetailId\":3431}","0","0","sub","1103");
INSERT INTO transaction VALUES("807","43","X","-22.5","ML","1418311093","{\"orderID\":\"1103\",\"orderDetailId\":3431}","0","0","sub","1103");
INSERT INTO transaction VALUES("808","54","X","-8","Cai","1418311093","{\"orderID\":\"1103\",\"orderDetailId\":3431}","0","0","sub","1103");
INSERT INTO transaction VALUES("809","21","X","-20","ML","1418311093","{\"orderID\":\"1103\",\"orderDetailId\":3432}","0","0","sub","1103");
INSERT INTO transaction VALUES("810","23","X","-20","G","1418311093","{\"orderID\":\"1103\",\"orderDetailId\":3432}","0","0","sub","1103");
INSERT INTO transaction VALUES("811","25","X","-20","G","1418311093","{\"orderID\":\"1103\",\"orderDetailId\":3432}","0","0","sub","1103");
INSERT INTO transaction VALUES("812","39","X","-30","G","1418311093","{\"orderID\":\"1103\",\"orderDetailId\":3432}","0","0","sub","1103");
INSERT INTO transaction VALUES("813","54","X","-8","Cai","1418311093","{\"orderID\":\"1103\",\"orderDetailId\":3432}","0","0","sub","1103");
INSERT INTO transaction VALUES("814","43","X","-22.5","ML","1418311093","{\"orderID\":\"1103\",\"orderDetailId\":3432}","0","0","sub","1103");
INSERT INTO transaction VALUES("815","44","X","-22.5","ML","1418311093","{\"orderID\":\"1103\",\"orderDetailId\":3432}","0","0","sub","1103");
INSERT INTO transaction VALUES("816","34","X","-0.125","Trai","1418311093","{\"orderID\":\"1103\",\"orderDetailId\":3433}","0","0","sub","1103");
INSERT INTO transaction VALUES("817","31","X","-0.125","Trai","1418311093","{\"orderID\":\"1103\",\"orderDetailId\":3433}","0","0","sub","1103");
INSERT INTO transaction VALUES("818","33","X","-0.125","Trai","1418311093","{\"orderID\":\"1103\",\"orderDetailId\":3433}","0","0","sub","1103");
INSERT INTO transaction VALUES("819","49","X","-1","KG","1418311093","{\"orderID\":\"1103\",\"orderDetailId\":3433}","0","0","sub","1103");
INSERT INTO transaction VALUES("820","37","X","-15","ML","1418311093","{\"orderID\":\"1103\",\"orderDetailId\":3433}","0","0","sub","1103");
INSERT INTO transaction VALUES("821","53","X","-2","Trai","1418311093","{\"orderID\":\"1103\",\"orderDetailId\":3433}","0","0","sub","1103");
INSERT INTO transaction VALUES("822","60","X","-1","Hu","1418311093","{\"orderID\":\"1103\",\"orderDetailId\":3434}","0","0","sub","1103");
INSERT INTO transaction VALUES("823","25","X","-20","G","1418311093","{\"orderID\":\"1103\",\"orderDetailId\":3435}","0","0","sub","1103");
INSERT INTO transaction VALUES("824","23","X","-20","G","1418311093","{\"orderID\":\"1103\",\"orderDetailId\":3435}","0","0","sub","1103");
INSERT INTO transaction VALUES("825","46","X","-40","ML","1418311093","{\"orderID\":\"1103\",\"orderDetailId\":3435}","0","0","sub","1103");
INSERT INTO transaction VALUES("826","21","X","-30","ML","1418311093","{\"orderID\":\"1103\",\"orderDetailId\":3435}","0","0","sub","1103");
INSERT INTO transaction VALUES("827","54","X","-8","Cai","1418311093","{\"orderID\":\"1103\",\"orderDetailId\":3435}","0","0","sub","1103");
INSERT INTO transaction VALUES("828","43","X","-22.5","ML","1418311093","{\"orderID\":\"1103\",\"orderDetailId\":3435}","0","0","sub","1103");
INSERT INTO transaction VALUES("829","44","X","-22.5","ML","1418311093","{\"orderID\":\"1103\",\"orderDetailId\":3435}","0","0","sub","1103");
INSERT INTO transaction VALUES("831","20","X","-20","G","1418311937","{\"orderID\":\"1104\",\"orderDetailId\":3437}","0","0","sub","1104");
INSERT INTO transaction VALUES("850","45","X","-2","Cai","1418354644","{\"orderID\":\"1105\",\"orderDetailId\":3440}","0","0","sub","1105");
INSERT INTO transaction VALUES("851","23","X","-20","G","1418354644","{\"orderID\":\"1105\",\"orderDetailId\":3440}","0","0","sub","1105");
INSERT INTO transaction VALUES("852","21","X","-10","ML","1418354644","{\"orderID\":\"1105\",\"orderDetailId\":3440}","0","0","sub","1105");
INSERT INTO transaction VALUES("853","46","X","-40","ML","1418354644","{\"orderID\":\"1105\",\"orderDetailId\":3440}","0","0","sub","1105");
INSERT INTO transaction VALUES("854","25","X","-20","G","1418354644","{\"orderID\":\"1105\",\"orderDetailId\":3440}","0","0","sub","1105");
INSERT INTO transaction VALUES("855","17","X","-5","G","1418354644","{\"orderID\":\"1105\",\"orderDetailId\":3440}","0","0","sub","1105");
INSERT INTO transaction VALUES("856","43","X","-22.5","ML","1418354644","{\"orderID\":\"1105\",\"orderDetailId\":3440}","0","0","sub","1105");
INSERT INTO transaction VALUES("857","44","X","-22.5","ML","1418354644","{\"orderID\":\"1105\",\"orderDetailId\":3440}","0","0","sub","1105");
INSERT INTO transaction VALUES("858","19","X","-15","ML","1418354644","{\"orderID\":\"1105\",\"orderDetailId\":3440}","0","0","sub","1105");
INSERT INTO transaction VALUES("859","45","X","-2","Cai","1418354644","{\"orderID\":\"1105\",\"orderDetailId\":3441}","0","0","sub","1105");
INSERT INTO transaction VALUES("860","23","X","-20","G","1418354644","{\"orderID\":\"1105\",\"orderDetailId\":3441}","0","0","sub","1105");
INSERT INTO transaction VALUES("861","21","X","-10","ML","1418354644","{\"orderID\":\"1105\",\"orderDetailId\":3441}","0","0","sub","1105");
INSERT INTO transaction VALUES("862","46","X","-40","ML","1418354644","{\"orderID\":\"1105\",\"orderDetailId\":3441}","0","0","sub","1105");
INSERT INTO transaction VALUES("863","25","X","-20","G","1418354644","{\"orderID\":\"1105\",\"orderDetailId\":3441}","0","0","sub","1105");
INSERT INTO transaction VALUES("864","17","X","-5","G","1418354644","{\"orderID\":\"1105\",\"orderDetailId\":3441}","0","0","sub","1105");
INSERT INTO transaction VALUES("865","43","X","-22.5","ML","1418354644","{\"orderID\":\"1105\",\"orderDetailId\":3441}","0","0","sub","1105");
INSERT INTO transaction VALUES("866","44","X","-22.5","ML","1418354644","{\"orderID\":\"1105\",\"orderDetailId\":3441}","0","0","sub","1105");
INSERT INTO transaction VALUES("867","19","X","-15","ML","1418354644","{\"orderID\":\"1105\",\"orderDetailId\":3441}","0","0","sub","1105");
INSERT INTO transaction VALUES("890","21","X","-20","ML","1418360986","{\"orderID\":\"1107\",\"orderDetailId\":3453}","0","0","sub","1107");
INSERT INTO transaction VALUES("891","46","X","-50","ML","1418360986","{\"orderID\":\"1107\",\"orderDetailId\":3453}","0","0","sub","1107");
INSERT INTO transaction VALUES("892","39","X","-20","G","1418360986","{\"orderID\":\"1107\",\"orderDetailId\":3453}","0","0","sub","1107");
INSERT INTO transaction VALUES("893","6","X","-30","ML","1418361865","{\"orderID\":\"1109\",\"orderDetailId\":3456}","0","0","sub","1109");
INSERT INTO transaction VALUES("894","52","X","-150","ML","1418361865","{\"orderID\":\"1109\",\"orderDetailId\":3456}","0","0","sub","1109");
INSERT INTO transaction VALUES("895","44","X","-22.5","ML","1418361865","{\"orderID\":\"1109\",\"orderDetailId\":3456}","0","0","sub","1109");
INSERT INTO transaction VALUES("896","43","X","-22.5","ML","1418361865","{\"orderID\":\"1109\",\"orderDetailId\":3456}","0","0","sub","1109");
INSERT INTO transaction VALUES("897","39","X","-60","G","1418362414","{\"orderID\":\"1108\",\"orderDetailId\":3464}","0","0","sub","1108");
INSERT INTO transaction VALUES("898","8","X","-20","ML","1418362414","{\"orderID\":\"1108\",\"orderDetailId\":3465}","0","0","sub","1108");
INSERT INTO transaction VALUES("899","3","X","-5","ML","1418362414","{\"orderID\":\"1108\",\"orderDetailId\":3465}","0","0","sub","1108");
INSERT INTO transaction VALUES("900","5","X","-5","ML","1418362414","{\"orderID\":\"1108\",\"orderDetailId\":3465}","0","0","sub","1108");
INSERT INTO transaction VALUES("901","52","X","-150","ML","1418362414","{\"orderID\":\"1108\",\"orderDetailId\":3465}","0","0","sub","1108");
INSERT INTO transaction VALUES("902","43","X","-22.5","ML","1418362414","{\"orderID\":\"1108\",\"orderDetailId\":3465}","0","0","sub","1108");
INSERT INTO transaction VALUES("903","44","X","-22.5","ML","1418362414","{\"orderID\":\"1108\",\"orderDetailId\":3465}","0","0","sub","1108");
INSERT INTO transaction VALUES("904","31","X","-1","Trai","1418362537","{\"orderID\":\"1110\",\"orderDetailId\":3466}","0","0","sub","1110");
INSERT INTO transaction VALUES("905","53","X","-6","Trai","1418362537","{\"orderID\":\"1110\",\"orderDetailId\":3467}","0","0","sub","1110");
INSERT INTO transaction VALUES("906","46","X","-30","ML","1418362537","{\"orderID\":\"1110\",\"orderDetailId\":3467}","0","0","sub","1110");
INSERT INTO transaction VALUES("907","21","X","-20","ML","1418362537","{\"orderID\":\"1110\",\"orderDetailId\":3467}","0","0","sub","1110");
INSERT INTO transaction VALUES("908","18","X","-15","ML","1418362537","{\"orderID\":\"1110\",\"orderDetailId\":3467}","0","0","sub","1110");
INSERT INTO transaction VALUES("909","39","X","-30","G","1418362537","{\"orderID\":\"1110\",\"orderDetailId\":3468}","0","0","sub","1110");
INSERT INTO transaction VALUES("911","60","X","-1","Hu","1418364761","{\"orderID\":\"1106\",\"orderDetailId\":3478}","0","0","sub","1106");
INSERT INTO transaction VALUES("912","21","X","-10","ML","1418365855","{\"orderID\":1118,\"orderDetailId\":3481}","0","0","sub","1118");
INSERT INTO transaction VALUES("913","2","X","-15","ML","1418365855","{\"orderID\":1118,\"orderDetailId\":3481}","0","0","sub","1118");
INSERT INTO transaction VALUES("914","25","X","-20","G","1418365855","{\"orderID\":1118,\"orderDetailId\":3481}","0","0","sub","1118");
INSERT INTO transaction VALUES("915","39","X","-8","G","1418365855","{\"orderID\":1118,\"orderDetailId\":3481}","0","0","sub","1118");
INSERT INTO transaction VALUES("916","44","X","-22.5","ML","1418365855","{\"orderID\":1118,\"orderDetailId\":3481}","0","0","sub","1118");
INSERT INTO transaction VALUES("917","43","X","-22.5","ML","1418365855","{\"orderID\":1118,\"orderDetailId\":3481}","0","0","sub","1118");
INSERT INTO transaction VALUES("918","54","X","-8","Cai","1418365855","{\"orderID\":1118,\"orderDetailId\":3481}","0","0","sub","1118");
INSERT INTO transaction VALUES("935","46","X","-50","ML","1418367161","{\"orderID\":\"1117\",\"orderDetailId\":3488}","0","0","sub","1117");
INSERT INTO transaction VALUES("936","22","X","-12","G","1418367161","{\"orderID\":\"1117\",\"orderDetailId\":3488}","0","0","sub","1117");
INSERT INTO transaction VALUES("937","56","X","-10","G","1418367162","{\"orderID\":\"1117\",\"orderDetailId\":3488}","0","0","sub","1117");
INSERT INTO transaction VALUES("938","21","X","-30","ML","1418367162","{\"orderID\":\"1117\",\"orderDetailId\":3488}","0","0","sub","1117");
INSERT INTO transaction VALUES("939","43","X","-22.5","ML","1418367162","{\"orderID\":\"1117\",\"orderDetailId\":3488}","0","0","sub","1117");
INSERT INTO transaction VALUES("940","44","X","-22.5","ML","1418367162","{\"orderID\":\"1117\",\"orderDetailId\":3488}","0","0","sub","1117");
INSERT INTO transaction VALUES("941","0","X","-0","","1418367162","{\"orderID\":\"1117\",\"orderDetailId\":3488}","0","0","sub","1117");
INSERT INTO transaction VALUES("942","45","X","-2","Cai","1418367162","{\"orderID\":\"1117\",\"orderDetailId\":3489}","0","0","sub","1117");
INSERT INTO transaction VALUES("943","23","X","-20","G","1418367162","{\"orderID\":\"1117\",\"orderDetailId\":3489}","0","0","sub","1117");
INSERT INTO transaction VALUES("944","21","X","-10","ML","1418367162","{\"orderID\":\"1117\",\"orderDetailId\":3489}","0","0","sub","1117");
INSERT INTO transaction VALUES("945","46","X","-40","ML","1418367162","{\"orderID\":\"1117\",\"orderDetailId\":3489}","0","0","sub","1117");
INSERT INTO transaction VALUES("946","25","X","-20","G","1418367162","{\"orderID\":\"1117\",\"orderDetailId\":3489}","0","0","sub","1117");
INSERT INTO transaction VALUES("947","17","X","-5","G","1418367162","{\"orderID\":\"1117\",\"orderDetailId\":3489}","0","0","sub","1117");
INSERT INTO transaction VALUES("948","43","X","-22.5","ML","1418367162","{\"orderID\":\"1117\",\"orderDetailId\":3489}","0","0","sub","1117");
INSERT INTO transaction VALUES("949","44","X","-22.5","ML","1418367162","{\"orderID\":\"1117\",\"orderDetailId\":3489}","0","0","sub","1117");
INSERT INTO transaction VALUES("950","19","X","-15","ML","1418367162","{\"orderID\":\"1117\",\"orderDetailId\":3489}","0","0","sub","1117");
INSERT INTO transaction VALUES("951","60","X","-1","Hu","1418367448","{\"orderID\":1120,\"orderDetailId\":3491}","0","0","sub","1120");
INSERT INTO transaction VALUES("965","21","X","-10","ML","1418370883","{\"orderID\":1122,\"orderDetailId\":3495}","0","0","sub","1122");
INSERT INTO transaction VALUES("966","2","X","-15","ML","1418370883","{\"orderID\":1122,\"orderDetailId\":3495}","0","0","sub","1122");
INSERT INTO transaction VALUES("967","25","X","-20","G","1418370883","{\"orderID\":1122,\"orderDetailId\":3495}","0","0","sub","1122");
INSERT INTO transaction VALUES("968","39","X","-8","G","1418370883","{\"orderID\":1122,\"orderDetailId\":3495}","0","0","sub","1122");
INSERT INTO transaction VALUES("969","44","X","-22.5","ML","1418370883","{\"orderID\":1122,\"orderDetailId\":3495}","0","0","sub","1122");
INSERT INTO transaction VALUES("970","43","X","-22.5","ML","1418370883","{\"orderID\":1122,\"orderDetailId\":3495}","0","0","sub","1122");
INSERT INTO transaction VALUES("971","54","X","-8","Cai","1418370883","{\"orderID\":1122,\"orderDetailId\":3495}","0","0","sub","1122");
INSERT INTO transaction VALUES("972","7","X","-120","ML","1418373122","{\"orderID\":\"1121\",\"orderDetailId\":3496}","0","0","sub","1121");
INSERT INTO transaction VALUES("973","12","X","-60","ML","1418373122","{\"orderID\":\"1121\",\"orderDetailId\":3496}","0","0","sub","1121");
INSERT INTO transaction VALUES("974","21","X","-60","ML","1418373122","{\"orderID\":\"1121\",\"orderDetailId\":3496}","0","0","sub","1121");
INSERT INTO transaction VALUES("975","46","X","-30","ML","1418373122","{\"orderID\":\"1121\",\"orderDetailId\":3496}","0","0","sub","1121");
INSERT INTO transaction VALUES("976","21","X","-10","ML","1418373122","{\"orderID\":\"1121\",\"orderDetailId\":3497}","0","0","sub","1121");
INSERT INTO transaction VALUES("977","2","X","-15","ML","1418373122","{\"orderID\":\"1121\",\"orderDetailId\":3497}","0","0","sub","1121");
INSERT INTO transaction VALUES("978","25","X","-20","G","1418373122","{\"orderID\":\"1121\",\"orderDetailId\":3497}","0","0","sub","1121");
INSERT INTO transaction VALUES("979","39","X","-8","G","1418373122","{\"orderID\":\"1121\",\"orderDetailId\":3497}","0","0","sub","1121");
INSERT INTO transaction VALUES("980","44","X","-22.5","ML","1418373122","{\"orderID\":\"1121\",\"orderDetailId\":3497}","0","0","sub","1121");
INSERT INTO transaction VALUES("981","43","X","-22.5","ML","1418373122","{\"orderID\":\"1121\",\"orderDetailId\":3497}","0","0","sub","1121");
INSERT INTO transaction VALUES("982","54","X","-8","Cai","1418373122","{\"orderID\":\"1121\",\"orderDetailId\":3497}","0","0","sub","1121");
INSERT INTO transaction VALUES("983","71","N","35","Cai","1418379839","Nhập hàng","175000","12","main","0");
INSERT INTO transaction VALUES("984","65","N","35","Cai","1418379869","Nhập hàng","0","0","sub","0");
INSERT INTO transaction VALUES("985","71","X","-35","Cai","1418379869","Insert sub store","0","0","main","0");
INSERT INTO transaction VALUES("986","29","X","-1","Goi","1418380205","{\"orderID\":\"1116\",\"orderDetailId\":3498}","0","0","sub","1116");
INSERT INTO transaction VALUES("987","28","X","-2","Goi","1418380205","{\"orderID\":\"1116\",\"orderDetailId\":3498}","0","0","sub","1116");
INSERT INTO transaction VALUES("988","46","X","-50","ML","1418380592","{\"orderID\":1123,\"orderDetailId\":3499}","0","0","sub","1123");
INSERT INTO transaction VALUES("989","22","X","-12","G","1418380592","{\"orderID\":1123,\"orderDetailId\":3499}","0","0","sub","1123");
INSERT INTO transaction VALUES("990","56","X","-10","G","1418380592","{\"orderID\":1123,\"orderDetailId\":3499}","0","0","sub","1123");
INSERT INTO transaction VALUES("991","21","X","-30","ML","1418380592","{\"orderID\":1123,\"orderDetailId\":3499}","0","0","sub","1123");
INSERT INTO transaction VALUES("992","43","X","-22.5","ML","1418380592","{\"orderID\":1123,\"orderDetailId\":3499}","0","0","sub","1123");
INSERT INTO transaction VALUES("993","44","X","-22.5","ML","1418380592","{\"orderID\":1123,\"orderDetailId\":3499}","0","0","sub","1123");
INSERT INTO transaction VALUES("994","0","X","-0","","1418380592","{\"orderID\":1123,\"orderDetailId\":3499}","0","0","sub","1123");
INSERT INTO transaction VALUES("995","45","X","-2","Cai","1418380592","{\"orderID\":1123,\"orderDetailId\":3500}","0","0","sub","1123");
INSERT INTO transaction VALUES("996","23","X","-20","G","1418380592","{\"orderID\":1123,\"orderDetailId\":3500}","0","0","sub","1123");
INSERT INTO transaction VALUES("997","21","X","-10","ML","1418380592","{\"orderID\":1123,\"orderDetailId\":3500}","0","0","sub","1123");
INSERT INTO transaction VALUES("998","46","X","-40","ML","1418380592","{\"orderID\":1123,\"orderDetailId\":3500}","0","0","sub","1123");
INSERT INTO transaction VALUES("999","25","X","-20","G","1418380592","{\"orderID\":1123,\"orderDetailId\":3500}","0","0","sub","1123");
INSERT INTO transaction VALUES("1000","17","X","-5","G","1418380592","{\"orderID\":1123,\"orderDetailId\":3500}","0","0","sub","1123");
INSERT INTO transaction VALUES("1001","43","X","-22.5","ML","1418380592","{\"orderID\":1123,\"orderDetailId\":3500}","0","0","sub","1123");
INSERT INTO transaction VALUES("1002","44","X","-22.5","ML","1418380592","{\"orderID\":1123,\"orderDetailId\":3500}","0","0","sub","1123");
INSERT INTO transaction VALUES("1003","3","X","-15","ML","1418380592","{\"orderID\":1123,\"orderDetailId\":3500}","0","0","sub","1123");
INSERT INTO transaction VALUES("1004","46","X","-50","ML","1418380655","{\"orderID\":1124,\"orderDetailId\":3501}","0","0","sub","1124");
INSERT INTO transaction VALUES("1005","22","X","-12","G","1418380655","{\"orderID\":1124,\"orderDetailId\":3501}","0","0","sub","1124");
INSERT INTO transaction VALUES("1006","56","X","-10","G","1418380655","{\"orderID\":1124,\"orderDetailId\":3501}","0","0","sub","1124");
INSERT INTO transaction VALUES("1007","21","X","-30","ML","1418380655","{\"orderID\":1124,\"orderDetailId\":3501}","0","0","sub","1124");
INSERT INTO transaction VALUES("1008","43","X","-22.5","ML","1418380655","{\"orderID\":1124,\"orderDetailId\":3501}","0","0","sub","1124");
INSERT INTO transaction VALUES("1009","44","X","-22.5","ML","1418380655","{\"orderID\":1124,\"orderDetailId\":3501}","0","0","sub","1124");
INSERT INTO transaction VALUES("1010","0","X","-0","","1418380655","{\"orderID\":1124,\"orderDetailId\":3501}","0","0","sub","1124");
INSERT INTO transaction VALUES("1011","45","X","-2","Cai","1418380655","{\"orderID\":1124,\"orderDetailId\":3502}","0","0","sub","1124");
INSERT INTO transaction VALUES("1012","23","X","-20","G","1418380655","{\"orderID\":1124,\"orderDetailId\":3502}","0","0","sub","1124");
INSERT INTO transaction VALUES("1013","21","X","-10","ML","1418380655","{\"orderID\":1124,\"orderDetailId\":3502}","0","0","sub","1124");
INSERT INTO transaction VALUES("1014","46","X","-40","ML","1418380655","{\"orderID\":1124,\"orderDetailId\":3502}","0","0","sub","1124");
INSERT INTO transaction VALUES("1015","25","X","-20","G","1418380655","{\"orderID\":1124,\"orderDetailId\":3502}","0","0","sub","1124");
INSERT INTO transaction VALUES("1016","17","X","-5","G","1418380655","{\"orderID\":1124,\"orderDetailId\":3502}","0","0","sub","1124");
INSERT INTO transaction VALUES("1017","43","X","-22.5","ML","1418380655","{\"orderID\":1124,\"orderDetailId\":3502}","0","0","sub","1124");
INSERT INTO transaction VALUES("1018","44","X","-22.5","ML","1418380655","{\"orderID\":1124,\"orderDetailId\":3502}","0","0","sub","1124");
INSERT INTO transaction VALUES("1019","3","X","-15","ML","1418380655","{\"orderID\":1124,\"orderDetailId\":3502}","0","0","sub","1124");
INSERT INTO transaction VALUES("1036","45","X","-2","Cai","1418396045","{\"orderID\":\"1125\",\"orderDetailId\":3506}","0","0","sub","1125");
INSERT INTO transaction VALUES("1037","46","X","-60","ML","1418396045","{\"orderID\":\"1125\",\"orderDetailId\":3506}","0","0","sub","1125");
INSERT INTO transaction VALUES("1038","21","X","-10","ML","1418396045","{\"orderID\":\"1125\",\"orderDetailId\":3506}","0","0","sub","1125");
INSERT INTO transaction VALUES("1039","25","X","-20","G","1418396045","{\"orderID\":\"1125\",\"orderDetailId\":3506}","0","0","sub","1125");
INSERT INTO transaction VALUES("1040","43","X","-22.5","ML","1418396045","{\"orderID\":\"1125\",\"orderDetailId\":3506}","0","0","sub","1125");
INSERT INTO transaction VALUES("1041","44","X","-22.5","ML","1418396045","{\"orderID\":\"1125\",\"orderDetailId\":3506}","0","0","sub","1125");
INSERT INTO transaction VALUES("1042","5","X","-30","ML","1418396045","{\"orderID\":\"1125\",\"orderDetailId\":3507}","0","0","sub","1125");
INSERT INTO transaction VALUES("1043","4","X","-30","ML","1418396045","{\"orderID\":\"1125\",\"orderDetailId\":3507}","0","0","sub","1125");
INSERT INTO transaction VALUES("1044","18","X","-30","ML","1418396045","{\"orderID\":\"1125\",\"orderDetailId\":3507}","0","0","sub","1125");
INSERT INTO transaction VALUES("1045","43","X","-22.5","ML","1418396045","{\"orderID\":\"1125\",\"orderDetailId\":3507}","0","0","sub","1125");
INSERT INTO transaction VALUES("1046","44","X","-22.5","ML","1418396045","{\"orderID\":\"1125\",\"orderDetailId\":3507}","0","0","sub","1125");
INSERT INTO transaction VALUES("1047","52","X","-150","ML","1418396045","{\"orderID\":\"1125\",\"orderDetailId\":3507}","0","0","sub","1125");
INSERT INTO transaction VALUES("1048","7","X","-40","ML","1418396045","{\"orderID\":\"1125\",\"orderDetailId\":3508}","0","0","sub","1125");
INSERT INTO transaction VALUES("1049","12","X","-20","ML","1418396045","{\"orderID\":\"1125\",\"orderDetailId\":3508}","0","0","sub","1125");
INSERT INTO transaction VALUES("1050","21","X","-20","ML","1418396045","{\"orderID\":\"1125\",\"orderDetailId\":3508}","0","0","sub","1125");
INSERT INTO transaction VALUES("1051","46","X","-10","ML","1418396045","{\"orderID\":\"1125\",\"orderDetailId\":3508}","0","0","sub","1125");
INSERT INTO transaction VALUES("1052","45","X","-2","Cai","1418396292","{\"orderID\":1127,\"orderDetailId\":3510}","0","0","sub","1127");
INSERT INTO transaction VALUES("1053","46","X","-60","ML","1418396292","{\"orderID\":1127,\"orderDetailId\":3510}","0","0","sub","1127");
INSERT INTO transaction VALUES("1054","21","X","-10","ML","1418396292","{\"orderID\":1127,\"orderDetailId\":3510}","0","0","sub","1127");
INSERT INTO transaction VALUES("1055","25","X","-20","G","1418396292","{\"orderID\":1127,\"orderDetailId\":3510}","0","0","sub","1127");
INSERT INTO transaction VALUES("1056","43","X","-22.5","ML","1418396292","{\"orderID\":1127,\"orderDetailId\":3510}","0","0","sub","1127");
INSERT INTO transaction VALUES("1057","44","X","-22.5","ML","1418396292","{\"orderID\":1127,\"orderDetailId\":3510}","0","0","sub","1127");
INSERT INTO transaction VALUES("1058","7","X","-40","ML","1418396292","{\"orderID\":1127,\"orderDetailId\":3511}","0","0","sub","1127");
INSERT INTO transaction VALUES("1059","12","X","-20","ML","1418396292","{\"orderID\":1127,\"orderDetailId\":3511}","0","0","sub","1127");
INSERT INTO transaction VALUES("1060","21","X","-20","ML","1418396292","{\"orderID\":1127,\"orderDetailId\":3511}","0","0","sub","1127");
INSERT INTO transaction VALUES("1061","46","X","-10","ML","1418396292","{\"orderID\":1127,\"orderDetailId\":3511}","0","0","sub","1127");
INSERT INTO transaction VALUES("1062","5","X","-30","ML","1418396292","{\"orderID\":1127,\"orderDetailId\":3512}","0","0","sub","1127");
INSERT INTO transaction VALUES("1063","4","X","-30","ML","1418396292","{\"orderID\":1127,\"orderDetailId\":3512}","0","0","sub","1127");
INSERT INTO transaction VALUES("1064","18","X","-30","ML","1418396292","{\"orderID\":1127,\"orderDetailId\":3512}","0","0","sub","1127");
INSERT INTO transaction VALUES("1065","43","X","-22.5","ML","1418396292","{\"orderID\":1127,\"orderDetailId\":3512}","0","0","sub","1127");
INSERT INTO transaction VALUES("1066","44","X","-22.5","ML","1418396292","{\"orderID\":1127,\"orderDetailId\":3512}","0","0","sub","1127");
INSERT INTO transaction VALUES("1067","52","X","-150","ML","1418396292","{\"orderID\":1127,\"orderDetailId\":3512}","0","0","sub","1127");
INSERT INTO transaction VALUES("1068","21","X","-10","ML","1418397640","{\"orderID\":1128,\"orderDetailId\":3513}","0","0","sub","1128");
INSERT INTO transaction VALUES("1069","2","X","-15","ML","1418397640","{\"orderID\":1128,\"orderDetailId\":3513}","0","0","sub","1128");
INSERT INTO transaction VALUES("1070","25","X","-20","G","1418397640","{\"orderID\":1128,\"orderDetailId\":3513}","0","0","sub","1128");
INSERT INTO transaction VALUES("1071","39","X","-8","G","1418397640","{\"orderID\":1128,\"orderDetailId\":3513}","0","0","sub","1128");
INSERT INTO transaction VALUES("1072","44","X","-22.5","ML","1418397640","{\"orderID\":1128,\"orderDetailId\":3513}","0","0","sub","1128");
INSERT INTO transaction VALUES("1073","43","X","-22.5","ML","1418397640","{\"orderID\":1128,\"orderDetailId\":3513}","0","0","sub","1128");
INSERT INTO transaction VALUES("1074","54","X","-8","Cai","1418397640","{\"orderID\":1128,\"orderDetailId\":3513}","0","0","sub","1128");
INSERT INTO transaction VALUES("1075","60","X","-2","Hu","1418397640","{\"orderID\":1128,\"orderDetailId\":3514}","0","0","sub","1128");
INSERT INTO transaction VALUES("1076","21","X","-20","ML","1418437279","{\"orderID\":1129,\"orderDetailId\":3515}","0","0","sub","1129");
INSERT INTO transaction VALUES("1077","46","X","-50","ML","1418437279","{\"orderID\":1129,\"orderDetailId\":3515}","0","0","sub","1129");
INSERT INTO transaction VALUES("1078","39","X","-20","G","1418437279","{\"orderID\":1129,\"orderDetailId\":3515}","0","0","sub","1129");
INSERT INTO transaction VALUES("1079","33","X","-1","Trai","1418437279","{\"orderID\":1129,\"orderDetailId\":3516}","0","0","sub","1129");
INSERT INTO transaction VALUES("1089","21","X","-20","ML","1418442483","{\"orderID\":\"1135\",\"orderDetailId\":3525}","0","0","sub","1135");
INSERT INTO transaction VALUES("1090","39","X","-30","G","1418442483","{\"orderID\":\"1135\",\"orderDetailId\":3525}","0","0","sub","1135");
INSERT INTO transaction VALUES("1092","60","X","-1","Hu","1418442529","{\"orderID\":\"1136\",\"orderDetailId\":3528}","0","0","sub","1136");
INSERT INTO transaction VALUES("1101","21","X","-20","ML","1418442570","{\"orderID\":\"1137\",\"orderDetailId\":3532}","0","0","sub","1137");
INSERT INTO transaction VALUES("1102","23","X","-20","G","1418442570","{\"orderID\":\"1137\",\"orderDetailId\":3532}","0","0","sub","1137");
INSERT INTO transaction VALUES("1103","25","X","-20","G","1418442570","{\"orderID\":\"1137\",\"orderDetailId\":3532}","0","0","sub","1137");
INSERT INTO transaction VALUES("1104","39","X","-30","G","1418442570","{\"orderID\":\"1137\",\"orderDetailId\":3532}","0","0","sub","1137");
INSERT INTO transaction VALUES("1105","54","X","-8","Cai","1418442570","{\"orderID\":\"1137\",\"orderDetailId\":3532}","0","0","sub","1137");
INSERT INTO transaction VALUES("1106","43","X","-22.5","ML","1418442570","{\"orderID\":\"1137\",\"orderDetailId\":3532}","0","0","sub","1137");
INSERT INTO transaction VALUES("1107","44","X","-22.5","ML","1418442570","{\"orderID\":\"1137\",\"orderDetailId\":3532}","0","0","sub","1137");
INSERT INTO transaction VALUES("1108","32","X","-1","Trai","1418442570","{\"orderID\":\"1137\",\"orderDetailId\":3533}","0","0","sub","1137");
INSERT INTO transaction VALUES("1109","29","X","-1","Goi","1418442581","{\"orderID\":\"1134\",\"orderDetailId\":3534}","0","0","sub","1134");
INSERT INTO transaction VALUES("1110","28","X","-2","Goi","1418442581","{\"orderID\":\"1134\",\"orderDetailId\":3534}","0","0","sub","1134");
INSERT INTO transaction VALUES("1111","39","X","-30","G","1418442581","{\"orderID\":\"1134\",\"orderDetailId\":3535}","0","0","sub","1134");
INSERT INTO transaction VALUES("1119","60","X","-1","Hu","1418449376","{\"orderID\":1141,\"orderDetailId\":3540}","0","0","sub","1141");
INSERT INTO transaction VALUES("1120","60","X","-1","Hu","1418450639","{\"orderID\":1142,\"orderDetailId\":3541}","0","0","sub","1142");
INSERT INTO transaction VALUES("1170","21","X","-20","ML","1418464911","{\"orderID\":\"1138\",\"orderDetailId\":3554}","0","0","sub","1138");
INSERT INTO transaction VALUES("1171","2","X","-30","ML","1418464912","{\"orderID\":\"1138\",\"orderDetailId\":3554}","0","0","sub","1138");
INSERT INTO transaction VALUES("1172","25","X","-40","G","1418464912","{\"orderID\":\"1138\",\"orderDetailId\":3554}","0","0","sub","1138");
INSERT INTO transaction VALUES("1173","39","X","-16","G","1418464912","{\"orderID\":\"1138\",\"orderDetailId\":3554}","0","0","sub","1138");
INSERT INTO transaction VALUES("1174","44","X","-45","ML","1418464912","{\"orderID\":\"1138\",\"orderDetailId\":3554}","0","0","sub","1138");
INSERT INTO transaction VALUES("1175","43","X","-45","ML","1418464912","{\"orderID\":\"1138\",\"orderDetailId\":3554}","0","0","sub","1138");
INSERT INTO transaction VALUES("1176","54","X","-16","Cai","1418464912","{\"orderID\":\"1138\",\"orderDetailId\":3554}","0","0","sub","1138");
INSERT INTO transaction VALUES("1177","30","X","-2","Trai","1418464912","{\"orderID\":\"1138\",\"orderDetailId\":3555}","0","0","sub","1138");
INSERT INTO transaction VALUES("1178","30","X","-0.5","Trai","1418464912","{\"orderID\":\"1138\",\"orderDetailId\":3557}","0","0","sub","1138");
INSERT INTO transaction VALUES("1179","53","X","-3","Trai","1418464912","{\"orderID\":\"1138\",\"orderDetailId\":3557}","0","0","sub","1138");
INSERT INTO transaction VALUES("1180","47","X","-0.5","Trai","1418464912","{\"orderID\":\"1138\",\"orderDetailId\":3557}","0","0","sub","1138");
INSERT INTO transaction VALUES("1181","21","X","-20","ML","1418464912","{\"orderID\":\"1138\",\"orderDetailId\":3557}","0","0","sub","1138");
INSERT INTO transaction VALUES("1182","46","X","-30","ML","1418464912","{\"orderID\":\"1138\",\"orderDetailId\":3557}","0","0","sub","1138");
INSERT INTO transaction VALUES("1183","45","X","-2","Cai","1418466914","{\"orderID\":\"1143\",\"orderDetailId\":3559}","0","0","sub","1143");
INSERT INTO transaction VALUES("1184","23","X","-20","G","1418466914","{\"orderID\":\"1143\",\"orderDetailId\":3559}","0","0","sub","1143");
INSERT INTO transaction VALUES("1185","21","X","-10","ML","1418466914","{\"orderID\":\"1143\",\"orderDetailId\":3559}","0","0","sub","1143");
INSERT INTO transaction VALUES("1186","46","X","-40","ML","1418466914","{\"orderID\":\"1143\",\"orderDetailId\":3559}","0","0","sub","1143");
INSERT INTO transaction VALUES("1187","25","X","-20","G","1418466914","{\"orderID\":\"1143\",\"orderDetailId\":3559}","0","0","sub","1143");
INSERT INTO transaction VALUES("1188","17","X","-5","G","1418466914","{\"orderID\":\"1143\",\"orderDetailId\":3559}","0","0","sub","1143");
INSERT INTO transaction VALUES("1189","43","X","-22.5","ML","1418466914","{\"orderID\":\"1143\",\"orderDetailId\":3559}","0","0","sub","1143");
INSERT INTO transaction VALUES("1190","44","X","-22.5","ML","1418466914","{\"orderID\":\"1143\",\"orderDetailId\":3559}","0","0","sub","1143");
INSERT INTO transaction VALUES("1191","19","X","-15","ML","1418466914","{\"orderID\":\"1143\",\"orderDetailId\":3559}","0","0","sub","1143");
INSERT INTO transaction VALUES("1192","25","X","-20","G","1418466914","{\"orderID\":\"1143\",\"orderDetailId\":3560}","0","0","sub","1143");
INSERT INTO transaction VALUES("1193","23","X","-20","G","1418466914","{\"orderID\":\"1143\",\"orderDetailId\":3560}","0","0","sub","1143");
INSERT INTO transaction VALUES("1194","46","X","-40","ML","1418466914","{\"orderID\":\"1143\",\"orderDetailId\":3560}","0","0","sub","1143");
INSERT INTO transaction VALUES("1195","21","X","-30","ML","1418466914","{\"orderID\":\"1143\",\"orderDetailId\":3560}","0","0","sub","1143");
INSERT INTO transaction VALUES("1196","54","X","-8","Cai","1418466914","{\"orderID\":\"1143\",\"orderDetailId\":3560}","0","0","sub","1143");
INSERT INTO transaction VALUES("1197","43","X","-22.5","ML","1418466914","{\"orderID\":\"1143\",\"orderDetailId\":3560}","0","0","sub","1143");
INSERT INTO transaction VALUES("1198","44","X","-22.5","ML","1418466914","{\"orderID\":\"1143\",\"orderDetailId\":3560}","0","0","sub","1143");
INSERT INTO transaction VALUES("1199","46","X","-50","ML","1418466914","{\"orderID\":\"1143\",\"orderDetailId\":3561}","0","0","sub","1143");
INSERT INTO transaction VALUES("1200","22","X","-12","G","1418466914","{\"orderID\":\"1143\",\"orderDetailId\":3561}","0","0","sub","1143");
INSERT INTO transaction VALUES("1201","56","X","-10","G","1418466914","{\"orderID\":\"1143\",\"orderDetailId\":3561}","0","0","sub","1143");
INSERT INTO transaction VALUES("1202","21","X","-30","ML","1418466914","{\"orderID\":\"1143\",\"orderDetailId\":3561}","0","0","sub","1143");
INSERT INTO transaction VALUES("1203","43","X","-22.5","ML","1418466914","{\"orderID\":\"1143\",\"orderDetailId\":3561}","0","0","sub","1143");
INSERT INTO transaction VALUES("1204","44","X","-22.5","ML","1418466914","{\"orderID\":\"1143\",\"orderDetailId\":3561}","0","0","sub","1143");
INSERT INTO transaction VALUES("1205","0","X","-0","","1418466914","{\"orderID\":\"1143\",\"orderDetailId\":3561}","0","0","sub","1143");
INSERT INTO transaction VALUES("1206","45","X","-2","Cai","1418467080","{\"orderID\":1144,\"orderDetailId\":3562}","0","0","sub","1144");
INSERT INTO transaction VALUES("1207","23","X","-20","G","1418467080","{\"orderID\":1144,\"orderDetailId\":3562}","0","0","sub","1144");
INSERT INTO transaction VALUES("1208","21","X","-10","ML","1418467080","{\"orderID\":1144,\"orderDetailId\":3562}","0","0","sub","1144");
INSERT INTO transaction VALUES("1209","46","X","-40","ML","1418467080","{\"orderID\":1144,\"orderDetailId\":3562}","0","0","sub","1144");
INSERT INTO transaction VALUES("1210","25","X","-20","G","1418467080","{\"orderID\":1144,\"orderDetailId\":3562}","0","0","sub","1144");
INSERT INTO transaction VALUES("1211","17","X","-5","G","1418467080","{\"orderID\":1144,\"orderDetailId\":3562}","0","0","sub","1144");
INSERT INTO transaction VALUES("1212","43","X","-22.5","ML","1418467080","{\"orderID\":1144,\"orderDetailId\":3562}","0","0","sub","1144");
INSERT INTO transaction VALUES("1213","44","X","-22.5","ML","1418467080","{\"orderID\":1144,\"orderDetailId\":3562}","0","0","sub","1144");
INSERT INTO transaction VALUES("1214","19","X","-15","ML","1418467080","{\"orderID\":1144,\"orderDetailId\":3562}","0","0","sub","1144");
INSERT INTO transaction VALUES("1215","25","X","-20","G","1418467080","{\"orderID\":1144,\"orderDetailId\":3563}","0","0","sub","1144");
INSERT INTO transaction VALUES("1216","23","X","-20","G","1418467080","{\"orderID\":1144,\"orderDetailId\":3563}","0","0","sub","1144");
INSERT INTO transaction VALUES("1217","46","X","-40","ML","1418467080","{\"orderID\":1144,\"orderDetailId\":3563}","0","0","sub","1144");
INSERT INTO transaction VALUES("1218","21","X","-30","ML","1418467080","{\"orderID\":1144,\"orderDetailId\":3563}","0","0","sub","1144");
INSERT INTO transaction VALUES("1219","54","X","-8","Cai","1418467080","{\"orderID\":1144,\"orderDetailId\":3563}","0","0","sub","1144");
INSERT INTO transaction VALUES("1220","43","X","-22.5","ML","1418467080","{\"orderID\":1144,\"orderDetailId\":3563}","0","0","sub","1144");
INSERT INTO transaction VALUES("1221","44","X","-22.5","ML","1418467080","{\"orderID\":1144,\"orderDetailId\":3563}","0","0","sub","1144");
INSERT INTO transaction VALUES("1222","46","X","-50","ML","1418467080","{\"orderID\":1144,\"orderDetailId\":3564}","0","0","sub","1144");
INSERT INTO transaction VALUES("1223","22","X","-12","G","1418467080","{\"orderID\":1144,\"orderDetailId\":3564}","0","0","sub","1144");
INSERT INTO transaction VALUES("1224","56","X","-10","G","1418467080","{\"orderID\":1144,\"orderDetailId\":3564}","0","0","sub","1144");
INSERT INTO transaction VALUES("1225","21","X","-30","ML","1418467080","{\"orderID\":1144,\"orderDetailId\":3564}","0","0","sub","1144");
INSERT INTO transaction VALUES("1226","43","X","-22.5","ML","1418467080","{\"orderID\":1144,\"orderDetailId\":3564}","0","0","sub","1144");
INSERT INTO transaction VALUES("1227","44","X","-22.5","ML","1418467080","{\"orderID\":1144,\"orderDetailId\":3564}","0","0","sub","1144");
INSERT INTO transaction VALUES("1228","0","X","-0","","1418467080","{\"orderID\":1144,\"orderDetailId\":3564}","0","0","sub","1144");
INSERT INTO transaction VALUES("1237","46","X","-50","ML","1418469276","{\"orderID\":1147,\"orderDetailId\":3567}","0","0","sub","1147");
INSERT INTO transaction VALUES("1238","22","X","-12","G","1418469276","{\"orderID\":1147,\"orderDetailId\":3567}","0","0","sub","1147");
INSERT INTO transaction VALUES("1239","56","X","-10","G","1418469276","{\"orderID\":1147,\"orderDetailId\":3567}","0","0","sub","1147");
INSERT INTO transaction VALUES("1240","21","X","-30","ML","1418469276","{\"orderID\":1147,\"orderDetailId\":3567}","0","0","sub","1147");
INSERT INTO transaction VALUES("1241","43","X","-22.5","ML","1418469276","{\"orderID\":1147,\"orderDetailId\":3567}","0","0","sub","1147");
INSERT INTO transaction VALUES("1242","44","X","-22.5","ML","1418469276","{\"orderID\":1147,\"orderDetailId\":3567}","0","0","sub","1147");
INSERT INTO transaction VALUES("1243","0","X","-0","","1418469276","{\"orderID\":1147,\"orderDetailId\":3567}","0","0","sub","1147");
INSERT INTO transaction VALUES("1244","45","X","-2","Cai","1418469276","{\"orderID\":1147,\"orderDetailId\":3568}","0","0","sub","1147");
INSERT INTO transaction VALUES("1245","23","X","-20","G","1418469276","{\"orderID\":1147,\"orderDetailId\":3568}","0","0","sub","1147");
INSERT INTO transaction VALUES("1246","25","X","-20","G","1418469276","{\"orderID\":1147,\"orderDetailId\":3568}","0","0","sub","1147");
INSERT INTO transaction VALUES("1247","21","X","-10","ML","1418469276","{\"orderID\":1147,\"orderDetailId\":3568}","0","0","sub","1147");
INSERT INTO transaction VALUES("1248","46","X","-40","ML","1418469276","{\"orderID\":1147,\"orderDetailId\":3568}","0","0","sub","1147");
INSERT INTO transaction VALUES("1249","17","X","-5","G","1418469276","{\"orderID\":1147,\"orderDetailId\":3568}","0","0","sub","1147");
INSERT INTO transaction VALUES("1250","43","X","-22.5","ML","1418469276","{\"orderID\":1147,\"orderDetailId\":3568}","0","0","sub","1147");
INSERT INTO transaction VALUES("1251","44","X","-22.5","ML","1418469276","{\"orderID\":1147,\"orderDetailId\":3568}","0","0","sub","1147");
INSERT INTO transaction VALUES("1252","45","X","-2","Cai","1418473510","{\"orderID\":1148,\"orderDetailId\":3569}","0","0","sub","1148");
INSERT INTO transaction VALUES("1253","23","X","-20","G","1418473510","{\"orderID\":1148,\"orderDetailId\":3569}","0","0","sub","1148");
INSERT INTO transaction VALUES("1254","25","X","-20","G","1418473510","{\"orderID\":1148,\"orderDetailId\":3569}","0","0","sub","1148");
INSERT INTO transaction VALUES("1255","21","X","-10","ML","1418473510","{\"orderID\":1148,\"orderDetailId\":3569}","0","0","sub","1148");
INSERT INTO transaction VALUES("1256","46","X","-40","ML","1418473510","{\"orderID\":1148,\"orderDetailId\":3569}","0","0","sub","1148");
INSERT INTO transaction VALUES("1257","17","X","-5","G","1418473510","{\"orderID\":1148,\"orderDetailId\":3569}","0","0","sub","1148");
INSERT INTO transaction VALUES("1258","43","X","-22.5","ML","1418473510","{\"orderID\":1148,\"orderDetailId\":3569}","0","0","sub","1148");
INSERT INTO transaction VALUES("1259","44","X","-22.5","ML","1418473510","{\"orderID\":1148,\"orderDetailId\":3569}","0","0","sub","1148");
INSERT INTO transaction VALUES("1260","36","X","-15","ML","1418473510","{\"orderID\":1148,\"orderDetailId\":3570}","0","0","sub","1148");
INSERT INTO transaction VALUES("1261","15","X","-15","ML","1418473510","{\"orderID\":1148,\"orderDetailId\":3570}","0","0","sub","1148");
INSERT INTO transaction VALUES("1262","52","X","-150","ML","1418473510","{\"orderID\":1148,\"orderDetailId\":3570}","0","0","sub","1148");
INSERT INTO transaction VALUES("1263","43","X","-22.5","ML","1418473510","{\"orderID\":1148,\"orderDetailId\":3570}","0","0","sub","1148");
INSERT INTO transaction VALUES("1264","44","X","-22.5","ML","1418473510","{\"orderID\":1148,\"orderDetailId\":3570}","0","0","sub","1148");
INSERT INTO transaction VALUES("1265","21","X","-50","ML","1418473510","{\"orderID\":1148,\"orderDetailId\":3571}","0","0","sub","1148");
INSERT INTO transaction VALUES("1266","60","X","-1","Hu","1418473831","{\"orderID\":1149,\"orderDetailId\":3572}","0","0","sub","1149");
INSERT INTO transaction VALUES("1267","21","X","-20","ML","1418474282","{\"orderID\":1150,\"orderDetailId\":3573}","0","0","sub","1150");
INSERT INTO transaction VALUES("1268","39","X","-30","G","1418474282","{\"orderID\":1150,\"orderDetailId\":3573}","0","0","sub","1150");
INSERT INTO transaction VALUES("1269","30","X","-2","Trai","1418474300","{\"orderID\":\"1146\",\"orderDetailId\":3574}","0","0","sub","1146");
INSERT INTO transaction VALUES("1270","21","X","-10","ML","1418474313","{\"orderID\":\"1145\",\"orderDetailId\":3575}","0","0","sub","1145");
INSERT INTO transaction VALUES("1271","2","X","-15","ML","1418474313","{\"orderID\":\"1145\",\"orderDetailId\":3575}","0","0","sub","1145");
INSERT INTO transaction VALUES("1272","25","X","-20","G","1418474313","{\"orderID\":\"1145\",\"orderDetailId\":3575}","0","0","sub","1145");
INSERT INTO transaction VALUES("1273","39","X","-8","G","1418474313","{\"orderID\":\"1145\",\"orderDetailId\":3575}","0","0","sub","1145");
INSERT INTO transaction VALUES("1274","44","X","-22.5","ML","1418474313","{\"orderID\":\"1145\",\"orderDetailId\":3575}","0","0","sub","1145");
INSERT INTO transaction VALUES("1275","43","X","-22.5","ML","1418474313","{\"orderID\":\"1145\",\"orderDetailId\":3575}","0","0","sub","1145");
INSERT INTO transaction VALUES("1276","54","X","-8","Cai","1418474313","{\"orderID\":\"1145\",\"orderDetailId\":3575}","0","0","sub","1145");
INSERT INTO transaction VALUES("1301","32","X","-1","Trai","1418483346","{\"orderID\":1152,\"orderDetailId\":3580}","0","0","sub","1152");
INSERT INTO transaction VALUES("1302","8","X","-20","ML","1418483346","{\"orderID\":1152,\"orderDetailId\":3581}","0","0","sub","1152");
INSERT INTO transaction VALUES("1303","3","X","-5","ML","1418483346","{\"orderID\":1152,\"orderDetailId\":3581}","0","0","sub","1152");
INSERT INTO transaction VALUES("1304","5","X","-5","ML","1418483346","{\"orderID\":1152,\"orderDetailId\":3581}","0","0","sub","1152");
INSERT INTO transaction VALUES("1305","52","X","-150","ML","1418483346","{\"orderID\":1152,\"orderDetailId\":3581}","0","0","sub","1152");
INSERT INTO transaction VALUES("1306","43","X","-22.5","ML","1418483346","{\"orderID\":1152,\"orderDetailId\":3581}","0","0","sub","1152");
INSERT INTO transaction VALUES("1307","44","X","-22.5","ML","1418483346","{\"orderID\":1152,\"orderDetailId\":3581}","0","0","sub","1152");
INSERT INTO transaction VALUES("1387","46","X","-50","ML","1418483868","{\"orderID\":\"1151\",\"orderDetailId\":3599}","0","0","sub","1151");
INSERT INTO transaction VALUES("1388","22","X","-12","G","1418483868","{\"orderID\":\"1151\",\"orderDetailId\":3599}","0","0","sub","1151");
INSERT INTO transaction VALUES("1389","56","X","-10","G","1418483868","{\"orderID\":\"1151\",\"orderDetailId\":3599}","0","0","sub","1151");
INSERT INTO transaction VALUES("1390","21","X","-30","ML","1418483868","{\"orderID\":\"1151\",\"orderDetailId\":3599}","0","0","sub","1151");
INSERT INTO transaction VALUES("1391","43","X","-22.5","ML","1418483868","{\"orderID\":\"1151\",\"orderDetailId\":3599}","0","0","sub","1151");
INSERT INTO transaction VALUES("1392","44","X","-22.5","ML","1418483868","{\"orderID\":\"1151\",\"orderDetailId\":3599}","0","0","sub","1151");
INSERT INTO transaction VALUES("1393","0","X","-0","","1418483868","{\"orderID\":\"1151\",\"orderDetailId\":3599}","0","0","sub","1151");
INSERT INTO transaction VALUES("1394","25","X","-20","G","1418483868","{\"orderID\":\"1151\",\"orderDetailId\":3600}","0","0","sub","1151");
INSERT INTO transaction VALUES("1395","23","X","-20","G","1418483868","{\"orderID\":\"1151\",\"orderDetailId\":3600}","0","0","sub","1151");
INSERT INTO transaction VALUES("1396","46","X","-40","ML","1418483868","{\"orderID\":\"1151\",\"orderDetailId\":3600}","0","0","sub","1151");
INSERT INTO transaction VALUES("1397","21","X","-30","ML","1418483868","{\"orderID\":\"1151\",\"orderDetailId\":3600}","0","0","sub","1151");
INSERT INTO transaction VALUES("1398","54","X","-8","Cai","1418483868","{\"orderID\":\"1151\",\"orderDetailId\":3600}","0","0","sub","1151");
INSERT INTO transaction VALUES("1399","43","X","-22.5","ML","1418483868","{\"orderID\":\"1151\",\"orderDetailId\":3600}","0","0","sub","1151");
INSERT INTO transaction VALUES("1400","44","X","-22.5","ML","1418483868","{\"orderID\":\"1151\",\"orderDetailId\":3600}","0","0","sub","1151");
INSERT INTO transaction VALUES("1401","32","X","-1","Trai","1418483868","{\"orderID\":\"1151\",\"orderDetailId\":3601}","0","0","sub","1151");
INSERT INTO transaction VALUES("1402","45","X","-2","Cai","1418483868","{\"orderID\":\"1151\",\"orderDetailId\":3602}","0","0","sub","1151");
INSERT INTO transaction VALUES("1403","23","X","-20","G","1418483868","{\"orderID\":\"1151\",\"orderDetailId\":3602}","0","0","sub","1151");
INSERT INTO transaction VALUES("1404","21","X","-10","ML","1418483868","{\"orderID\":\"1151\",\"orderDetailId\":3602}","0","0","sub","1151");
INSERT INTO transaction VALUES("1405","46","X","-40","ML","1418483868","{\"orderID\":\"1151\",\"orderDetailId\":3602}","0","0","sub","1151");
INSERT INTO transaction VALUES("1406","25","X","-20","G","1418483868","{\"orderID\":\"1151\",\"orderDetailId\":3602}","0","0","sub","1151");
INSERT INTO transaction VALUES("1407","17","X","-5","G","1418483868","{\"orderID\":\"1151\",\"orderDetailId\":3602}","0","0","sub","1151");
INSERT INTO transaction VALUES("1408","43","X","-22.5","ML","1418483868","{\"orderID\":\"1151\",\"orderDetailId\":3602}","0","0","sub","1151");
INSERT INTO transaction VALUES("1409","44","X","-22.5","ML","1418483868","{\"orderID\":\"1151\",\"orderDetailId\":3602}","0","0","sub","1151");
INSERT INTO transaction VALUES("1410","19","X","-15","ML","1418483868","{\"orderID\":\"1151\",\"orderDetailId\":3602}","0","0","sub","1151");
INSERT INTO transaction VALUES("1411","53","X","-6","Trai","1418483868","{\"orderID\":\"1151\",\"orderDetailId\":3603}","0","0","sub","1151");
INSERT INTO transaction VALUES("1412","46","X","-30","ML","1418483868","{\"orderID\":\"1151\",\"orderDetailId\":3603}","0","0","sub","1151");
INSERT INTO transaction VALUES("1413","21","X","-20","ML","1418483868","{\"orderID\":\"1151\",\"orderDetailId\":3603}","0","0","sub","1151");
INSERT INTO transaction VALUES("1414","18","X","-15","ML","1418483868","{\"orderID\":\"1151\",\"orderDetailId\":3603}","0","0","sub","1151");
INSERT INTO transaction VALUES("1415","21","X","-10","ML","1418483868","{\"orderID\":\"1151\",\"orderDetailId\":3604}","0","0","sub","1151");
INSERT INTO transaction VALUES("1416","2","X","-15","ML","1418483868","{\"orderID\":\"1151\",\"orderDetailId\":3604}","0","0","sub","1151");
INSERT INTO transaction VALUES("1417","25","X","-20","G","1418483868","{\"orderID\":\"1151\",\"orderDetailId\":3604}","0","0","sub","1151");
INSERT INTO transaction VALUES("1418","39","X","-8","G","1418483868","{\"orderID\":\"1151\",\"orderDetailId\":3604}","0","0","sub","1151");
INSERT INTO transaction VALUES("1419","44","X","-22.5","ML","1418483868","{\"orderID\":\"1151\",\"orderDetailId\":3604}","0","0","sub","1151");
INSERT INTO transaction VALUES("1420","43","X","-22.5","ML","1418483868","{\"orderID\":\"1151\",\"orderDetailId\":3604}","0","0","sub","1151");
INSERT INTO transaction VALUES("1421","54","X","-8","Cai","1418483868","{\"orderID\":\"1151\",\"orderDetailId\":3604}","0","0","sub","1151");
INSERT INTO transaction VALUES("1422","53","X","-3","Trai","1418483868","{\"orderID\":\"1151\",\"orderDetailId\":3606}","0","0","sub","1151");
INSERT INTO transaction VALUES("1423","34","X","-0.125","Trai","1418483868","{\"orderID\":\"1151\",\"orderDetailId\":3606}","0","0","sub","1151");
INSERT INTO transaction VALUES("1424","35","X","-0.167","Trai","1418483868","{\"orderID\":\"1151\",\"orderDetailId\":3606}","0","0","sub","1151");
INSERT INTO transaction VALUES("1425","42","X","-0.5","Hu","1418483868","{\"orderID\":\"1151\",\"orderDetailId\":3606}","0","0","sub","1151");
INSERT INTO transaction VALUES("1426","60","X","-1","Hu","1418483868","{\"orderID\":\"1151\",\"orderDetailId\":3607}","0","0","sub","1151");
INSERT INTO transaction VALUES("1427","34","X","-0.25","Trai","1418485343","{\"orderID\":1153,\"orderDetailId\":3608}","0","0","sub","1153");
INSERT INTO transaction VALUES("1428","31","X","-0.25","Trai","1418485343","{\"orderID\":1153,\"orderDetailId\":3608}","0","0","sub","1153");
INSERT INTO transaction VALUES("1429","33","X","-0.25","Trai","1418485343","{\"orderID\":1153,\"orderDetailId\":3608}","0","0","sub","1153");
INSERT INTO transaction VALUES("1430","49","X","-2","KG","1418485343","{\"orderID\":1153,\"orderDetailId\":3608}","0","0","sub","1153");
INSERT INTO transaction VALUES("1431","37","X","-30","ML","1418485343","{\"orderID\":1153,\"orderDetailId\":3608}","0","0","sub","1153");
INSERT INTO transaction VALUES("1432","53","X","-4","Trai","1418485343","{\"orderID\":1153,\"orderDetailId\":3608}","0","0","sub","1153");
INSERT INTO transaction VALUES("1433","34","X","-0.25","Trai","1418485343","{\"orderID\":1153,\"orderDetailId\":3609}","0","0","sub","1153");
INSERT INTO transaction VALUES("1434","31","X","-0.25","Trai","1418485343","{\"orderID\":1153,\"orderDetailId\":3609}","0","0","sub","1153");
INSERT INTO transaction VALUES("1435","33","X","-0.25","Trai","1418485343","{\"orderID\":1153,\"orderDetailId\":3609}","0","0","sub","1153");
INSERT INTO transaction VALUES("1436","49","X","-2","KG","1418485343","{\"orderID\":1153,\"orderDetailId\":3609}","0","0","sub","1153");
INSERT INTO transaction VALUES("1437","37","X","-30","ML","1418485343","{\"orderID\":1153,\"orderDetailId\":3609}","0","0","sub","1153");
INSERT INTO transaction VALUES("1438","53","X","-4","Trai","1418485343","{\"orderID\":1153,\"orderDetailId\":3609}","0","0","sub","1153");
INSERT INTO transaction VALUES("1471","30","X","-0.5","Trai","1418525278","{\"orderID\":\"1154\",\"orderDetailId\":3625}","0","0","sub","1154");
INSERT INTO transaction VALUES("1472","53","X","-3","Trai","1418525278","{\"orderID\":\"1154\",\"orderDetailId\":3625}","0","0","sub","1154");
INSERT INTO transaction VALUES("1473","47","X","-0.5","Trai","1418525278","{\"orderID\":\"1154\",\"orderDetailId\":3625}","0","0","sub","1154");
INSERT INTO transaction VALUES("1474","21","X","-20","ML","1418525278","{\"orderID\":\"1154\",\"orderDetailId\":3625}","0","0","sub","1154");
INSERT INTO transaction VALUES("1475","46","X","-30","ML","1418525278","{\"orderID\":\"1154\",\"orderDetailId\":3625}","0","0","sub","1154");
INSERT INTO transaction VALUES("1476","36","X","-15","ML","1418525278","{\"orderID\":\"1154\",\"orderDetailId\":3626}","0","0","sub","1154");
INSERT INTO transaction VALUES("1477","15","X","-15","ML","1418525278","{\"orderID\":\"1154\",\"orderDetailId\":3626}","0","0","sub","1154");
INSERT INTO transaction VALUES("1478","52","X","-150","ML","1418525278","{\"orderID\":\"1154\",\"orderDetailId\":3626}","0","0","sub","1154");
INSERT INTO transaction VALUES("1479","43","X","-22.5","ML","1418525278","{\"orderID\":\"1154\",\"orderDetailId\":3626}","0","0","sub","1154");
INSERT INTO transaction VALUES("1480","44","X","-22.5","ML","1418525278","{\"orderID\":\"1154\",\"orderDetailId\":3626}","0","0","sub","1154");
INSERT INTO transaction VALUES("1481","39","X","-60","G","1418525304","{\"orderID\":\"1156\",\"orderDetailId\":3627}","0","0","sub","1156");
INSERT INTO transaction VALUES("1482","21","X","-20","ML","1418525314","{\"orderID\":\"1157\",\"orderDetailId\":3628}","0","0","sub","1157");
INSERT INTO transaction VALUES("1483","39","X","-30","G","1418525314","{\"orderID\":\"1157\",\"orderDetailId\":3628}","0","0","sub","1157");
INSERT INTO transaction VALUES("1486","39","X","-30","G","1418525336","{\"orderID\":\"1155\",\"orderDetailId\":3633}","0","0","sub","1155");
INSERT INTO transaction VALUES("1487","60","X","-1","Hu","1418525336","{\"orderID\":\"1155\",\"orderDetailId\":3634}","0","0","sub","1155");
INSERT INTO transaction VALUES("1488","21","X","-20","ML","1418532448","{\"orderID\":\"1158\",\"orderDetailId\":3637}","0","0","sub","1158");
INSERT INTO transaction VALUES("1489","39","X","-30","G","1418532448","{\"orderID\":\"1158\",\"orderDetailId\":3637}","0","0","sub","1158");
INSERT INTO transaction VALUES("1490","31","X","-1","Trai","1418532448","{\"orderID\":\"1158\",\"orderDetailId\":3638}","0","0","sub","1158");
INSERT INTO transaction VALUES("1491","45","X","-2","Cai","1418532448","{\"orderID\":\"1158\",\"orderDetailId\":3639}","0","0","sub","1158");
INSERT INTO transaction VALUES("1492","23","X","-20","G","1418532448","{\"orderID\":\"1158\",\"orderDetailId\":3639}","0","0","sub","1158");
INSERT INTO transaction VALUES("1493","21","X","-10","ML","1418532448","{\"orderID\":\"1158\",\"orderDetailId\":3639}","0","0","sub","1158");
INSERT INTO transaction VALUES("1494","46","X","-40","ML","1418532448","{\"orderID\":\"1158\",\"orderDetailId\":3639}","0","0","sub","1158");
INSERT INTO transaction VALUES("1495","25","X","-20","G","1418532448","{\"orderID\":\"1158\",\"orderDetailId\":3639}","0","0","sub","1158");
INSERT INTO transaction VALUES("1496","17","X","-5","G","1418532448","{\"orderID\":\"1158\",\"orderDetailId\":3639}","0","0","sub","1158");
INSERT INTO transaction VALUES("1497","43","X","-22.5","ML","1418532448","{\"orderID\":\"1158\",\"orderDetailId\":3639}","0","0","sub","1158");
INSERT INTO transaction VALUES("1498","44","X","-22.5","ML","1418532448","{\"orderID\":\"1158\",\"orderDetailId\":3639}","0","0","sub","1158");
INSERT INTO transaction VALUES("1499","19","X","-15","ML","1418532448","{\"orderID\":\"1158\",\"orderDetailId\":3639}","0","0","sub","1158");
INSERT INTO transaction VALUES("1508","29","X","-1","Goi","1418537010","{\"orderID\":\"1160\",\"orderDetailId\":3648}","0","0","sub","1160");
INSERT INTO transaction VALUES("1509","28","X","-2","Goi","1418537010","{\"orderID\":\"1160\",\"orderDetailId\":3648}","0","0","sub","1160");
INSERT INTO transaction VALUES("1510","27","X","-20","ML","1418537010","{\"orderID\":\"1160\",\"orderDetailId\":3649}","0","0","sub","1160");
INSERT INTO transaction VALUES("1511","42","X","-1","Hu","1418537010","{\"orderID\":\"1160\",\"orderDetailId\":3649}","0","0","sub","1160");
INSERT INTO transaction VALUES("1525","39","X","-30","G","1418547873","{\"orderID\":\"1162\",\"orderDetailId\":3655}","0","0","sub","1162");
INSERT INTO transaction VALUES("1526","21","X","-20","ML","1418547873","{\"orderID\":\"1162\",\"orderDetailId\":3656}","0","0","sub","1162");
INSERT INTO transaction VALUES("1527","23","X","-20","G","1418547873","{\"orderID\":\"1162\",\"orderDetailId\":3656}","0","0","sub","1162");
INSERT INTO transaction VALUES("1528","25","X","-20","G","1418547873","{\"orderID\":\"1162\",\"orderDetailId\":3656}","0","0","sub","1162");
INSERT INTO transaction VALUES("1529","39","X","-30","G","1418547873","{\"orderID\":\"1162\",\"orderDetailId\":3656}","0","0","sub","1162");
INSERT INTO transaction VALUES("1530","54","X","-8","Cai","1418547873","{\"orderID\":\"1162\",\"orderDetailId\":3656}","0","0","sub","1162");
INSERT INTO transaction VALUES("1531","43","X","-22.5","ML","1418547873","{\"orderID\":\"1162\",\"orderDetailId\":3656}","0","0","sub","1162");
INSERT INTO transaction VALUES("1532","44","X","-22.5","ML","1418547873","{\"orderID\":\"1162\",\"orderDetailId\":3656}","0","0","sub","1162");
INSERT INTO transaction VALUES("1533","8","X","-30","ML","1418547873","{\"orderID\":\"1162\",\"orderDetailId\":3657}","0","0","sub","1162");
INSERT INTO transaction VALUES("1534","52","X","-150","ML","1418547873","{\"orderID\":\"1162\",\"orderDetailId\":3657}","0","0","sub","1162");
INSERT INTO transaction VALUES("1535","43","X","-22.5","ML","1418547873","{\"orderID\":\"1162\",\"orderDetailId\":3657}","0","0","sub","1162");
INSERT INTO transaction VALUES("1536","44","X","-22.5","ML","1418547873","{\"orderID\":\"1162\",\"orderDetailId\":3657}","0","0","sub","1162");
INSERT INTO transaction VALUES("1549","21","X","-10","ML","1418550158","{\"orderID\":\"1163\",\"orderDetailId\":3660}","0","0","sub","1163");
INSERT INTO transaction VALUES("1550","2","X","-15","ML","1418550158","{\"orderID\":\"1163\",\"orderDetailId\":3660}","0","0","sub","1163");
INSERT INTO transaction VALUES("1551","25","X","-20","G","1418550158","{\"orderID\":\"1163\",\"orderDetailId\":3660}","0","0","sub","1163");
INSERT INTO transaction VALUES("1552","39","X","-8","G","1418550158","{\"orderID\":\"1163\",\"orderDetailId\":3660}","0","0","sub","1163");
INSERT INTO transaction VALUES("1553","44","X","-22.5","ML","1418550158","{\"orderID\":\"1163\",\"orderDetailId\":3660}","0","0","sub","1163");
INSERT INTO transaction VALUES("1554","43","X","-22.5","ML","1418550158","{\"orderID\":\"1163\",\"orderDetailId\":3660}","0","0","sub","1163");
INSERT INTO transaction VALUES("1555","54","X","-8","Cai","1418550158","{\"orderID\":\"1163\",\"orderDetailId\":3660}","0","0","sub","1163");
INSERT INTO transaction VALUES("1556","42","X","-1","Hu","1418550158","{\"orderID\":\"1163\",\"orderDetailId\":3661}","0","0","sub","1163");
INSERT INTO transaction VALUES("1557","38","X","-30","ML","1418550158","{\"orderID\":\"1163\",\"orderDetailId\":3661}","0","0","sub","1163");
INSERT INTO transaction VALUES("1558","21","X","-30","ML","1418550158","{\"orderID\":\"1163\",\"orderDetailId\":3661}","0","0","sub","1163");
INSERT INTO transaction VALUES("1559","43","X","-22.5","ML","1418550158","{\"orderID\":\"1163\",\"orderDetailId\":3661}","0","0","sub","1163");
INSERT INTO transaction VALUES("1560","44","X","-22.5","ML","1418550158","{\"orderID\":\"1163\",\"orderDetailId\":3661}","0","0","sub","1163");
INSERT INTO transaction VALUES("1575","30","X","-1","Trai","1418551632","{\"orderID\":1165,\"orderDetailId\":3664}","0","0","sub","1165");
INSERT INTO transaction VALUES("1576","53","X","-4","Trai","1418551632","{\"orderID\":1165,\"orderDetailId\":3664}","0","0","sub","1165");
INSERT INTO transaction VALUES("1577","18","X","-15","ML","1418551632","{\"orderID\":1165,\"orderDetailId\":3664}","0","0","sub","1165");
INSERT INTO transaction VALUES("1578","60","X","-2","Hu","1418553172","{\"orderID\":1166,\"orderDetailId\":3665}","0","0","sub","1166");
INSERT INTO transaction VALUES("1579","30","X","-2","Trai","1418553188","{\"orderID\":\"1161\",\"orderDetailId\":3666}","0","0","sub","1161");
INSERT INTO transaction VALUES("1580","21","X","-10","ML","1418553598","{\"orderID\":\"1164\",\"orderDetailId\":3667}","0","0","sub","1164");
INSERT INTO transaction VALUES("1581","2","X","-15","ML","1418553598","{\"orderID\":\"1164\",\"orderDetailId\":3667}","0","0","sub","1164");
INSERT INTO transaction VALUES("1582","25","X","-20","G","1418553598","{\"orderID\":\"1164\",\"orderDetailId\":3667}","0","0","sub","1164");
INSERT INTO transaction VALUES("1583","39","X","-8","G","1418553598","{\"orderID\":\"1164\",\"orderDetailId\":3667}","0","0","sub","1164");
INSERT INTO transaction VALUES("1584","44","X","-22.5","ML","1418553598","{\"orderID\":\"1164\",\"orderDetailId\":3667}","0","0","sub","1164");
INSERT INTO transaction VALUES("1585","43","X","-22.5","ML","1418553598","{\"orderID\":\"1164\",\"orderDetailId\":3667}","0","0","sub","1164");
INSERT INTO transaction VALUES("1586","54","X","-8","Cai","1418553598","{\"orderID\":\"1164\",\"orderDetailId\":3667}","0","0","sub","1164");
INSERT INTO transaction VALUES("1587","46","X","-50","ML","1418553598","{\"orderID\":\"1164\",\"orderDetailId\":3668}","0","0","sub","1164");
INSERT INTO transaction VALUES("1588","22","X","-12","G","1418553598","{\"orderID\":\"1164\",\"orderDetailId\":3668}","0","0","sub","1164");
INSERT INTO transaction VALUES("1589","56","X","-10","G","1418553598","{\"orderID\":\"1164\",\"orderDetailId\":3668}","0","0","sub","1164");
INSERT INTO transaction VALUES("1590","21","X","-30","ML","1418553598","{\"orderID\":\"1164\",\"orderDetailId\":3668}","0","0","sub","1164");
INSERT INTO transaction VALUES("1591","43","X","-22.5","ML","1418553598","{\"orderID\":\"1164\",\"orderDetailId\":3668}","0","0","sub","1164");
INSERT INTO transaction VALUES("1592","44","X","-22.5","ML","1418553598","{\"orderID\":\"1164\",\"orderDetailId\":3668}","0","0","sub","1164");
INSERT INTO transaction VALUES("1593","0","X","-0","","1418553598","{\"orderID\":\"1164\",\"orderDetailId\":3668}","0","0","sub","1164");
INSERT INTO transaction VALUES("1594","30","X","-2","Trai","1418558180","{\"orderID\":1167,\"orderDetailId\":3669}","0","0","sub","1167");
INSERT INTO transaction VALUES("1621","39","X","-30","G","1418614455","{\"orderID\":\"1171\",\"orderDetailId\":3679}","0","0","sub","1171");
INSERT INTO transaction VALUES("1622","21","X","-10","ML","1418614455","{\"orderID\":\"1171\",\"orderDetailId\":3680}","0","0","sub","1171");
INSERT INTO transaction VALUES("1623","2","X","-15","ML","1418614455","{\"orderID\":\"1171\",\"orderDetailId\":3680}","0","0","sub","1171");
INSERT INTO transaction VALUES("1624","25","X","-20","G","1418614455","{\"orderID\":\"1171\",\"orderDetailId\":3680}","0","0","sub","1171");
INSERT INTO transaction VALUES("1625","39","X","-8","G","1418614455","{\"orderID\":\"1171\",\"orderDetailId\":3680}","0","0","sub","1171");
INSERT INTO transaction VALUES("1626","44","X","-22.5","ML","1418614455","{\"orderID\":\"1171\",\"orderDetailId\":3680}","0","0","sub","1171");
INSERT INTO transaction VALUES("1627","43","X","-22.5","ML","1418614455","{\"orderID\":\"1171\",\"orderDetailId\":3680}","0","0","sub","1171");
INSERT INTO transaction VALUES("1628","54","X","-8","Cai","1418614455","{\"orderID\":\"1171\",\"orderDetailId\":3680}","0","0","sub","1171");
INSERT INTO transaction VALUES("1629","21","X","-10","ML","1418615060","{\"orderID\":1172,\"orderDetailId\":3681}","0","0","sub","1172");
INSERT INTO transaction VALUES("1630","2","X","-15","ML","1418615060","{\"orderID\":1172,\"orderDetailId\":3681}","0","0","sub","1172");
INSERT INTO transaction VALUES("1631","25","X","-20","G","1418615060","{\"orderID\":1172,\"orderDetailId\":3681}","0","0","sub","1172");
INSERT INTO transaction VALUES("1632","39","X","-8","G","1418615060","{\"orderID\":1172,\"orderDetailId\":3681}","0","0","sub","1172");
INSERT INTO transaction VALUES("1633","44","X","-22.5","ML","1418615060","{\"orderID\":1172,\"orderDetailId\":3681}","0","0","sub","1172");
INSERT INTO transaction VALUES("1634","43","X","-22.5","ML","1418615060","{\"orderID\":1172,\"orderDetailId\":3681}","0","0","sub","1172");
INSERT INTO transaction VALUES("1635","54","X","-8","Cai","1418615060","{\"orderID\":1172,\"orderDetailId\":3681}","0","0","sub","1172");
INSERT INTO transaction VALUES("1636","39","X","-30","G","1418615060","{\"orderID\":1172,\"orderDetailId\":3683}","0","0","sub","1172");
INSERT INTO transaction VALUES("1637","45","X","-2","Cai","1418615802","{\"orderID\":\"1170\",\"orderDetailId\":3684}","0","0","sub","1170");
INSERT INTO transaction VALUES("1638","46","X","-60","ML","1418615802","{\"orderID\":\"1170\",\"orderDetailId\":3684}","0","0","sub","1170");
INSERT INTO transaction VALUES("1639","21","X","-10","ML","1418615802","{\"orderID\":\"1170\",\"orderDetailId\":3684}","0","0","sub","1170");
INSERT INTO transaction VALUES("1640","25","X","-20","G","1418615802","{\"orderID\":\"1170\",\"orderDetailId\":3684}","0","0","sub","1170");
INSERT INTO transaction VALUES("1641","43","X","-22.5","ML","1418615802","{\"orderID\":\"1170\",\"orderDetailId\":3684}","0","0","sub","1170");
INSERT INTO transaction VALUES("1642","44","X","-22.5","ML","1418615802","{\"orderID\":\"1170\",\"orderDetailId\":3684}","0","0","sub","1170");
INSERT INTO transaction VALUES("1643","45","X","-2","Cai","1418615802","{\"orderID\":\"1170\",\"orderDetailId\":3685}","0","0","sub","1170");
INSERT INTO transaction VALUES("1644","23","X","-20","G","1418615802","{\"orderID\":\"1170\",\"orderDetailId\":3685}","0","0","sub","1170");
INSERT INTO transaction VALUES("1645","25","X","-20","G","1418615802","{\"orderID\":\"1170\",\"orderDetailId\":3685}","0","0","sub","1170");
INSERT INTO transaction VALUES("1646","21","X","-10","ML","1418615802","{\"orderID\":\"1170\",\"orderDetailId\":3685}","0","0","sub","1170");
INSERT INTO transaction VALUES("1647","46","X","-40","ML","1418615802","{\"orderID\":\"1170\",\"orderDetailId\":3685}","0","0","sub","1170");
INSERT INTO transaction VALUES("1648","17","X","-5","G","1418615802","{\"orderID\":\"1170\",\"orderDetailId\":3685}","0","0","sub","1170");
INSERT INTO transaction VALUES("1649","43","X","-22.5","ML","1418615802","{\"orderID\":\"1170\",\"orderDetailId\":3685}","0","0","sub","1170");
INSERT INTO transaction VALUES("1650","44","X","-22.5","ML","1418615802","{\"orderID\":\"1170\",\"orderDetailId\":3685}","0","0","sub","1170");
INSERT INTO transaction VALUES("1651","31","X","-0.5","Trai","1418616883","{\"orderID\":1173,\"orderDetailId\":3686}","0","0","sub","1173");
INSERT INTO transaction VALUES("1652","33","X","-0.5","Trai","1418616883","{\"orderID\":1173,\"orderDetailId\":3686}","0","0","sub","1173");
INSERT INTO transaction VALUES("1653","48","N","42","Cai","1418617396","Nhập hàng","40500","11","main","0");
INSERT INTO transaction VALUES("1654","45","N","42","Cai","1418617414","Nhập hàng","0","0","sub","0");
INSERT INTO transaction VALUES("1655","48","X","-42","Cai","1418617414","Insert sub store","0","0","main","0");
INSERT INTO transaction VALUES("1656","26","N","1","KG","1418617545","Nhập hàng","13000","6","main","0");
INSERT INTO transaction VALUES("1657","24","N","1","KG","1418617592","Nhập hàng","0","0","sub","0");
INSERT INTO transaction VALUES("1658","26","X","-1","KG","1418617592","Insert sub store","0","0","main","0");
INSERT INTO transaction VALUES("1659","46","N","3","L","1418618010","Nhập hàng","0","0","sub","0");
INSERT INTO transaction VALUES("1660","49","X","-3","L","1418618010","Insert sub store","0","0","main","0");
INSERT INTO transaction VALUES("1661","49","N","3","L","1418618010","Nhập hàng","82500","6","main","0");
INSERT INTO transaction VALUES("1675","34","N","1","Trai","1418618163","Nhập hàng","0","0","sub","0");
INSERT INTO transaction VALUES("1676","37","X","-1","Trai","1418618163","Insert sub store","0","0","main","0");
INSERT INTO transaction VALUES("1677","37","N","1","Trai","1418618163","Nhập hàng","10000","8","main","0");
INSERT INTO transaction VALUES("1678","30","N","10","Trai","1418618244","Nhập hàng","0","0","sub","0");
INSERT INTO transaction VALUES("1679","33","X","-10","Trai","1418618244","Insert sub store","0","0","main","0");
INSERT INTO transaction VALUES("1680","33","N","10","Trai","1418618244","Nhập hàng","52000","8","main","0");
INSERT INTO transaction VALUES("1681","34","N","10","Trai","1418618311","Nhập hàng","0","0","sub","0");
INSERT INTO transaction VALUES("1682","37","X","-10","Trai","1418618311","Insert sub store","0","0","main","0");
INSERT INTO transaction VALUES("1683","37","N","10","Trai","1418618311","Nhập hàng","10000","8","main","0");
INSERT INTO transaction VALUES("1710","31","N","6","Trai","1418618372","Nhập hàng","0","0","sub","0");
INSERT INTO transaction VALUES("1711","34","X","-6","Trai","1418618372","Insert sub store","0","0","main","0");
INSERT INTO transaction VALUES("1712","34","N","6","Trai","1418618372","Nhập hàng","30000","8","main","0");
INSERT INTO transaction VALUES("1713","32","N","3","Trai","1418618473","Nhập hàng","0","0","sub","0");
INSERT INTO transaction VALUES("1714","35","X","-3","Trai","1418618473","Insert sub store","0","0","main","0");
INSERT INTO transaction VALUES("1715","35","N","3","Trai","1418618473","Nhập hàng","36000","4","main","0");
INSERT INTO transaction VALUES("1716","35","N","4","Trai","1418618519","Nhập hàng","0","0","sub","0");
INSERT INTO transaction VALUES("1717","38","X","-4","Trai","1418618519","Insert sub store","0","0","main","0");
INSERT INTO transaction VALUES("1718","38","N","4","Trai","1418618519","Nhập hàng","35000","8","main","0");
INSERT INTO transaction VALUES("1719","33","N","3","Trai","1418618570","Nhập hàng","0","0","sub","0");
INSERT INTO transaction VALUES("1720","36","X","-3","Trai","1418618570","Insert sub store","0","0","main","0");
INSERT INTO transaction VALUES("1721","36","N","3","Trai","1418618570","Nhập hàng","15000","8","main","0");
INSERT INTO transaction VALUES("1722","39","X","-60","G","1418620358","{\"orderID\":\"1169\",\"orderDetailId\":3695}","0","0","sub","1169");
INSERT INTO transaction VALUES("1723","46","X","-50","ML","1418620434","{\"orderID\":\"1174\",\"orderDetailId\":3696}","0","0","sub","1174");
INSERT INTO transaction VALUES("1724","22","X","-12","G","1418620434","{\"orderID\":\"1174\",\"orderDetailId\":3696}","0","0","sub","1174");
INSERT INTO transaction VALUES("1725","56","X","-10","G","1418620434","{\"orderID\":\"1174\",\"orderDetailId\":3696}","0","0","sub","1174");
INSERT INTO transaction VALUES("1726","21","X","-30","ML","1418620434","{\"orderID\":\"1174\",\"orderDetailId\":3696}","0","0","sub","1174");
INSERT INTO transaction VALUES("1727","43","X","-22.5","ML","1418620434","{\"orderID\":\"1174\",\"orderDetailId\":3696}","0","0","sub","1174");
INSERT INTO transaction VALUES("1728","44","X","-22.5","ML","1418620434","{\"orderID\":\"1174\",\"orderDetailId\":3696}","0","0","sub","1174");
INSERT INTO transaction VALUES("1729","0","X","-0","","1418620434","{\"orderID\":\"1174\",\"orderDetailId\":3696}","0","0","sub","1174");
INSERT INTO transaction VALUES("1730","45","X","-2","Cai","1418620434","{\"orderID\":\"1174\",\"orderDetailId\":3697}","0","0","sub","1174");
INSERT INTO transaction VALUES("1731","46","X","-60","ML","1418620434","{\"orderID\":\"1174\",\"orderDetailId\":3697}","0","0","sub","1174");
INSERT INTO transaction VALUES("1732","21","X","-10","ML","1418620434","{\"orderID\":\"1174\",\"orderDetailId\":3697}","0","0","sub","1174");
INSERT INTO transaction VALUES("1733","25","X","-20","G","1418620434","{\"orderID\":\"1174\",\"orderDetailId\":3697}","0","0","sub","1174");
INSERT INTO transaction VALUES("1734","43","X","-22.5","ML","1418620434","{\"orderID\":\"1174\",\"orderDetailId\":3697}","0","0","sub","1174");
INSERT INTO transaction VALUES("1735","44","X","-22.5","ML","1418620434","{\"orderID\":\"1174\",\"orderDetailId\":3697}","0","0","sub","1174");
INSERT INTO transaction VALUES("1736","21","X","-10","ML","1418621640","{\"orderID\":1177,\"orderDetailId\":3699}","0","0","sub","1177");
INSERT INTO transaction VALUES("1737","2","X","-15","ML","1418621640","{\"orderID\":1177,\"orderDetailId\":3699}","0","0","sub","1177");
INSERT INTO transaction VALUES("1738","25","X","-20","G","1418621640","{\"orderID\":1177,\"orderDetailId\":3699}","0","0","sub","1177");
INSERT INTO transaction VALUES("1739","39","X","-8","G","1418621640","{\"orderID\":1177,\"orderDetailId\":3699}","0","0","sub","1177");
INSERT INTO transaction VALUES("1740","44","X","-22.5","ML","1418621640","{\"orderID\":1177,\"orderDetailId\":3699}","0","0","sub","1177");
INSERT INTO transaction VALUES("1741","43","X","-22.5","ML","1418621640","{\"orderID\":1177,\"orderDetailId\":3699}","0","0","sub","1177");
INSERT INTO transaction VALUES("1742","54","X","-8","Cai","1418621640","{\"orderID\":1177,\"orderDetailId\":3699}","0","0","sub","1177");
INSERT INTO transaction VALUES("1755","29","X","-1","Goi","1418624846","{\"orderID\":\"1168\",\"orderDetailId\":3714}","0","0","sub","1168");
INSERT INTO transaction VALUES("1756","28","X","-2","Goi","1418624846","{\"orderID\":\"1168\",\"orderDetailId\":3714}","0","0","sub","1168");
INSERT INTO transaction VALUES("1757","39","X","-30","G","1418624846","{\"orderID\":\"1168\",\"orderDetailId\":3715}","0","0","sub","1168");
INSERT INTO transaction VALUES("1758","47","X","-1","Trai","1418624846","{\"orderID\":\"1168\",\"orderDetailId\":3717}","0","0","sub","1168");
INSERT INTO transaction VALUES("1759","46","X","-40","ML","1418624846","{\"orderID\":\"1168\",\"orderDetailId\":3717}","0","0","sub","1168");
INSERT INTO transaction VALUES("1760","21","X","-30","ML","1418624846","{\"orderID\":\"1168\",\"orderDetailId\":3717}","0","0","sub","1168");
INSERT INTO transaction VALUES("1764","33","X","-1","Trai","1418627513","{\"orderID\":\"1180\",\"orderDetailId\":3722}","0","0","sub","1180");
INSERT INTO transaction VALUES("1765","27","X","-20","ML","1418627513","{\"orderID\":\"1180\",\"orderDetailId\":3723}","0","0","sub","1180");
INSERT INTO transaction VALUES("1766","42","X","-1","Hu","1418627513","{\"orderID\":\"1180\",\"orderDetailId\":3723}","0","0","sub","1180");
INSERT INTO transaction VALUES("1783","45","X","-2","Cai","1418642884","{\"orderID\":\"1181\",\"orderDetailId\":3726}","0","0","sub","1181");
INSERT INTO transaction VALUES("1784","23","X","-20","G","1418642884","{\"orderID\":\"1181\",\"orderDetailId\":3726}","0","0","sub","1181");
INSERT INTO transaction VALUES("1785","21","X","-10","ML","1418642884","{\"orderID\":\"1181\",\"orderDetailId\":3726}","0","0","sub","1181");
INSERT INTO transaction VALUES("1786","46","X","-40","ML","1418642884","{\"orderID\":\"1181\",\"orderDetailId\":3726}","0","0","sub","1181");
INSERT INTO transaction VALUES("1787","25","X","-20","G","1418642884","{\"orderID\":\"1181\",\"orderDetailId\":3726}","0","0","sub","1181");
INSERT INTO transaction VALUES("1788","17","X","-5","G","1418642884","{\"orderID\":\"1181\",\"orderDetailId\":3726}","0","0","sub","1181");
INSERT INTO transaction VALUES("1789","43","X","-22.5","ML","1418642884","{\"orderID\":\"1181\",\"orderDetailId\":3726}","0","0","sub","1181");
INSERT INTO transaction VALUES("1790","44","X","-22.5","ML","1418642884","{\"orderID\":\"1181\",\"orderDetailId\":3726}","0","0","sub","1181");
INSERT INTO transaction VALUES("1791","19","X","-15","ML","1418642884","{\"orderID\":\"1181\",\"orderDetailId\":3726}","0","0","sub","1181");
INSERT INTO transaction VALUES("1792","46","X","-50","ML","1418642884","{\"orderID\":\"1181\",\"orderDetailId\":3727}","0","0","sub","1181");
INSERT INTO transaction VALUES("1793","22","X","-12","G","1418642884","{\"orderID\":\"1181\",\"orderDetailId\":3727}","0","0","sub","1181");
INSERT INTO transaction VALUES("1794","56","X","-10","G","1418642884","{\"orderID\":\"1181\",\"orderDetailId\":3727}","0","0","sub","1181");
INSERT INTO transaction VALUES("1795","21","X","-30","ML","1418642884","{\"orderID\":\"1181\",\"orderDetailId\":3727}","0","0","sub","1181");
INSERT INTO transaction VALUES("1796","43","X","-22.5","ML","1418642884","{\"orderID\":\"1181\",\"orderDetailId\":3727}","0","0","sub","1181");
INSERT INTO transaction VALUES("1797","44","X","-22.5","ML","1418642884","{\"orderID\":\"1181\",\"orderDetailId\":3727}","0","0","sub","1181");
INSERT INTO transaction VALUES("1798","0","X","-0","","1418642884","{\"orderID\":\"1181\",\"orderDetailId\":3727}","0","0","sub","1181");
INSERT INTO transaction VALUES("1811","22","X","-15","G","1418649468","{\"orderID\":\"1182\",\"orderDetailId\":3730}","0","0","sub","1182");
INSERT INTO transaction VALUES("1812","56","X","-5","G","1418649468","{\"orderID\":\"1182\",\"orderDetailId\":3730}","0","0","sub","1182");
INSERT INTO transaction VALUES("1813","46","X","-40","ML","1418649468","{\"orderID\":\"1182\",\"orderDetailId\":3730}","0","0","sub","1182");
INSERT INTO transaction VALUES("1814","21","X","-30","ML","1418649468","{\"orderID\":\"1182\",\"orderDetailId\":3730}","0","0","sub","1182");
INSERT INTO transaction VALUES("1815","43","X","-22.5","ML","1418649468","{\"orderID\":\"1182\",\"orderDetailId\":3730}","0","0","sub","1182");
INSERT INTO transaction VALUES("1816","44","X","-22.5","ML","1418649468","{\"orderID\":\"1182\",\"orderDetailId\":3730}","0","0","sub","1182");
INSERT INTO transaction VALUES("1834","21","X","-20","ML","1418653628","{\"orderID\":\"1183\",\"orderDetailId\":3736}","0","0","sub","1183");
INSERT INTO transaction VALUES("1835","39","X","-30","G","1418653628","{\"orderID\":\"1183\",\"orderDetailId\":3736}","0","0","sub","1183");
INSERT INTO transaction VALUES("1836","11","X","-20","ML","1418653628","{\"orderID\":\"1183\",\"orderDetailId\":3737}","0","0","sub","1183");
INSERT INTO transaction VALUES("1837","19","X","-5","ML","1418653628","{\"orderID\":\"1183\",\"orderDetailId\":3737}","0","0","sub","1183");
INSERT INTO transaction VALUES("1838","10","X","-5","ML","1418653628","{\"orderID\":\"1183\",\"orderDetailId\":3737}","0","0","sub","1183");
INSERT INTO transaction VALUES("1839","52","X","-150","ML","1418653628","{\"orderID\":\"1183\",\"orderDetailId\":3737}","0","0","sub","1183");
INSERT INTO transaction VALUES("1840","44","X","-22.5","ML","1418653628","{\"orderID\":\"1183\",\"orderDetailId\":3737}","0","0","sub","1183");
INSERT INTO transaction VALUES("1841","43","X","-22.5","ML","1418653628","{\"orderID\":\"1183\",\"orderDetailId\":3737}","0","0","sub","1183");
INSERT INTO transaction VALUES("1842","32","X","-1","Trai","1418655621","{\"orderID\":\"1184\",\"orderDetailId\":3738}","0","0","sub","1184");
INSERT INTO transaction VALUES("1843","53","X","-3","Trai","1418699624","{\"orderID\":1185,\"orderDetailId\":3739}","0","0","sub","1185");
INSERT INTO transaction VALUES("1844","34","X","-0.125","Trai","1418699624","{\"orderID\":1185,\"orderDetailId\":3739}","0","0","sub","1185");
INSERT INTO transaction VALUES("1845","35","X","-0.167","Trai","1418699624","{\"orderID\":1185,\"orderDetailId\":3739}","0","0","sub","1185");
INSERT INTO transaction VALUES("1846","42","X","-0.5","Hu","1418699624","{\"orderID\":1185,\"orderDetailId\":3739}","0","0","sub","1185");
INSERT INTO transaction VALUES("1847","21","X","-20","ML","1418699624","{\"orderID\":1185,\"orderDetailId\":3740}","0","0","sub","1185");
INSERT INTO transaction VALUES("1848","39","X","-30","G","1418699624","{\"orderID\":1185,\"orderDetailId\":3740}","0","0","sub","1185");
INSERT INTO transaction VALUES("1849","30","X","-2","Trai","1418701682","{\"orderID\":1186,\"orderDetailId\":3741}","0","0","sub","1186");
INSERT INTO transaction VALUES("1876","46","X","-50","ML","1418705733","{\"orderID\":1189,\"orderDetailId\":3750}","0","0","sub","1189");
INSERT INTO transaction VALUES("1877","22","X","-12","G","1418705733","{\"orderID\":1189,\"orderDetailId\":3750}","0","0","sub","1189");
INSERT INTO transaction VALUES("1878","56","X","-10","G","1418705733","{\"orderID\":1189,\"orderDetailId\":3750}","0","0","sub","1189");
INSERT INTO transaction VALUES("1879","21","X","-30","ML","1418705733","{\"orderID\":1189,\"orderDetailId\":3750}","0","0","sub","1189");
INSERT INTO transaction VALUES("1880","43","X","-22.5","ML","1418705733","{\"orderID\":1189,\"orderDetailId\":3750}","0","0","sub","1189");
INSERT INTO transaction VALUES("1881","44","X","-22.5","ML","1418705733","{\"orderID\":1189,\"orderDetailId\":3750}","0","0","sub","1189");
INSERT INTO transaction VALUES("1882","0","X","-0","","1418705733","{\"orderID\":1189,\"orderDetailId\":3750}","0","0","sub","1189");
INSERT INTO transaction VALUES("1883","60","N","24","Hu","1418706435","Nhập hàng","0","0","sub","0");
INSERT INTO transaction VALUES("1884","67","X","-24","Hu","1418706435","Insert sub store","0","0","main","0");
INSERT INTO transaction VALUES("1885","67","N","24","Hu","1418706435","Nhập hàng","120000","12","main","0");
INSERT INTO transaction VALUES("1886","30","X","-0.5","Trai","1418708588","{\"orderID\":1192,\"orderDetailId\":3755}","0","0","sub","1192");
INSERT INTO transaction VALUES("1887","53","X","-3","Trai","1418708588","{\"orderID\":1192,\"orderDetailId\":3755}","0","0","sub","1192");
INSERT INTO transaction VALUES("1888","47","X","-0.5","Trai","1418708588","{\"orderID\":1192,\"orderDetailId\":3755}","0","0","sub","1192");
INSERT INTO transaction VALUES("1889","21","X","-20","ML","1418708588","{\"orderID\":1192,\"orderDetailId\":3755}","0","0","sub","1192");
INSERT INTO transaction VALUES("1890","46","X","-30","ML","1418708588","{\"orderID\":1192,\"orderDetailId\":3755}","0","0","sub","1192");
INSERT INTO transaction VALUES("1921","21","X","-10","ML","1418719481","{\"orderID\":\"1187\",\"orderDetailId\":3781}","0","0","sub","1187");
INSERT INTO transaction VALUES("1922","2","X","-15","ML","1418719481","{\"orderID\":\"1187\",\"orderDetailId\":3781}","0","0","sub","1187");
INSERT INTO transaction VALUES("1923","25","X","-20","G","1418719481","{\"orderID\":\"1187\",\"orderDetailId\":3781}","0","0","sub","1187");
INSERT INTO transaction VALUES("1924","39","X","-8","G","1418719481","{\"orderID\":\"1187\",\"orderDetailId\":3781}","0","0","sub","1187");
INSERT INTO transaction VALUES("1925","44","X","-22.5","ML","1418719481","{\"orderID\":\"1187\",\"orderDetailId\":3781}","0","0","sub","1187");
INSERT INTO transaction VALUES("1926","43","X","-22.5","ML","1418719481","{\"orderID\":\"1187\",\"orderDetailId\":3781}","0","0","sub","1187");
INSERT INTO transaction VALUES("1927","54","X","-8","Cai","1418719481","{\"orderID\":\"1187\",\"orderDetailId\":3781}","0","0","sub","1187");
INSERT INTO transaction VALUES("1928","42","X","-1","Hu","1418719481","{\"orderID\":\"1187\",\"orderDetailId\":3782}","0","0","sub","1187");
INSERT INTO transaction VALUES("1929","60","X","-1","Hu","1418719481","{\"orderID\":\"1187\",\"orderDetailId\":3785}","0","0","sub","1187");
INSERT INTO transaction VALUES("1930","29","X","-1","Goi","1418722604","{\"orderID\":\"1188\",\"orderDetailId\":3787}","0","0","sub","1188");
INSERT INTO transaction VALUES("1931","28","X","-2","Goi","1418722604","{\"orderID\":\"1188\",\"orderDetailId\":3787}","0","0","sub","1188");
INSERT INTO transaction VALUES("1932","42","N","16","Hu","1418724579","Nhập hàng","0","0","sub","0");
INSERT INTO transaction VALUES("1933","45","X","-16","Hu","1418724579","Insert sub store","0","0","main","0");
INSERT INTO transaction VALUES("1934","45","N","16","Hu","1418724579","Nhập hàng","80","4","main","0");
INSERT INTO transaction VALUES("1935","64","X","-1","Hu","1418733396","{\"orderID\":1196,\"orderDetailId\":3789}","0","0","sub","1196");
INSERT INTO transaction VALUES("1936","21","X","-50","ML","1418733396","{\"orderID\":1196,\"orderDetailId\":3791}","0","0","sub","1196");
INSERT INTO transaction VALUES("1938","39","X","-30","G","1418740156","{\"orderID\":\"1197\",\"orderDetailId\":3794}","0","0","sub","1197");
INSERT INTO transaction VALUES("1939","30","N","12","Trai","1418791787","Nhập hàng","0","0","sub","0");
INSERT INTO transaction VALUES("1940","33","X","-12","Trai","1418791787","Insert sub store","0","0","main","0");
INSERT INTO transaction VALUES("1941","33","N","12","Trai","1418791787","Nhập hàng","36000","8","main","0");
INSERT INTO transaction VALUES("1942","32","N","3","Trai","1418791846","Nhập hàng","0","0","sub","0");
INSERT INTO transaction VALUES("1943","35","X","-3","Trai","1418791846","Insert sub store","0","0","main","0");
INSERT INTO transaction VALUES("1944","35","N","3","Trai","1418791846","Nhập hàng","45000","8","main","0");
INSERT INTO transaction VALUES("1945","34","N","2","Trai","1418791921","Nhập hàng","0","0","sub","0");
INSERT INTO transaction VALUES("1946","37","X","-2","Trai","1418791921","Insert sub store","0","0","main","0");
INSERT INTO transaction VALUES("1947","37","N","2","Trai","1418791921","Nhập hàng","25000","8","main","0");
INSERT INTO transaction VALUES("1948","39","X","-60","G","1418794564","{\"orderID\":1199,\"orderDetailId\":3796}","0","0","sub","1199");
INSERT INTO transaction VALUES("1949","35","X","-0.5","Trai","1418796342","{\"orderID\":1202,\"orderDetailId\":3800}","0","0","sub","1202");
INSERT INTO transaction VALUES("1950","21","X","-30","ML","1418796342","{\"orderID\":1202,\"orderDetailId\":3800}","0","0","sub","1202");
INSERT INTO transaction VALUES("1951","46","X","-35","ML","1418796342","{\"orderID\":1202,\"orderDetailId\":3800}","0","0","sub","1202");
INSERT INTO transaction VALUES("1955","35","X","-0.5","Trai","1418796427","{\"orderID\":\"1203\",\"orderDetailId\":3802}","0","0","sub","1203");
INSERT INTO transaction VALUES("1956","21","X","-30","ML","1418796427","{\"orderID\":\"1203\",\"orderDetailId\":3802}","0","0","sub","1203");
INSERT INTO transaction VALUES("1957","46","X","-35","ML","1418796427","{\"orderID\":\"1203\",\"orderDetailId\":3802}","0","0","sub","1203");
INSERT INTO transaction VALUES("1965","21","X","-20","ML","1418806002","{\"orderID\":\"1204\",\"orderDetailId\":3805}","0","0","sub","1204");
INSERT INTO transaction VALUES("1966","2","X","-30","ML","1418806002","{\"orderID\":\"1204\",\"orderDetailId\":3805}","0","0","sub","1204");
INSERT INTO transaction VALUES("1967","25","X","-40","G","1418806002","{\"orderID\":\"1204\",\"orderDetailId\":3805}","0","0","sub","1204");
INSERT INTO transaction VALUES("1968","39","X","-16","G","1418806002","{\"orderID\":\"1204\",\"orderDetailId\":3805}","0","0","sub","1204");
INSERT INTO transaction VALUES("1969","44","X","-45","ML","1418806002","{\"orderID\":\"1204\",\"orderDetailId\":3805}","0","0","sub","1204");
INSERT INTO transaction VALUES("1970","43","X","-45","ML","1418806002","{\"orderID\":\"1204\",\"orderDetailId\":3805}","0","0","sub","1204");
INSERT INTO transaction VALUES("1971","54","X","-16","Cai","1418806002","{\"orderID\":\"1204\",\"orderDetailId\":3805}","0","0","sub","1204");
INSERT INTO transaction VALUES("1972","45","X","-4","Cai","1418806491","{\"orderID\":1205,\"orderDetailId\":3807}","0","0","sub","1205");
INSERT INTO transaction VALUES("1973","46","X","-120","ML","1418806491","{\"orderID\":1205,\"orderDetailId\":3807}","0","0","sub","1205");
INSERT INTO transaction VALUES("1974","21","X","-20","ML","1418806491","{\"orderID\":1205,\"orderDetailId\":3807}","0","0","sub","1205");
INSERT INTO transaction VALUES("1975","25","X","-40","G","1418806491","{\"orderID\":1205,\"orderDetailId\":3807}","0","0","sub","1205");
INSERT INTO transaction VALUES("1976","43","X","-45","ML","1418806491","{\"orderID\":1205,\"orderDetailId\":3807}","0","0","sub","1205");
INSERT INTO transaction VALUES("1977","44","X","-45","ML","1418806491","{\"orderID\":1205,\"orderDetailId\":3807}","0","0","sub","1205");
INSERT INTO transaction VALUES("1978","30","X","-2","Trai","1418807361","{\"orderID\":1207,\"orderDetailId\":3809}","0","0","sub","1207");
INSERT INTO transaction VALUES("1979","21","X","-20","ML","1418807417","{\"orderID\":1208,\"orderDetailId\":3810}","0","0","sub","1208");
INSERT INTO transaction VALUES("1980","2","X","-30","ML","1418807417","{\"orderID\":1208,\"orderDetailId\":3810}","0","0","sub","1208");
INSERT INTO transaction VALUES("1981","25","X","-40","G","1418807417","{\"orderID\":1208,\"orderDetailId\":3810}","0","0","sub","1208");
INSERT INTO transaction VALUES("1982","39","X","-16","G","1418807417","{\"orderID\":1208,\"orderDetailId\":3810}","0","0","sub","1208");
INSERT INTO transaction VALUES("1983","44","X","-45","ML","1418807417","{\"orderID\":1208,\"orderDetailId\":3810}","0","0","sub","1208");
INSERT INTO transaction VALUES("1984","43","X","-45","ML","1418807417","{\"orderID\":1208,\"orderDetailId\":3810}","0","0","sub","1208");
INSERT INTO transaction VALUES("1985","54","X","-16","Cai","1418807417","{\"orderID\":1208,\"orderDetailId\":3810}","0","0","sub","1208");
INSERT INTO transaction VALUES("1986","42","X","-1","Hu","1418807417","{\"orderID\":1208,\"orderDetailId\":3811}","0","0","sub","1208");
INSERT INTO transaction VALUES("1987","14","X","-30","ML","1418807417","{\"orderID\":1208,\"orderDetailId\":3811}","0","0","sub","1208");
INSERT INTO transaction VALUES("1988","21","X","-30","ML","1418807417","{\"orderID\":1208,\"orderDetailId\":3811}","0","0","sub","1208");
INSERT INTO transaction VALUES("1989","44","X","-22.5","ML","1418807417","{\"orderID\":1208,\"orderDetailId\":3811}","0","0","sub","1208");
INSERT INTO transaction VALUES("1990","43","X","-22.5","ML","1418807417","{\"orderID\":1208,\"orderDetailId\":3811}","0","0","sub","1208");
INSERT INTO transaction VALUES("1991","21","X","-40","ML","1418807417","{\"orderID\":1208,\"orderDetailId\":3812}","0","0","sub","1208");
INSERT INTO transaction VALUES("1992","39","X","-60","G","1418807417","{\"orderID\":1208,\"orderDetailId\":3812}","0","0","sub","1208");
INSERT INTO transaction VALUES("1993","29","X","-1","Goi","1418810309","{\"orderID\":1210,\"orderDetailId\":3814}","0","0","sub","1210");
INSERT INTO transaction VALUES("1994","28","X","-2","Goi","1418810309","{\"orderID\":1210,\"orderDetailId\":3814}","0","0","sub","1210");



DROP TABLE user;

CREATE TABLE `user` (
  `id` int(11) NOT NULL AUTO_INCREMENT,
  `user_name` longtext COLLATE utf8_unicode_ci NOT NULL,
  `password` longtext COLLATE utf8_unicode_ci NOT NULL,
  `full_name` longtext COLLATE utf8_unicode_ci NOT NULL,
  `type` int(11) NOT NULL,
  `isdelete` int(11) NOT NULL,
  PRIMARY KEY (`id`)
) ENGINE=InnoDB AUTO_INCREMENT=7 DEFAULT CHARSET=utf8 COLLATE=utf8_unicode_ci;

INSERT INTO user VALUES("1","admin","ab77f59ff4c6f23754a61b45645687970dfce718","Nguyen Hung","1","0");
INSERT INTO user VALUES("3","mrthai","6e4de6855311ec5e05e7078280ac30d87d470642","Thái","0","0");
INSERT INTO user VALUES("4","test ","ab77f59ff4c6f23754a61b45645687970dfce718","Test Man","1","0");
INSERT INTO user VALUES("5","mrvinh","01a46bc4b413a8a16ab66f92a42e0971b62b1e33","Bao Vinh","0","0");
INSERT INTO user VALUES("6","khanh_ngan","83283a080d0a8cc225a7c459f407b682f17131ff","Khánh Ngân","0","0");



DROP TABLE user_history;

CREATE TABLE `user_history` (
  `id` int(5) NOT NULL AUTO_INCREMENT,
  `user_id` int(5) NOT NULL,
  `action` varchar(100) COLLATE utf8_unicode_ci NOT NULL,
  `time` bigint(20) NOT NULL,
  PRIMARY KEY (`id`)
) ENGINE=InnoDB AUTO_INCREMENT=1167 DEFAULT CHARSET=utf8 COLLATE=utf8_unicode_ci;

INSERT INTO user_history VALUES("1","1","login","1413253041");
INSERT INTO user_history VALUES("2","3","login","1413253170");
INSERT INTO user_history VALUES("3","1","login","1413253175");
INSERT INTO user_history VALUES("4","1","login","1413256456");
INSERT INTO user_history VALUES("5","1","login","1413256987");
INSERT INTO user_history VALUES("6","1","login","1413257444");
INSERT INTO user_history VALUES("7","1","login","1413257501");
INSERT INTO user_history VALUES("8","1","logout","1413257806");
INSERT INTO user_history VALUES("9","3","login","1413259419");
INSERT INTO user_history VALUES("10","3","login","1413261156");
INSERT INTO user_history VALUES("11","3","login","1413261697");
INSERT INTO user_history VALUES("12","3","login","1413269128");
INSERT INTO user_history VALUES("13","3","login","1413269140");
INSERT INTO user_history VALUES("14","3","login","1413269165");
INSERT INTO user_history VALUES("15","3","login","1413269195");
INSERT INTO user_history VALUES("16","3","login","1413269261");
INSERT INTO user_history VALUES("17","3","logout","1413269291");
INSERT INTO user_history VALUES("18","1","login","1413269344");
INSERT INTO user_history VALUES("19","3","login","1413269414");
INSERT INTO user_history VALUES("20","1","logout","1413270017");
INSERT INTO user_history VALUES("21","3","login","1413275128");
INSERT INTO user_history VALUES("22","3","login","1413275152");
INSERT INTO user_history VALUES("23","3","login","1413275153");
INSERT INTO user_history VALUES("24","1","login","1413275856");
INSERT INTO user_history VALUES("25","1","login","1413278119");
INSERT INTO user_history VALUES("26","1","login","1413279715");
INSERT INTO user_history VALUES("27","1","login","1413279857");
INSERT INTO user_history VALUES("28","1","logout","1413280002");
INSERT INTO user_history VALUES("29","3","login","1413280012");
INSERT INTO user_history VALUES("30","1","login","1413289488");
INSERT INTO user_history VALUES("31","1","logout","1413289532");
INSERT INTO user_history VALUES("32","3","login","1413289546");
INSERT INTO user_history VALUES("33","3","login","1413289685");
INSERT INTO user_history VALUES("34","1","login","1413289786");
INSERT INTO user_history VALUES("35","3","login","1413293088");
INSERT INTO user_history VALUES("36","3","login","1413295916");
INSERT INTO user_history VALUES("37","3","login","1413295939");
INSERT INTO user_history VALUES("38","1","login","1413297025");
INSERT INTO user_history VALUES("39","1","logout","1413297091");
INSERT INTO user_history VALUES("40","1","login","1413298323");
INSERT INTO user_history VALUES("41","1","login","1413336957");
INSERT INTO user_history VALUES("42","1","login","1413337229");
INSERT INTO user_history VALUES("43","1","logout","1413337270");
INSERT INTO user_history VALUES("44","3","login","1413338130");
INSERT INTO user_history VALUES("45","1","login","1413338194");
INSERT INTO user_history VALUES("46","1","login","1413338243");
INSERT INTO user_history VALUES("47","3","login","1413338409");
INSERT INTO user_history VALUES("48","3","logout","1413339292");
INSERT INTO user_history VALUES("49","3","login","1413339302");
INSERT INTO user_history VALUES("50","1","login","1413339330");
INSERT INTO user_history VALUES("51","1","logout","1413339401");
INSERT INTO user_history VALUES("52","1","login","1413339410");
INSERT INTO user_history VALUES("53","1","logout","1413339422");
INSERT INTO user_history VALUES("54","1","login","1413339437");
INSERT INTO user_history VALUES("55","4","login","1413342926");
INSERT INTO user_history VALUES("56","1","login","1413342961");
INSERT INTO user_history VALUES("57","3","login","1413344182");
INSERT INTO user_history VALUES("58","3","login","1413344192");
INSERT INTO user_history VALUES("59","1","login","1413344214");
INSERT INTO user_history VALUES("60","3","login","1413345044");
INSERT INTO user_history VALUES("61","3","login","1413345061");
INSERT INTO user_history VALUES("62","3","login","1413345083");
INSERT INTO user_history VALUES("63","1","login","1413346277");
INSERT INTO user_history VALUES("64","1","logout","1413346880");
INSERT INTO user_history VALUES("65","4","login","1413346885");
INSERT INTO user_history VALUES("66","4","logout","1413347142");
INSERT INTO user_history VALUES("67","1","login","1413347143");
INSERT INTO user_history VALUES("68","1","logout","1413347412");
INSERT INTO user_history VALUES("69","4","login","1413347419");
INSERT INTO user_history VALUES("70","1","login","1413347463");
INSERT INTO user_history VALUES("71","1","logout","1413347482");
INSERT INTO user_history VALUES("72","4","login","1413347484");
INSERT INTO user_history VALUES("73","1","login","1413349898");
INSERT INTO user_history VALUES("74","1","login","1413351586");
INSERT INTO user_history VALUES("75","3","login","1413351659");
INSERT INTO user_history VALUES("76","3","login","1413356495");
INSERT INTO user_history VALUES("77","1","login","1413361847");
INSERT INTO user_history VALUES("78","3","login","1413367410");
INSERT INTO user_history VALUES("79","3","login","1413376187");
INSERT INTO user_history VALUES("80","3","login","1413425945");
INSERT INTO user_history VALUES("81","1","login","1413427590");
INSERT INTO user_history VALUES("82","1","login","1413428594");
INSERT INTO user_history VALUES("83","3","login","1413429945");
INSERT INTO user_history VALUES("84","1","logout","1413430421");
INSERT INTO user_history VALUES("85","3","login","1413437798");
INSERT INTO user_history VALUES("86","3","login","1413437809");
INSERT INTO user_history VALUES("87","3","login","1413437830");
INSERT INTO user_history VALUES("88","1","login","1413438749");
INSERT INTO user_history VALUES("89","1","logout","1413438804");
INSERT INTO user_history VALUES("90","3","login","1413452564");
INSERT INTO user_history VALUES("91","4","login","1413453944");
INSERT INTO user_history VALUES("92","3","login","1413459318");
INSERT INTO user_history VALUES("93","4","login","1413460938");
INSERT INTO user_history VALUES("94","3","login","1413461057");
INSERT INTO user_history VALUES("95","3","login","1413461512");
INSERT INTO user_history VALUES("96","3","login","1413469490");
INSERT INTO user_history VALUES("97","3","login","1413507509");
INSERT INTO user_history VALUES("98","3","login","1413523550");
INSERT INTO user_history VALUES("99","3","login","1413523809");
INSERT INTO user_history VALUES("100","3","login","1413528180");
INSERT INTO user_history VALUES("101","3","login","1413533580");
INSERT INTO user_history VALUES("102","3","login","1413533819");
INSERT INTO user_history VALUES("103","3","login","1413549538");
INSERT INTO user_history VALUES("104","1","login","1413601610");
INSERT INTO user_history VALUES("105","3","login","1413604298");
INSERT INTO user_history VALUES("106","3","login","1413608125");
INSERT INTO user_history VALUES("107","1","login","1413608165");
INSERT INTO user_history VALUES("108","3","login","1413608366");
INSERT INTO user_history VALUES("109","3","login","1413610993");
INSERT INTO user_history VALUES("110","1","login","1413611060");
INSERT INTO user_history VALUES("111","3","login","1413616505");
INSERT INTO user_history VALUES("112","3","login","1413616523");
INSERT INTO user_history VALUES("113","1","login","1413616622");
INSERT INTO user_history VALUES("114","3","login","1413620293");
INSERT INTO user_history VALUES("115","3","login","1413632505");
INSERT INTO user_history VALUES("116","3","login","1413632544");
INSERT INTO user_history VALUES("117","3","login","1413632650");
INSERT INTO user_history VALUES("118","3","login","1413632702");
INSERT INTO user_history VALUES("119","3","login","1413640492");
INSERT INTO user_history VALUES("120","3","login","1413640516");
INSERT INTO user_history VALUES("121","3","logout","1413647139");
INSERT INTO user_history VALUES("122","1","login","1413688773");
INSERT INTO user_history VALUES("123","5","login","1413688837");
INSERT INTO user_history VALUES("124","1","login","1413689467");
INSERT INTO user_history VALUES("125","1","logout","1413689565");
INSERT INTO user_history VALUES("126","3","login","1413693153");
INSERT INTO user_history VALUES("127","3","login","1413693211");
INSERT INTO user_history VALUES("128","5","login","1413695663");
INSERT INTO user_history VALUES("129","5","login","1413695684");
INSERT INTO user_history VALUES("130","1","login","1413696113");
INSERT INTO user_history VALUES("131","1","logout","1413696198");
INSERT INTO user_history VALUES("132","1","login","1413698890");
INSERT INTO user_history VALUES("133","1","logout","1413699808");
INSERT INTO user_history VALUES("134","5","login","1413701764");
INSERT INTO user_history VALUES("135","5","login","1413702115");
INSERT INTO user_history VALUES("136","3","login","1413714580");
INSERT INTO user_history VALUES("137","3","login","1413714593");
INSERT INTO user_history VALUES("138","5","login","1413714610");
INSERT INTO user_history VALUES("139","5","login","1413720055");
INSERT INTO user_history VALUES("140","5","login","1413726837");
INSERT INTO user_history VALUES("141","5","login","1413774802");
INSERT INTO user_history VALUES("142","5","login","1413778990");
INSERT INTO user_history VALUES("143","1","login","1413780139");
INSERT INTO user_history VALUES("144","1","logout","1413780280");
INSERT INTO user_history VALUES("145","5","login","1413783854");
INSERT INTO user_history VALUES("146","5","login","1413787097");
INSERT INTO user_history VALUES("147","5","login","1413787282");
INSERT INTO user_history VALUES("148","5","login","1413787590");
INSERT INTO user_history VALUES("149","1","login","1413791124");
INSERT INTO user_history VALUES("150","1","logout","1413791181");
INSERT INTO user_history VALUES("151","5","logout","1413791340");
INSERT INTO user_history VALUES("152","1","login","1413791354");
INSERT INTO user_history VALUES("153","1","logout","1413791767");
INSERT INTO user_history VALUES("154","5","login","1413793853");
INSERT INTO user_history VALUES("155","5","login","1413796648");
INSERT INTO user_history VALUES("156","5","logout","1413801795");
INSERT INTO user_history VALUES("157","3","login","1413801802");
INSERT INTO user_history VALUES("158","1","login","1413802179");
INSERT INTO user_history VALUES("159","1","logout","1413802242");
INSERT INTO user_history VALUES("160","3","login","1413805242");
INSERT INTO user_history VALUES("161","3","login","1413805250");
INSERT INTO user_history VALUES("162","3","login","1413807984");
INSERT INTO user_history VALUES("163","3","login","1413815463");
INSERT INTO user_history VALUES("164","1","login","1413816605");
INSERT INTO user_history VALUES("165","5","login","1413855850");
INSERT INTO user_history VALUES("166","5","login","1413859358");
INSERT INTO user_history VALUES("167","5","login","1413863086");
INSERT INTO user_history VALUES("168","1","login","1413868055");
INSERT INTO user_history VALUES("169","5","login","1413870038");
INSERT INTO user_history VALUES("170","4","login","1413878372");
INSERT INTO user_history VALUES("171","4","login","1413878678");
INSERT INTO user_history VALUES("172","4","logout","1413879054");
INSERT INTO user_history VALUES("173","4","login","1413879432");
INSERT INTO user_history VALUES("174","1","login","1413882129");
INSERT INTO user_history VALUES("175","5","login","1413882442");
INSERT INTO user_history VALUES("176","1","login","1413889477");
INSERT INTO user_history VALUES("177","3","login","1413894252");
INSERT INTO user_history VALUES("178","1","login","1413895934");
INSERT INTO user_history VALUES("179","3","login","1413904126");
INSERT INTO user_history VALUES("180","1","login","1413904216");
INSERT INTO user_history VALUES("181","5","login","1413945903");
INSERT INTO user_history VALUES("182","5","login","1413952618");
INSERT INTO user_history VALUES("183","1","login","1413952638");
INSERT INTO user_history VALUES("184","1","login","1413957670");
INSERT INTO user_history VALUES("185","3","login","1413961686");
INSERT INTO user_history VALUES("186","5","login","1413961711");
INSERT INTO user_history VALUES("187","5","login","1413965959");
INSERT INTO user_history VALUES("188","5","login","1413970445");
INSERT INTO user_history VALUES("189","5","login","1413970458");
INSERT INTO user_history VALUES("190","1","login","1413972459");
INSERT INTO user_history VALUES("191","1","logout","1413972553");
INSERT INTO user_history VALUES("192","3","login","1413985435");
INSERT INTO user_history VALUES("193","1","login","1414033419");
INSERT INTO user_history VALUES("194","5","login","1414040088");
INSERT INTO user_history VALUES("195","5","logout","1414043656");
INSERT INTO user_history VALUES("196","1","login","1414043667");
INSERT INTO user_history VALUES("197","1","logout","1414043681");
INSERT INTO user_history VALUES("198","5","login","1414043700");
INSERT INTO user_history VALUES("199","1","login","1414048404");
INSERT INTO user_history VALUES("200","5","login","1414050260");
INSERT INTO user_history VALUES("201","5","login","1414050270");
INSERT INTO user_history VALUES("202","1","login","1414052685");
INSERT INTO user_history VALUES("203","5","login","1414055225");
INSERT INTO user_history VALUES("204","1","login","1414056313");
INSERT INTO user_history VALUES("205","1","login","1414059383");
INSERT INTO user_history VALUES("206","4","login","1414059834");
INSERT INTO user_history VALUES("207","3","login","1414059914");
INSERT INTO user_history VALUES("208","4","logout","1414060489");
INSERT INTO user_history VALUES("209","1","login","1414060501");
INSERT INTO user_history VALUES("210","1","logout","1414060537");
INSERT INTO user_history VALUES("211","4","login","1414060541");
INSERT INTO user_history VALUES("212","4","login","1414060674");
INSERT INTO user_history VALUES("213","4","login","1414060780");
INSERT INTO user_history VALUES("214","1","login","1414060790");
INSERT INTO user_history VALUES("215","1","login","1414072759");
INSERT INTO user_history VALUES("216","1","logout","1414072793");
INSERT INTO user_history VALUES("217","1","login","1414072811");
INSERT INTO user_history VALUES("218","1","logout","1414073171");
INSERT INTO user_history VALUES("219","3","login","1414073280");
INSERT INTO user_history VALUES("220","1","login","1414082374");
INSERT INTO user_history VALUES("221","1","login","1414082919");
INSERT INTO user_history VALUES("222","5","login","1414089968");
INSERT INTO user_history VALUES("223","1","login","1414094548");
INSERT INTO user_history VALUES("224","5","login","1414099202");
INSERT INTO user_history VALUES("225","5","login","1414102262");
INSERT INTO user_history VALUES("226","5","login","1414108126");
INSERT INTO user_history VALUES("227","1","login","1414108572");
INSERT INTO user_history VALUES("228","1","logout","1414109988");
INSERT INTO user_history VALUES("229","3","login","1414120586");
INSERT INTO user_history VALUES("230","5","login","1414202322");
INSERT INTO user_history VALUES("231","5","login","1414209234");
INSERT INTO user_history VALUES("232","1","login","1414209284");
INSERT INTO user_history VALUES("233","5","login","1414216528");
INSERT INTO user_history VALUES("234","5","login","1414223219");
INSERT INTO user_history VALUES("235","1","login","1414231104");
INSERT INTO user_history VALUES("236","3","login","1414233541");
INSERT INTO user_history VALUES("237","3","login","1414233549");
INSERT INTO user_history VALUES("238","3","login","1414233558");
INSERT INTO user_history VALUES("239","3","login","1414233589");
INSERT INTO user_history VALUES("240","3","login","1414247674");
INSERT INTO user_history VALUES("241","3","logout","1414248218");
INSERT INTO user_history VALUES("242","1","login","1414248257");
INSERT INTO user_history VALUES("243","5","login","1414295559");
INSERT INTO user_history VALUES("244","5","login","1414310422");
INSERT INTO user_history VALUES("245","5","login","1414314733");
INSERT INTO user_history VALUES("246","5","login","1414317060");
INSERT INTO user_history VALUES("247","5","logout","1414319835");
INSERT INTO user_history VALUES("248","3","login","1414319845");
INSERT INTO user_history VALUES("249","3","login","1414323129");
INSERT INTO user_history VALUES("250","3","logout","1414323225");
INSERT INTO user_history VALUES("251","1","login","1414323238");
INSERT INTO user_history VALUES("252","1","logout","1414323328");
INSERT INTO user_history VALUES("253","3","login","1414323347");
INSERT INTO user_history VALUES("254","1","login","1414323909");
INSERT INTO user_history VALUES("255","1","logout","1414323952");
INSERT INTO user_history VALUES("256","3","login","1414323964");
INSERT INTO user_history VALUES("257","3","login","1414329172");
INSERT INTO user_history VALUES("258","3","login","1414332052");
INSERT INTO user_history VALUES("259","1","login","1414332931");
INSERT INTO user_history VALUES("260","1","login","1414335148");
INSERT INTO user_history VALUES("261","1","login","1414335202");
INSERT INTO user_history VALUES("262","5","login","1414387140");
INSERT INTO user_history VALUES("263","1","login","1414393773");
INSERT INTO user_history VALUES("264","5","login","1414395232");
INSERT INTO user_history VALUES("265","5","login","1414403638");
INSERT INTO user_history VALUES("266","1","login","1414410135");
INSERT INTO user_history VALUES("267","3","login","1414412635");
INSERT INTO user_history VALUES("268","1","login","1414417813");
INSERT INTO user_history VALUES("269","3","login","1414418809");
INSERT INTO user_history VALUES("270","3","login","1414421785");
INSERT INTO user_history VALUES("271","3","login","1414421794");
INSERT INTO user_history VALUES("272","3","login","1414421994");
INSERT INTO user_history VALUES("273","1","login","1414422164");
INSERT INTO user_history VALUES("274","4","login","1414461144");
INSERT INTO user_history VALUES("275","1","login","1414461158");
INSERT INTO user_history VALUES("276","1","login","1414464196");
INSERT INTO user_history VALUES("277","5","login","1414464293");
INSERT INTO user_history VALUES("278","5","logout","1414464377");
INSERT INTO user_history VALUES("279","1","login","1414464415");
INSERT INTO user_history VALUES("280","1","login","1414464567");
INSERT INTO user_history VALUES("281","1","login","1414467797");
INSERT INTO user_history VALUES("282","1","login","1414470748");
INSERT INTO user_history VALUES("283","5","login","1414470752");
INSERT INTO user_history VALUES("284","5","login","1414474055");
INSERT INTO user_history VALUES("285","1","login","1414482921");
INSERT INTO user_history VALUES("286","5","login","1414488385");
INSERT INTO user_history VALUES("287","3","login","1414505709");
INSERT INTO user_history VALUES("288","5","login","1414554449");
INSERT INTO user_history VALUES("289","1","login","1414555206");
INSERT INTO user_history VALUES("290","5","login","1414557783");
INSERT INTO user_history VALUES("291","5","login","1414561270");
INSERT INTO user_history VALUES("292","1","login","1414566446");
INSERT INTO user_history VALUES("293","1","login","1414566798");
INSERT INTO user_history VALUES("294","5","login","1414568741");
INSERT INTO user_history VALUES("295","5","login","1414572419");
INSERT INTO user_history VALUES("296","5","login","1414576143");
INSERT INTO user_history VALUES("297","3","login","1414591542");
INSERT INTO user_history VALUES("298","1","login","1414593487");
INSERT INTO user_history VALUES("299","1","logout","1414593566");
INSERT INTO user_history VALUES("300","1","login","1414594301");
INSERT INTO user_history VALUES("301","1","login","1414595334");
INSERT INTO user_history VALUES("302","5","login","1414634901");
INSERT INTO user_history VALUES("303","5","login","1414638698");
INSERT INTO user_history VALUES("304","1","login","1414641825");
INSERT INTO user_history VALUES("305","1","login","1414644084");
INSERT INTO user_history VALUES("306","5","login","1414646643");
INSERT INTO user_history VALUES("307","5","login","1414646725");
INSERT INTO user_history VALUES("308","1","login","1414652384");
INSERT INTO user_history VALUES("309","5","login","1414652492");
INSERT INTO user_history VALUES("310","1","login","1414654140");
INSERT INTO user_history VALUES("311","1","login","1414656297");
INSERT INTO user_history VALUES("312","1","login","1414660320");
INSERT INTO user_history VALUES("313","4","login","1414660377");
INSERT INTO user_history VALUES("314","1","login","1414660850");
INSERT INTO user_history VALUES("315","5","login","1414662209");
INSERT INTO user_history VALUES("316","5","login","1414662744");
INSERT INTO user_history VALUES("317","3","login","1414664920");
INSERT INTO user_history VALUES("318","1","login","1414667250");
INSERT INTO user_history VALUES("319","3","login","1414667520");
INSERT INTO user_history VALUES("320","1","login","1414667877");
INSERT INTO user_history VALUES("321","1","logout","1414667986");
INSERT INTO user_history VALUES("322","1","login","1414668051");
INSERT INTO user_history VALUES("323","1","logout","1414668566");
INSERT INTO user_history VALUES("324","3","login","1414676039");
INSERT INTO user_history VALUES("325","1","login","1414680835");
INSERT INTO user_history VALUES("326","4","login","1414718544");
INSERT INTO user_history VALUES("327","1","login","1414719080");
INSERT INTO user_history VALUES("328","5","login","1414719959");
INSERT INTO user_history VALUES("329","1","login","1414720107");
INSERT INTO user_history VALUES("330","1","login","1414721992");
INSERT INTO user_history VALUES("331","3","login","1414723155");
INSERT INTO user_history VALUES("332","4","login","1414723271");
INSERT INTO user_history VALUES("333","3","logout","1414723426");
INSERT INTO user_history VALUES("334","1","login","1414729897");
INSERT INTO user_history VALUES("335","5","login","1414730397");
INSERT INTO user_history VALUES("336","1","login","1414730559");
INSERT INTO user_history VALUES("337","5","login","1414732556");
INSERT INTO user_history VALUES("338","1","logout","1414733608");
INSERT INTO user_history VALUES("339","4","login","1414733611");
INSERT INTO user_history VALUES("340","1","login","1414734574");
INSERT INTO user_history VALUES("341","1","logout","1414734767");
INSERT INTO user_history VALUES("342","4","login","1414735532");
INSERT INTO user_history VALUES("343","1","login","1414735544");
INSERT INTO user_history VALUES("344","5","login","1414741377");
INSERT INTO user_history VALUES("345","5","login","1414746329");
INSERT INTO user_history VALUES("346","5","logout","1414750651");
INSERT INTO user_history VALUES("347","3","login","1414750659");
INSERT INTO user_history VALUES("348","3","login","1414754836");
INSERT INTO user_history VALUES("349","3","login","1414758437");
INSERT INTO user_history VALUES("350","1","login","1414764332");
INSERT INTO user_history VALUES("351","1","login","1414768735");
INSERT INTO user_history VALUES("352","5","login","1414807344");
INSERT INTO user_history VALUES("353","5","login","1414809068");
INSERT INTO user_history VALUES("354","5","login","1414815713");
INSERT INTO user_history VALUES("355","1","login","1414817490");
INSERT INTO user_history VALUES("356","1","logout","1414817616");
INSERT INTO user_history VALUES("357","3","login","1414817623");
INSERT INTO user_history VALUES("358","1","login","1414819193");
INSERT INTO user_history VALUES("359","5","login","1414819210");
INSERT INTO user_history VALUES("360","1","login","1414826576");
INSERT INTO user_history VALUES("361","5","login","1414836108");
INSERT INTO user_history VALUES("362","3","login","1414839537");
INSERT INTO user_history VALUES("363","3","login","1414847089");
INSERT INTO user_history VALUES("364","3","login","1414847106");
INSERT INTO user_history VALUES("365","3","login","1414847120");
INSERT INTO user_history VALUES("366","3","login","1414847320");
INSERT INTO user_history VALUES("367","3","login","1414851016");
INSERT INTO user_history VALUES("368","1","login","1414855557");
INSERT INTO user_history VALUES("369","5","login","1414896976");
INSERT INTO user_history VALUES("370","1","login","1414902033");
INSERT INTO user_history VALUES("371","5","login","1414902722");
INSERT INTO user_history VALUES("372","5","login","1414907489");
INSERT INTO user_history VALUES("373","5","login","1414910779");
INSERT INTO user_history VALUES("374","5","login","1414922558");
INSERT INTO user_history VALUES("375","3","login","1414930587");
INSERT INTO user_history VALUES("376","3","login","1414935179");
INSERT INTO user_history VALUES("377","3","login","1414939654");
INSERT INTO user_history VALUES("378","5","login","1414986369");
INSERT INTO user_history VALUES("379","1","login","1414987084");
INSERT INTO user_history VALUES("380","1","login","1414989787");
INSERT INTO user_history VALUES("381","1","login","1414990116");
INSERT INTO user_history VALUES("382","5","login","1414991793");
INSERT INTO user_history VALUES("383","1","login","1415002334");
INSERT INTO user_history VALUES("384","5","login","1415006888");
INSERT INTO user_history VALUES("385","5","login","1415008025");
INSERT INTO user_history VALUES("386","5","login","1415008033");
INSERT INTO user_history VALUES("387","5","login","1415008049");
INSERT INTO user_history VALUES("388","5","login","1415015900");
INSERT INTO user_history VALUES("389","1","login","1415017513");
INSERT INTO user_history VALUES("390","1","logout","1415018082");
INSERT INTO user_history VALUES("391","1","login","1415019880");
INSERT INTO user_history VALUES("392","3","login","1415019961");
INSERT INTO user_history VALUES("393","3","login","1415022236");
INSERT INTO user_history VALUES("394","3","login","1415025787");
INSERT INTO user_history VALUES("395","1","login","1415026675");
INSERT INTO user_history VALUES("396","1","login","1415072924");
INSERT INTO user_history VALUES("397","5","login","1415076981");
INSERT INTO user_history VALUES("398","4","login","1415077020");
INSERT INTO user_history VALUES("399","1","login","1415077043");
INSERT INTO user_history VALUES("400","5","login","1415081623");
INSERT INTO user_history VALUES("401","5","login","1415081636");
INSERT INTO user_history VALUES("402","5","login","1415081664");
INSERT INTO user_history VALUES("403","5","login","1415081690");
INSERT INTO user_history VALUES("404","5","login","1415081708");
INSERT INTO user_history VALUES("405","1","login","1415084704");
INSERT INTO user_history VALUES("406","5","login","1415085475");
INSERT INTO user_history VALUES("407","1","login","1415088658");
INSERT INTO user_history VALUES("408","5","login","1415093625");
INSERT INTO user_history VALUES("409","3","login","1415097266");
INSERT INTO user_history VALUES("410","3","login","1415105762");
INSERT INTO user_history VALUES("411","1","login","1415106586");
INSERT INTO user_history VALUES("412","1","login","1415110761");
INSERT INTO user_history VALUES("413","1","login","1415112176");
INSERT INTO user_history VALUES("414","3","login","1415112415");
INSERT INTO user_history VALUES("415","5","login","1415160270");
INSERT INTO user_history VALUES("416","5","login","1415163608");
INSERT INTO user_history VALUES("417","1","login","1415178344");
INSERT INTO user_history VALUES("418","5","login","1415181405");
INSERT INTO user_history VALUES("419","1","login","1415182763");
INSERT INTO user_history VALUES("420","1","login","1415182932");
INSERT INTO user_history VALUES("421","3","login","1415189810");
INSERT INTO user_history VALUES("422","3","login","1415197206");
INSERT INTO user_history VALUES("423","1","login","1415240485");
INSERT INTO user_history VALUES("424","4","login","1415240532");
INSERT INTO user_history VALUES("425","1","login","1415241455");
INSERT INTO user_history VALUES("426","5","login","1415246606");
INSERT INTO user_history VALUES("427","5","login","1415246635");
INSERT INTO user_history VALUES("428","1","login","1415247074");
INSERT INTO user_history VALUES("429","1","login","1415247151");
INSERT INTO user_history VALUES("430","1","logout","1415247641");
INSERT INTO user_history VALUES("431","4","login","1415247643");
INSERT INTO user_history VALUES("432","1","login","1415247949");
INSERT INTO user_history VALUES("433","1","login","1415249178");
INSERT INTO user_history VALUES("434","1","login","1415256171");
INSERT INTO user_history VALUES("435","1","login","1415257068");
INSERT INTO user_history VALUES("436","5","login","1415259500");
INSERT INTO user_history VALUES("437","1","login","1415262515");
INSERT INTO user_history VALUES("438","1","login","1415263835");
INSERT INTO user_history VALUES("439","5","login","1415266042");
INSERT INTO user_history VALUES("440","1","login","1415271977");
INSERT INTO user_history VALUES("441","3","login","1415276083");
INSERT INTO user_history VALUES("442","3","login","1415279417");
INSERT INTO user_history VALUES("443","3","login","1415283835");
INSERT INTO user_history VALUES("444","4","login","1415325316");
INSERT INTO user_history VALUES("445","1","login","1415327466");
INSERT INTO user_history VALUES("446","1","login","1415327488");
INSERT INTO user_history VALUES("447","1","logout","1415327489");
INSERT INTO user_history VALUES("448","4","login","1415327491");
INSERT INTO user_history VALUES("449","4","logout","1415327559");
INSERT INTO user_history VALUES("450","1","login","1415327568");
INSERT INTO user_history VALUES("451","1","login","1415332292");
INSERT INTO user_history VALUES("452","5","login","1415332980");
INSERT INTO user_history VALUES("453","5","login","1415335944");
INSERT INTO user_history VALUES("454","5","login","1415343156");
INSERT INTO user_history VALUES("455","1","login","1415343264");
INSERT INTO user_history VALUES("456","1","login","1415344929");
INSERT INTO user_history VALUES("457","1","login","1415346738");
INSERT INTO user_history VALUES("458","1","login","1415346879");
INSERT INTO user_history VALUES("459","4","login","1415348373");
INSERT INTO user_history VALUES("460","4","login","1415348396");
INSERT INTO user_history VALUES("461","4","login","1415348405");
INSERT INTO user_history VALUES("462","1","login","1415348410");
INSERT INTO user_history VALUES("463","1","logout","1415348430");
INSERT INTO user_history VALUES("464","4","login","1415348436");
INSERT INTO user_history VALUES("465","1","login","1415348704");
INSERT INTO user_history VALUES("466","5","login","1415351617");
INSERT INTO user_history VALUES("467","1","login","1415355132");
INSERT INTO user_history VALUES("468","3","login","1415358037");
INSERT INTO user_history VALUES("469","3","login","1415358058");
INSERT INTO user_history VALUES("470","3","login","1415358085");
INSERT INTO user_history VALUES("471","3","login","1415358160");
INSERT INTO user_history VALUES("472","3","login","1415366999");
INSERT INTO user_history VALUES("473","5","login","1415411898");
INSERT INTO user_history VALUES("474","1","login","1415414816");
INSERT INTO user_history VALUES("475","1","login","1415414903");
INSERT INTO user_history VALUES("476","5","login","1415416638");
INSERT INTO user_history VALUES("477","1","login","1415417222");
INSERT INTO user_history VALUES("478","5","login","1415422495");
INSERT INTO user_history VALUES("479","5","login","1415422511");
INSERT INTO user_history VALUES("480","5","login","1415428763");
INSERT INTO user_history VALUES("481","5","login","1415430901");
INSERT INTO user_history VALUES("482","3","login","1415438168");
INSERT INTO user_history VALUES("483","3","logout","1415438205");
INSERT INTO user_history VALUES("484","5","login","1415438221");
INSERT INTO user_history VALUES("485","3","login","1415441469");
INSERT INTO user_history VALUES("486","1","login","1415442907");
INSERT INTO user_history VALUES("487","3","login","1415443820");
INSERT INTO user_history VALUES("488","1","login","1415448411");
INSERT INTO user_history VALUES("489","3","login","1415449320");
INSERT INTO user_history VALUES("490","1","login","1415457698");
INSERT INTO user_history VALUES("491","5","login","1415512257");
INSERT INTO user_history VALUES("492","1","login","1415516082");
INSERT INTO user_history VALUES("493","5","login","1415518515");
INSERT INTO user_history VALUES("494","5","login","1415520865");
INSERT INTO user_history VALUES("495","5","login","1415523622");
INSERT INTO user_history VALUES("496","5","login","1415529646");
INSERT INTO user_history VALUES("497","5","login","1415535667");
INSERT INTO user_history VALUES("498","1","login","1415544014");
INSERT INTO user_history VALUES("499","5","login","1415587145");
INSERT INTO user_history VALUES("500","5","login","1415589401");
INSERT INTO user_history VALUES("501","5","login","1415597021");
INSERT INTO user_history VALUES("502","5","login","1415597046");
INSERT INTO user_history VALUES("503","5","login","1415597084");
INSERT INTO user_history VALUES("504","1","login","1415604108");
INSERT INTO user_history VALUES("505","5","login","1415605761");
INSERT INTO user_history VALUES("506","1","login","1415608713");
INSERT INTO user_history VALUES("507","1","login","1415610703");
INSERT INTO user_history VALUES("508","5","login","1415610972");
INSERT INTO user_history VALUES("509","1","login","1415611232");
INSERT INTO user_history VALUES("510","1","login","1415612127");
INSERT INTO user_history VALUES("511","3","login","1415616345");
INSERT INTO user_history VALUES("512","3","login","1415621461");
INSERT INTO user_history VALUES("513","3","login","1415624293");
INSERT INTO user_history VALUES("514","3","login","1415627544");
INSERT INTO user_history VALUES("515","5","login","1415674355");
INSERT INTO user_history VALUES("516","1","login","1415677567");
INSERT INTO user_history VALUES("517","1","login","1415682081");
INSERT INTO user_history VALUES("518","5","login","1415682905");
INSERT INTO user_history VALUES("519","1","login","1415686561");
INSERT INTO user_history VALUES("520","1","login","1415691456");
INSERT INTO user_history VALUES("521","1","login","1415693043");
INSERT INTO user_history VALUES("522","1","login","1415693385");
INSERT INTO user_history VALUES("523","5","login","1415694248");
INSERT INTO user_history VALUES("524","1","login","1415697032");
INSERT INTO user_history VALUES("525","1","login","1415700945");
INSERT INTO user_history VALUES("526","5","logout","1415701142");
INSERT INTO user_history VALUES("527","3","login","1415701151");
INSERT INTO user_history VALUES("528","1","login","1415704658");
INSERT INTO user_history VALUES("529","1","login","1415705658");
INSERT INTO user_history VALUES("530","3","login","1415706876");
INSERT INTO user_history VALUES("531","1","login","1415711464");
INSERT INTO user_history VALUES("532","1","login","1415716688");
INSERT INTO user_history VALUES("533","5","login","1415753797");
INSERT INTO user_history VALUES("534","1","login","1415758194");
INSERT INTO user_history VALUES("535","4","login","1415759170");
INSERT INTO user_history VALUES("536","1","login","1415759219");
INSERT INTO user_history VALUES("537","4","login","1415759232");
INSERT INTO user_history VALUES("538","5","login","1415762225");
INSERT INTO user_history VALUES("539","1","login","1415762963");
INSERT INTO user_history VALUES("540","5","login","1415767081");
INSERT INTO user_history VALUES("541","1","login","1415767147");
INSERT INTO user_history VALUES("542","1","login","1415767239");
INSERT INTO user_history VALUES("543","5","logout","1415767467");
INSERT INTO user_history VALUES("544","5","login","1415767472");
INSERT INTO user_history VALUES("545","4","login","1415767506");
INSERT INTO user_history VALUES("546","1","login","1415771052");
INSERT INTO user_history VALUES("547","1","login","1415774217");
INSERT INTO user_history VALUES("548","1","logout","1415774313");
INSERT INTO user_history VALUES("549","1","login","1415780321");
INSERT INTO user_history VALUES("550","5","login","1415780588");
INSERT INTO user_history VALUES("551","1","login","1415782444");
INSERT INTO user_history VALUES("552","3","login","1415790346");
INSERT INTO user_history VALUES("553","3","login","1415794544");
INSERT INTO user_history VALUES("554","1","login","1415798626");
INSERT INTO user_history VALUES("555","5","login","1415849967");
INSERT INTO user_history VALUES("556","5","login","1415854473");
INSERT INTO user_history VALUES("557","1","login","1415859359");
INSERT INTO user_history VALUES("558","1","login","1415863161");
INSERT INTO user_history VALUES("559","1","login","1415863753");
INSERT INTO user_history VALUES("560","5","login","1415868496");
INSERT INTO user_history VALUES("561","1","login","1415868957");
INSERT INTO user_history VALUES("562","3","login","1415875927");
INSERT INTO user_history VALUES("563","1","login","1415879846");
INSERT INTO user_history VALUES("564","3","login","1415881056");
INSERT INTO user_history VALUES("565","3","login","1415885130");
INSERT INTO user_history VALUES("566","1","login","1415887839");
INSERT INTO user_history VALUES("567","1","login","1415888833");
INSERT INTO user_history VALUES("568","1","login","1415939782");
INSERT INTO user_history VALUES("569","5","login","1415943089");
INSERT INTO user_history VALUES("570","1","login","1415947015");
INSERT INTO user_history VALUES("571","1","login","1415947872");
INSERT INTO user_history VALUES("572","1","login","1415948039");
INSERT INTO user_history VALUES("573","5","login","1415957002");
INSERT INTO user_history VALUES("574","1","login","1415958125");
INSERT INTO user_history VALUES("575","5","logout","1415959521");
INSERT INTO user_history VALUES("576","3","login","1415959530");
INSERT INTO user_history VALUES("577","3","login","1415961765");
INSERT INTO user_history VALUES("578","3","login","1415965356");
INSERT INTO user_history VALUES("579","3","login","1415969537");
INSERT INTO user_history VALUES("580","3","login","1415973959");
INSERT INTO user_history VALUES("581","1","login","1415976384");
INSERT INTO user_history VALUES("582","5","login","1416017387");
INSERT INTO user_history VALUES("583","5","login","1416020732");
INSERT INTO user_history VALUES("584","4","login","1416021442");
INSERT INTO user_history VALUES("585","5","login","1416023639");
INSERT INTO user_history VALUES("586","5","login","1416023649");
INSERT INTO user_history VALUES("587","1","login","1416033490");
INSERT INTO user_history VALUES("588","5","login","1416033768");
INSERT INTO user_history VALUES("589","1","login","1416039505");
INSERT INTO user_history VALUES("590","5","login","1416043725");
INSERT INTO user_history VALUES("591","1","login","1416044270");
INSERT INTO user_history VALUES("592","3","login","1416050485");
INSERT INTO user_history VALUES("593","1","login","1416051626");
INSERT INTO user_history VALUES("594","1","logout","1416051814");
INSERT INTO user_history VALUES("595","1","login","1416052017");
INSERT INTO user_history VALUES("596","3","login","1416053902");
INSERT INTO user_history VALUES("597","3","login","1416061405");
INSERT INTO user_history VALUES("598","3","login","1416105164");
INSERT INTO user_history VALUES("599","3","login","1416109144");
INSERT INTO user_history VALUES("600","3","login","1416113585");
INSERT INTO user_history VALUES("601","1","login","1416115772");
INSERT INTO user_history VALUES("602","3","login","1416120748");
INSERT INTO user_history VALUES("603","3","login","1416123618");
INSERT INTO user_history VALUES("604","5","login","1416134125");
INSERT INTO user_history VALUES("605","1","login","1416137081");
INSERT INTO user_history VALUES("606","5","login","1416144521");
INSERT INTO user_history VALUES("607","1","login","1416146917");
INSERT INTO user_history VALUES("608","1","logout","1416146951");
INSERT INTO user_history VALUES("609","5","logout","1416149404");
INSERT INTO user_history VALUES("610","1","login","1416149437");
INSERT INTO user_history VALUES("611","1","login","1416149483");
INSERT INTO user_history VALUES("612","1","logout","1416149914");
INSERT INTO user_history VALUES("613","5","login","1416149922");
INSERT INTO user_history VALUES("614","5","login","1416191758");
INSERT INTO user_history VALUES("615","1","login","1416192820");
INSERT INTO user_history VALUES("616","1","login","1416196873");
INSERT INTO user_history VALUES("617","1","login","1416201802");
INSERT INTO user_history VALUES("618","1","login","1416207299");
INSERT INTO user_history VALUES("619","1","login","1416209775");
INSERT INTO user_history VALUES("620","1","login","1416209976");
INSERT INTO user_history VALUES("621","1","login","1416212741");
INSERT INTO user_history VALUES("622","1","logout","1416212773");
INSERT INTO user_history VALUES("623","5","login","1416212811");
INSERT INTO user_history VALUES("624","5","login","1416216231");
INSERT INTO user_history VALUES("625","5","logout","1416217697");
INSERT INTO user_history VALUES("626","1","login","1416219118");
INSERT INTO user_history VALUES("627","3","login","1416221631");
INSERT INTO user_history VALUES("628","1","login","1416281695");
INSERT INTO user_history VALUES("629","1","login","1416282123");
INSERT INTO user_history VALUES("630","1","logout","1416282210");
INSERT INTO user_history VALUES("631","1","login","1416282227");
INSERT INTO user_history VALUES("632","1","logout","1416282434");
INSERT INTO user_history VALUES("633","1","login","1416282453");
INSERT INTO user_history VALUES("634","1","login","1416285829");
INSERT INTO user_history VALUES("635","5","login","1416287928");
INSERT INTO user_history VALUES("636","5","login","1416298325");
INSERT INTO user_history VALUES("637","5","login","1416302065");
INSERT INTO user_history VALUES("638","1","login","1416307713");
INSERT INTO user_history VALUES("639","3","login","1416307872");
INSERT INTO user_history VALUES("640","3","login","1416318117");
INSERT INTO user_history VALUES("641","1","login","1416326824");
INSERT INTO user_history VALUES("642","3","login","1416329783");
INSERT INTO user_history VALUES("643","3","login","1416329796");
INSERT INTO user_history VALUES("644","3","login","1416329812");
INSERT INTO user_history VALUES("645","3","login","1416329822");
INSERT INTO user_history VALUES("646","3","login","1416329851");
INSERT INTO user_history VALUES("647","3","login","1416334433");
INSERT INTO user_history VALUES("648","1","login","1416337576");
INSERT INTO user_history VALUES("649","3","login","1416344982");
INSERT INTO user_history VALUES("650","1","login","1416345870");
INSERT INTO user_history VALUES("651","3","login","1416353721");
INSERT INTO user_history VALUES("652","1","login","1416353955");
INSERT INTO user_history VALUES("653","3","login","1416359746");
INSERT INTO user_history VALUES("654","3","login","1416366183");
INSERT INTO user_history VALUES("655","3","login","1416368970");
INSERT INTO user_history VALUES("656","5","login","1416445437");
INSERT INTO user_history VALUES("657","5","login","1416453442");
INSERT INTO user_history VALUES("658","5","login","1416466486");
INSERT INTO user_history VALUES("659","1","login","1416467401");
INSERT INTO user_history VALUES("660","1","login","1416468731");
INSERT INTO user_history VALUES("661","1","login","1416471552");
INSERT INTO user_history VALUES("662","1","login","1416473512");
INSERT INTO user_history VALUES("663","5","logout","1416478483");
INSERT INTO user_history VALUES("664","3","login","1416478491");
INSERT INTO user_history VALUES("665","1","login","1416480310");
INSERT INTO user_history VALUES("666","3","login","1416482202");
INSERT INTO user_history VALUES("667","1","login","1416486234");
INSERT INTO user_history VALUES("668","5","login","1416507425");
INSERT INTO user_history VALUES("669","5","login","1416511903");
INSERT INTO user_history VALUES("670","1","login","1416518064");
INSERT INTO user_history VALUES("671","1","login","1416520238");
INSERT INTO user_history VALUES("672","5","login","1416521906");
INSERT INTO user_history VALUES("673","5","login","1416522057");
INSERT INTO user_history VALUES("674","1","login","1416526926");
INSERT INTO user_history VALUES("675","3","login","1416530628");
INSERT INTO user_history VALUES("676","1","login","1416530780");
INSERT INTO user_history VALUES("677","1","login","1416533975");
INSERT INTO user_history VALUES("678","3","login","1416547980");
INSERT INTO user_history VALUES("679","1","login","1416626150");
INSERT INTO user_history VALUES("680","5","login","1416627439");
INSERT INTO user_history VALUES("681","5","login","1416631418");
INSERT INTO user_history VALUES("682","1","login","1416637894");
INSERT INTO user_history VALUES("683","5","login","1416644613");
INSERT INTO user_history VALUES("684","5","login","1416664191");
INSERT INTO user_history VALUES("685","5","login","1416669152");
INSERT INTO user_history VALUES("686","5","login","1416678482");
INSERT INTO user_history VALUES("687","5","login","1416685802");
INSERT INTO user_history VALUES("688","5","login","1416697602");
INSERT INTO user_history VALUES("689","5","logout","1416702820");
INSERT INTO user_history VALUES("690","3","login","1416702829");
INSERT INTO user_history VALUES("691","3","login","1416707703");
INSERT INTO user_history VALUES("692","3","login","1416719519");
INSERT INTO user_history VALUES("693","1","login","1416794252");
INSERT INTO user_history VALUES("694","1","login","1416798690");
INSERT INTO user_history VALUES("695","5","login","1416800948");
INSERT INTO user_history VALUES("696","5","login","1416813557");
INSERT INTO user_history VALUES("697","1","login","1416814183");
INSERT INTO user_history VALUES("698","1","login","1416816154");
INSERT INTO user_history VALUES("699","5","login","1416817538");
INSERT INTO user_history VALUES("700","1","login","1416820548");
INSERT INTO user_history VALUES("701","5","login","1416823488");
INSERT INTO user_history VALUES("702","3","login","1416825695");
INSERT INTO user_history VALUES("703","3","login","1416825713");
INSERT INTO user_history VALUES("704","3","login","1416833897");
INSERT INTO user_history VALUES("705","3","login","1416840235");
INSERT INTO user_history VALUES("706","5","login","1416885998");
INSERT INTO user_history VALUES("707","5","login","1416891715");
INSERT INTO user_history VALUES("708","5","login","1416899562");
INSERT INTO user_history VALUES("709","5","logout","1416899954");
INSERT INTO user_history VALUES("710","1","login","1416900006");
INSERT INTO user_history VALUES("711","1","logout","1416900047");
INSERT INTO user_history VALUES("712","5","login","1416900058");
INSERT INTO user_history VALUES("713","1","login","1416903577");
INSERT INTO user_history VALUES("714","1","login","1416903744");
INSERT INTO user_history VALUES("715","1","login","1416905431");
INSERT INTO user_history VALUES("716","1","login","1416908751");
INSERT INTO user_history VALUES("717","5","login","1416909741");
INSERT INTO user_history VALUES("718","4","login","1416912185");
INSERT INTO user_history VALUES("719","5","logout","1416915936");
INSERT INTO user_history VALUES("720","3","login","1416915947");
INSERT INTO user_history VALUES("721","3","logout","1416915977");
INSERT INTO user_history VALUES("722","3","login","1416916004");
INSERT INTO user_history VALUES("723","3","logout","1416916083");
INSERT INTO user_history VALUES("724","1","login","1416916270");
INSERT INTO user_history VALUES("725","1","logout","1416916373");
INSERT INTO user_history VALUES("726","3","login","1416917762");
INSERT INTO user_history VALUES("727","3","login","1416921080");
INSERT INTO user_history VALUES("728","1","login","1416926907");
INSERT INTO user_history VALUES("729","3","logout","1416928172");
INSERT INTO user_history VALUES("730","1","login","1416928268");
INSERT INTO user_history VALUES("731","1","logout","1416928438");
INSERT INTO user_history VALUES("732","3","login","1416928448");
INSERT INTO user_history VALUES("733","1","login","1416928996");
INSERT INTO user_history VALUES("734","1","logout","1416929273");
INSERT INTO user_history VALUES("735","1","login","1416966770");
INSERT INTO user_history VALUES("736","1","login","1416966911");
INSERT INTO user_history VALUES("737","1","logout","1416966969");
INSERT INTO user_history VALUES("738","1","login","1416967486");
INSERT INTO user_history VALUES("739","1","login","1416973421");
INSERT INTO user_history VALUES("740","1","login","1416973921");
INSERT INTO user_history VALUES("741","5","login","1416978068");
INSERT INTO user_history VALUES("742","5","login","1416980798");
INSERT INTO user_history VALUES("743","1","login","1416983576");
INSERT INTO user_history VALUES("744","1","login","1416986015");
INSERT INTO user_history VALUES("745","1","login","1416988385");
INSERT INTO user_history VALUES("746","5","login","1416995731");
INSERT INTO user_history VALUES("747","3","login","1417002544");
INSERT INTO user_history VALUES("748","3","login","1417007466");
INSERT INTO user_history VALUES("749","1","login","1417010813");
INSERT INTO user_history VALUES("750","1","login","1417010856");
INSERT INTO user_history VALUES("751","1","login","1417053858");
INSERT INTO user_history VALUES("752","1","login","1417054569");
INSERT INTO user_history VALUES("753","1","login","1417054813");
INSERT INTO user_history VALUES("754","1","logout","1417055138");
INSERT INTO user_history VALUES("755","1","login","1417055142");
INSERT INTO user_history VALUES("756","1","login","1417057759");
INSERT INTO user_history VALUES("757","1","login","1417062069");
INSERT INTO user_history VALUES("758","1","logout","1417062550");
INSERT INTO user_history VALUES("759","1","login","1417062727");
INSERT INTO user_history VALUES("760","1","logout","1417062945");
INSERT INTO user_history VALUES("761","5","login","1417063349");
INSERT INTO user_history VALUES("762","5","login","1417072853");
INSERT INTO user_history VALUES("763","5","login","1417077724");
INSERT INTO user_history VALUES("764","1","login","1417079032");
INSERT INTO user_history VALUES("765","5","login","1417082366");
INSERT INTO user_history VALUES("766","5","logout","1417083034");
INSERT INTO user_history VALUES("767","3","login","1417083042");
INSERT INTO user_history VALUES("768","3","login","1417090608");
INSERT INTO user_history VALUES("769","3","login","1417096748");
INSERT INTO user_history VALUES("770","1","login","1417104908");
INSERT INTO user_history VALUES("771","1","logout","1417105418");
INSERT INTO user_history VALUES("772","5","login","1417105909");
INSERT INTO user_history VALUES("773","1","login","1417108592");
INSERT INTO user_history VALUES("774","1","login","1417108923");
INSERT INTO user_history VALUES("775","1","login","1417110634");
INSERT INTO user_history VALUES("776","5","login","1417114614");
INSERT INTO user_history VALUES("777","1","login","1417124114");
INSERT INTO user_history VALUES("778","5","login","1417127323");
INSERT INTO user_history VALUES("779","1","login","1417128189");
INSERT INTO user_history VALUES("780","1","logout","1417128232");
INSERT INTO user_history VALUES("781","5","login","1417129765");
INSERT INTO user_history VALUES("782","1","login","1417130702");
INSERT INTO user_history VALUES("783","3","login","1417132158");
INSERT INTO user_history VALUES("784","3","login","1417140515");
INSERT INTO user_history VALUES("785","1","login","1417143544");
INSERT INTO user_history VALUES("786","3","logout","1417150365");
INSERT INTO user_history VALUES("787","1","login","1417152506");
INSERT INTO user_history VALUES("788","5","login","1417156929");
INSERT INTO user_history VALUES("789","5","login","1417159622");
INSERT INTO user_history VALUES("790","5","logout","1417159781");
INSERT INTO user_history VALUES("791","5","login","1417159788");
INSERT INTO user_history VALUES("792","1","login","1417159828");
INSERT INTO user_history VALUES("793","5","logout","1417160246");
INSERT INTO user_history VALUES("794","5","login","1417160252");
INSERT INTO user_history VALUES("795","5","logout","1417160298");
INSERT INTO user_history VALUES("796","5","login","1417160304");
INSERT INTO user_history VALUES("797","1","login","1417235495");
INSERT INTO user_history VALUES("798","1","login","1417235821");
INSERT INTO user_history VALUES("799","5","login","1417238944");
INSERT INTO user_history VALUES("800","5","login","1417245920");
INSERT INTO user_history VALUES("801","5","login","1417252063");
INSERT INTO user_history VALUES("802","5","login","1417264321");
INSERT INTO user_history VALUES("803","5","login","1417264563");
INSERT INTO user_history VALUES("804","1","login","1417265246");
INSERT INTO user_history VALUES("805","1","logout","1417265294");
INSERT INTO user_history VALUES("806","5","login","1417266355");
INSERT INTO user_history VALUES("807","5","login","1417269647");
INSERT INTO user_history VALUES("808","5","login","1417311705");
INSERT INTO user_history VALUES("809","5","login","1417314805");
INSERT INTO user_history VALUES("810","5","login","1417329951");
INSERT INTO user_history VALUES("811","5","login","1417341362");
INSERT INTO user_history VALUES("812","5","logout","1417342435");
INSERT INTO user_history VALUES("813","1","login","1417342482");
INSERT INTO user_history VALUES("814","1","logout","1417342528");
INSERT INTO user_history VALUES("815","3","login","1417346508");
INSERT INTO user_history VALUES("816","3","login","1417350786");
INSERT INTO user_history VALUES("817","1","login","1417367026");
INSERT INTO user_history VALUES("818","1","login","1417368449");
INSERT INTO user_history VALUES("819","5","login","1417369672");
INSERT INTO user_history VALUES("820","1","login","1417371640");
INSERT INTO user_history VALUES("821","1","login","1417371826");
INSERT INTO user_history VALUES("822","5","login","1417373983");
INSERT INTO user_history VALUES("823","1","login","1417376278");
INSERT INTO user_history VALUES("824","1","login","1417384021");
INSERT INTO user_history VALUES("825","5","login","1417385147");
INSERT INTO user_history VALUES("826","1","login","1417385604");
INSERT INTO user_history VALUES("827","5","login","1417391780");
INSERT INTO user_history VALUES("828","5","logout","1417395999");
INSERT INTO user_history VALUES("829","3","login","1417396005");
INSERT INTO user_history VALUES("830","3","login","1417400417");
INSERT INTO user_history VALUES("831","1","login","1417402432");
INSERT INTO user_history VALUES("832","1","login","1417402660");
INSERT INTO user_history VALUES("833","1","logout","1417404618");
INSERT INTO user_history VALUES("834","1","login","1417406607");
INSERT INTO user_history VALUES("835","1","logout","1417406848");
INSERT INTO user_history VALUES("836","3","login","1417411066");
INSERT INTO user_history VALUES("837","1","login","1417411702");
INSERT INTO user_history VALUES("838","1","login","1417489393");
INSERT INTO user_history VALUES("839","5","login","1417492764");
INSERT INTO user_history VALUES("840","5","login","1417495387");
INSERT INTO user_history VALUES("841","5","login","1417497630");
INSERT INTO user_history VALUES("842","5","login","1417497645");
INSERT INTO user_history VALUES("843","1","login","1417503976");
INSERT INTO user_history VALUES("844","1","login","1417506729");
INSERT INTO user_history VALUES("845","5","login","1417507234");
INSERT INTO user_history VALUES("846","1","login","1417509451");
INSERT INTO user_history VALUES("847","5","login","1417510141");
INSERT INTO user_history VALUES("848","1","login","1417511084");
INSERT INTO user_history VALUES("849","5","logout","1417516181");
INSERT INTO user_history VALUES("850","3","login","1417516207");
INSERT INTO user_history VALUES("851","3","login","1417518650");
INSERT INTO user_history VALUES("852","1","login","1417521765");
INSERT INTO user_history VALUES("853","1","login","1417524095");
INSERT INTO user_history VALUES("854","3","login","1417524127");
INSERT INTO user_history VALUES("855","3","login","1417530081");
INSERT INTO user_history VALUES("856","1","login","1417531406");
INSERT INTO user_history VALUES("857","1","logout","1417531701");
INSERT INTO user_history VALUES("858","3","logout","1417531830");
INSERT INTO user_history VALUES("859","5","login","1417577916");
INSERT INTO user_history VALUES("860","1","login","1417578097");
INSERT INTO user_history VALUES("861","1","logout","1417578111");
INSERT INTO user_history VALUES("862","5","login","1417578149");
INSERT INTO user_history VALUES("863","1","login","1417582509");
INSERT INTO user_history VALUES("864","5","login","1417584422");
INSERT INTO user_history VALUES("865","5","login","1417588485");
INSERT INTO user_history VALUES("866","1","login","1417589876");
INSERT INTO user_history VALUES("867","1","login","1417591853");
INSERT INTO user_history VALUES("868","5","login","1417594040");
INSERT INTO user_history VALUES("869","5","login","1417598449");
INSERT INTO user_history VALUES("870","5","logout","1417601291");
INSERT INTO user_history VALUES("871","3","login","1417601301");
INSERT INTO user_history VALUES("872","3","login","1417607517");
INSERT INTO user_history VALUES("873","1","login","1417608682");
INSERT INTO user_history VALUES("874","1","logout","1417608747");
INSERT INTO user_history VALUES("875","3","login","1417608763");
INSERT INTO user_history VALUES("876","3","login","1417608786");
INSERT INTO user_history VALUES("877","1","login","1417662542");
INSERT INTO user_history VALUES("878","5","login","1417663205");
INSERT INTO user_history VALUES("879","5","login","1417666308");
INSERT INTO user_history VALUES("880","5","login","1417670005");
INSERT INTO user_history VALUES("881","1","login","1417675794");
INSERT INTO user_history VALUES("882","5","login","1417676878");
INSERT INTO user_history VALUES("883","1","logout","1417683309");
INSERT INTO user_history VALUES("884","1","login","1417683313");
INSERT INTO user_history VALUES("885","3","login","1417689110");
INSERT INTO user_history VALUES("886","1","login","1417696388");
INSERT INTO user_history VALUES("887","3","login","1417702562");
INSERT INTO user_history VALUES("888","5","login","1417702581");
INSERT INTO user_history VALUES("889","1","login","1417742573");
INSERT INTO user_history VALUES("890","1","login","1417746150");
INSERT INTO user_history VALUES("891","1","login","1417748976");
INSERT INTO user_history VALUES("892","1","login","1417748981");
INSERT INTO user_history VALUES("893","1","login","1417751066");
INSERT INTO user_history VALUES("894","5","login","1417751762");
INSERT INTO user_history VALUES("895","1","login","1417753396");
INSERT INTO user_history VALUES("896","5","login","1417757217");
INSERT INTO user_history VALUES("897","5","login","1417760770");
INSERT INTO user_history VALUES("898","1","login","1417761484");
INSERT INTO user_history VALUES("899","1","login","1417761663");
INSERT INTO user_history VALUES("900","5","login","1417764126");
INSERT INTO user_history VALUES("901","1","login","1417764738");
INSERT INTO user_history VALUES("902","1","login","1417772060");
INSERT INTO user_history VALUES("903","5","login","1417772529");
INSERT INTO user_history VALUES("904","3","login","1417776630");
INSERT INTO user_history VALUES("905","3","login","1417776943");
INSERT INTO user_history VALUES("906","3","logout","1417777121");
INSERT INTO user_history VALUES("907","3","login","1417777148");
INSERT INTO user_history VALUES("908","3","logout","1417777186");
INSERT INTO user_history VALUES("909","3","login","1417777216");
INSERT INTO user_history VALUES("910","3","login","1417777229");
INSERT INTO user_history VALUES("911","3","login","1417780979");
INSERT INTO user_history VALUES("912","1","login","1417786775");
INSERT INTO user_history VALUES("913","1","login","1417791043");
INSERT INTO user_history VALUES("914","1","login","1417792070");
INSERT INTO user_history VALUES("915","1","logout","1417792871");
INSERT INTO user_history VALUES("916","5","login","1417831866");
INSERT INTO user_history VALUES("917","1","login","1417843272");
INSERT INTO user_history VALUES("918","1","logout","1417843387");
INSERT INTO user_history VALUES("919","5","login","1417843400");
INSERT INTO user_history VALUES("920","1","login","1417851395");
INSERT INTO user_history VALUES("921","1","logout","1417851509");
INSERT INTO user_history VALUES("922","5","login","1417851521");
INSERT INTO user_history VALUES("923","1","login","1417853891");
INSERT INTO user_history VALUES("924","1","logout","1417854193");
INSERT INTO user_history VALUES("925","5","login","1417854210");
INSERT INTO user_history VALUES("926","5","logout","1417854300");
INSERT INTO user_history VALUES("927","1","login","1417854318");
INSERT INTO user_history VALUES("928","1","logout","1417857433");
INSERT INTO user_history VALUES("929","1","login","1417857457");
INSERT INTO user_history VALUES("930","1","login","1417862648");
INSERT INTO user_history VALUES("931","1","logout","1417862685");
INSERT INTO user_history VALUES("932","5","login","1417862701");
INSERT INTO user_history VALUES("933","5","login","1417866186");
INSERT INTO user_history VALUES("934","1","login","1417866245");
INSERT INTO user_history VALUES("935","1","logout","1417866279");
INSERT INTO user_history VALUES("936","5","login","1417866291");
INSERT INTO user_history VALUES("937","3","login","1417868782");
INSERT INTO user_history VALUES("938","3","logout","1417871383");
INSERT INTO user_history VALUES("939","1","login","1417871403");
INSERT INTO user_history VALUES("940","1","logout","1417871651");
INSERT INTO user_history VALUES("941","3","login","1417871662");
INSERT INTO user_history VALUES("942","3","logout","1417871703");
INSERT INTO user_history VALUES("943","1","login","1417871727");
INSERT INTO user_history VALUES("944","1","logout","1417871899");
INSERT INTO user_history VALUES("945","3","login","1417871913");
INSERT INTO user_history VALUES("946","3","logout","1417871954");
INSERT INTO user_history VALUES("947","1","login","1417871963");
INSERT INTO user_history VALUES("948","1","logout","1417871972");
INSERT INTO user_history VALUES("949","1","login","1417871990");
INSERT INTO user_history VALUES("950","1","logout","1417872038");
INSERT INTO user_history VALUES("951","5","login","1417873364");
INSERT INTO user_history VALUES("952","3","login","1417875073");
INSERT INTO user_history VALUES("953","1","login","1417877867");
INSERT INTO user_history VALUES("954","1","logout","1417877912");
INSERT INTO user_history VALUES("955","3","login","1417878422");
INSERT INTO user_history VALUES("956","3","login","1417878440");
INSERT INTO user_history VALUES("957","1","login","1417878552");
INSERT INTO user_history VALUES("958","5","login","1417880932");
INSERT INTO user_history VALUES("959","5","logout","1417880958");
INSERT INTO user_history VALUES("960","5","login","1417880963");
INSERT INTO user_history VALUES("961","5","login","1417899743");
INSERT INTO user_history VALUES("962","5","logout","1417910382");
INSERT INTO user_history VALUES("963","3","login","1417910399");
INSERT INTO user_history VALUES("964","3","login","1417914644");
INSERT INTO user_history VALUES("965","3","login","1417914654");
INSERT INTO user_history VALUES("966","3","login","1417916862");
INSERT INTO user_history VALUES("967","1","login","1417924163");
INSERT INTO user_history VALUES("968","1","logout","1417924452");
INSERT INTO user_history VALUES("969","5","login","1417924465");
INSERT INTO user_history VALUES("970","5","logout","1417924477");
INSERT INTO user_history VALUES("971","3","login","1417924516");
INSERT INTO user_history VALUES("972","1","login","1417924807");
INSERT INTO user_history VALUES("973","1","login","1417927898");
INSERT INTO user_history VALUES("974","1","logout","1417928656");
INSERT INTO user_history VALUES("975","1","login","1418007094");
INSERT INTO user_history VALUES("976","1","login","1418008095");
INSERT INTO user_history VALUES("977","1","login","1418009976");
INSERT INTO user_history VALUES("978","5","login","1418010602");
INSERT INTO user_history VALUES("979","1","login","1418010633");
INSERT INTO user_history VALUES("980","4","login","1418020120");
INSERT INTO user_history VALUES("981","1","login","1418021544");
INSERT INTO user_history VALUES("982","1","login","1418022340");
INSERT INTO user_history VALUES("983","4","login","1418026211");
INSERT INTO user_history VALUES("984","1","login","1418027359");
INSERT INTO user_history VALUES("985","5","login","1418028566");
INSERT INTO user_history VALUES("986","5","login","1418028571");
INSERT INTO user_history VALUES("987","1","logout","1418029834");
INSERT INTO user_history VALUES("988","1","login","1418029857");
INSERT INTO user_history VALUES("989","3","login","1418034494");
INSERT INTO user_history VALUES("990","4","login","1418034738");
INSERT INTO user_history VALUES("991","3","login","1418038006");
INSERT INTO user_history VALUES("992","3","login","1418038026");
INSERT INTO user_history VALUES("993","1","login","1418038085");
INSERT INTO user_history VALUES("994","1","logout","1418038181");
INSERT INTO user_history VALUES("995","3","login","1418038191");
INSERT INTO user_history VALUES("996","1","login","1418038263");
INSERT INTO user_history VALUES("997","3","login","1418042599");
INSERT INTO user_history VALUES("998","3","login","1418048783");
INSERT INTO user_history VALUES("999","1","login","1418048815");
INSERT INTO user_history VALUES("1000","1","login","1418052191");
INSERT INTO user_history VALUES("1001","1","login","1418088906");
INSERT INTO user_history VALUES("1002","4","login","1418089113");
INSERT INTO user_history VALUES("1003","1","login","1418093613");
INSERT INTO user_history VALUES("1004","1","login","1418093761");
INSERT INTO user_history VALUES("1005","1","login","1418096421");
INSERT INTO user_history VALUES("1006","5","login","1418097065");
INSERT INTO user_history VALUES("1007","4","login","1418097115");
INSERT INTO user_history VALUES("1008","1","login","1418100079");
INSERT INTO user_history VALUES("1009","5","login","1418102325");
INSERT INTO user_history VALUES("1010","5","login","1418103973");
INSERT INTO user_history VALUES("1011","5","login","1418104484");
INSERT INTO user_history VALUES("1012","5","login","1418107299");
INSERT INTO user_history VALUES("1013","1","login","1418108636");
INSERT INTO user_history VALUES("1014","1","login","1418108658");
INSERT INTO user_history VALUES("1015","1","login","1418108667");
INSERT INTO user_history VALUES("1016","1","login","1418108732");
INSERT INTO user_history VALUES("1017","1","login","1418108744");
INSERT INTO user_history VALUES("1018","5","login","1418109838");
INSERT INTO user_history VALUES("1019","1","login","1418111762");
INSERT INTO user_history VALUES("1020","1","logout","1418112735");
INSERT INTO user_history VALUES("1021","4","login","1418112744");
INSERT INTO user_history VALUES("1022","4","logout","1418112764");
INSERT INTO user_history VALUES("1023","4","login","1418112772");
INSERT INTO user_history VALUES("1024","4","logout","1418112829");
INSERT INTO user_history VALUES("1025","1","login","1418112834");
INSERT INTO user_history VALUES("1026","4","login","1418112939");
INSERT INTO user_history VALUES("1027","1","login","1418115775");
INSERT INTO user_history VALUES("1028","5","login","1418119363");
INSERT INTO user_history VALUES("1029","1","login","1418120408");
INSERT INTO user_history VALUES("1030","5","logout","1418120592");
INSERT INTO user_history VALUES("1031","3","login","1418120599");
INSERT INTO user_history VALUES("1032","1","login","1418132930");
INSERT INTO user_history VALUES("1033","3","login","1418133184");
INSERT INTO user_history VALUES("1034","3","login","1418133198");
INSERT INTO user_history VALUES("1035","3","login","1418133213");
INSERT INTO user_history VALUES("1036","3","login","1418133233");
INSERT INTO user_history VALUES("1037","5","login","1418176664");
INSERT INTO user_history VALUES("1038","5","login","1418181611");
INSERT INTO user_history VALUES("1039","1","login","1418182919");
INSERT INTO user_history VALUES("1040","1","login","1418183140");
INSERT INTO user_history VALUES("1041","5","login","1418188345");
INSERT INTO user_history VALUES("1042","5","login","1418196478");
INSERT INTO user_history VALUES("1043","1","login","1418197223");
INSERT INTO user_history VALUES("1044","1","login","1418202854");
INSERT INTO user_history VALUES("1045","1","login","1418204420");
INSERT INTO user_history VALUES("1046","5","logout","1418205958");
INSERT INTO user_history VALUES("1047","3","login","1418205981");
INSERT INTO user_history VALUES("1048","1","login","1418206386");
INSERT INTO user_history VALUES("1049","1","logout","1418207448");
INSERT INTO user_history VALUES("1050","4","login","1418207495");
INSERT INTO user_history VALUES("1051","4","login","1418207582");
INSERT INTO user_history VALUES("1052","4","login","1418207623");
INSERT INTO user_history VALUES("1053","3","login","1418209799");
INSERT INTO user_history VALUES("1054","3","logout","1418211274");
INSERT INTO user_history VALUES("1055","3","login","1418211282");
INSERT INTO user_history VALUES("1056","1","login","1418213674");
INSERT INTO user_history VALUES("1057","1","logout","1418214129");
INSERT INTO user_history VALUES("1058","1","login","1418220119");
INSERT INTO user_history VALUES("1059","3","login","1418264109");
INSERT INTO user_history VALUES("1060","1","login","1418264307");
INSERT INTO user_history VALUES("1061","1","login","1418264601");
INSERT INTO user_history VALUES("1062","5","login","1418266823");
INSERT INTO user_history VALUES("1063","5","login","1418266848");
INSERT INTO user_history VALUES("1064","1","login","1418271329");
INSERT INTO user_history VALUES("1065","1","login","1418271333");
INSERT INTO user_history VALUES("1066","5","login","1418272590");
INSERT INTO user_history VALUES("1067","5","login","1418272628");
INSERT INTO user_history VALUES("1068","5","login","1418280015");
INSERT INTO user_history VALUES("1069","1","login","1418283220");
INSERT INTO user_history VALUES("1070","1","login","1418284891");
INSERT INTO user_history VALUES("1071","5","login","1418285905");
INSERT INTO user_history VALUES("1072","1","login","1418288526");
INSERT INTO user_history VALUES("1073","4","login","1418288960");
INSERT INTO user_history VALUES("1074","1","login","1418293056");
INSERT INTO user_history VALUES("1075","3","login","1418297264");
INSERT INTO user_history VALUES("1076","3","logout","1418297273");
INSERT INTO user_history VALUES("1077","5","login","1418297285");
INSERT INTO user_history VALUES("1078","5","login","1418311914");
INSERT INTO user_history VALUES("1079","1","login","1418353101");
INSERT INTO user_history VALUES("1080","5","login","1418354551");
INSERT INTO user_history VALUES("1081","5","login","1418354572");
INSERT INTO user_history VALUES("1082","1","login","1418355402");
INSERT INTO user_history VALUES("1083","1","login","1418356900");
INSERT INTO user_history VALUES("1084","5","login","1418360590");
INSERT INTO user_history VALUES("1085","5","login","1418360607");
INSERT INTO user_history VALUES("1086","1","login","1418369122");
INSERT INTO user_history VALUES("1087","5","login","1418370003");
INSERT INTO user_history VALUES("1088","1","login","1418372773");
INSERT INTO user_history VALUES("1089","5","login","1418375813");
INSERT INTO user_history VALUES("1090","5","login","1418375829");
INSERT INTO user_history VALUES("1091","1","login","1418379311");
INSERT INTO user_history VALUES("1092","1","login","1418381894");
INSERT INTO user_history VALUES("1093","1","logout","1418382060");
INSERT INTO user_history VALUES("1094","5","logout","1418382072");
INSERT INTO user_history VALUES("1095","3","login","1418382081");
INSERT INTO user_history VALUES("1096","1","login","1418383667");
INSERT INTO user_history VALUES("1097","1","logout","1418384980");
INSERT INTO user_history VALUES("1098","3","login","1418389755");
INSERT INTO user_history VALUES("1099","1","login","1418396089");
INSERT INTO user_history VALUES("1100","3","login","1418397599");
INSERT INTO user_history VALUES("1101","1","login","1418397941");
INSERT INTO user_history VALUES("1102","5","login","1418436483");
INSERT INTO user_history VALUES("1103","5","login","1418437260");
INSERT INTO user_history VALUES("1104","5","login","1418439116");
INSERT INTO user_history VALUES("1105","4","login","1418439448");
INSERT INTO user_history VALUES("1106","5","login","1418439457");
INSERT INTO user_history VALUES("1107","4","logout","1418440443");
INSERT INTO user_history VALUES("1108","5","login","1418442225");
INSERT INTO user_history VALUES("1109","5","login","1418449072");
INSERT INTO user_history VALUES("1110","5","login","1418453537");
INSERT INTO user_history VALUES("1111","5","login","1418464236");
INSERT INTO user_history VALUES("1112","1","login","1418467653");
INSERT INTO user_history VALUES("1113","1","logout","1418467707");
INSERT INTO user_history VALUES("1114","5","login","1418469238");
INSERT INTO user_history VALUES("1115","5","login","1418473455");
INSERT INTO user_history VALUES("1116","5","login","1418483269");
INSERT INTO user_history VALUES("1117","5","login","1418522510");
INSERT INTO user_history VALUES("1118","5","login","1418532401");
INSERT INTO user_history VALUES("1119","5","login","1418545231");
INSERT INTO user_history VALUES("1120","3","login","1418557329");
INSERT INTO user_history VALUES("1121","1","login","1418611985");
INSERT INTO user_history VALUES("1122","5","login","1418614333");
INSERT INTO user_history VALUES("1123","1","login","1418615056");
INSERT INTO user_history VALUES("1124","1","login","1418621925");
INSERT INTO user_history VALUES("1125","1","login","1418625436");
INSERT INTO user_history VALUES("1126","1","login","1418636793");
INSERT INTO user_history VALUES("1127","5","login","1418637683");
INSERT INTO user_history VALUES("1128","5","login","1418637911");
INSERT INTO user_history VALUES("1129","5","login","1418637911");
INSERT INTO user_history VALUES("1130","5","login","1418637911");
INSERT INTO user_history VALUES("1131","5","logout","1418638446");
INSERT INTO user_history VALUES("1132","3","login","1418638459");
INSERT INTO user_history VALUES("1133","1","login","1418639658");
INSERT INTO user_history VALUES("1134","3","login","1418640393");
INSERT INTO user_history VALUES("1135","1","login","1418643775");
INSERT INTO user_history VALUES("1136","3","login","1418647685");
INSERT INTO user_history VALUES("1137","3","login","1418653123");
INSERT INTO user_history VALUES("1138","1","login","1418653892");
INSERT INTO user_history VALUES("1139","5","login","1418699610");
INSERT INTO user_history VALUES("1140","5","login","1418701673");
INSERT INTO user_history VALUES("1141","1","login","1418702239");
INSERT INTO user_history VALUES("1142","1","login","1418706366");
INSERT INTO user_history VALUES("1143","5","login","1418717200");
INSERT INTO user_history VALUES("1144","5","login","1418719239");
INSERT INTO user_history VALUES("1145","1","login","1418724503");
INSERT INTO user_history VALUES("1146","3","login","1418725361");
INSERT INTO user_history VALUES("1147","3","login","1418725361");
INSERT INTO user_history VALUES("1148","3","login","1418725361");
INSERT INTO user_history VALUES("1149","3","login","1418725361");
INSERT INTO user_history VALUES("1150","3","login","1418725361");
INSERT INTO user_history VALUES("1151","3","login","1418733299");
INSERT INTO user_history VALUES("1152","3","login","1418733299");
INSERT INTO user_history VALUES("1153","3","login","1418733299");
INSERT INTO user_history VALUES("1154","3","login","1418733299");
INSERT INTO user_history VALUES("1155","1","login","1418735304");
INSERT INTO user_history VALUES("1156","3","login","1418740144");
INSERT INTO user_history VALUES("1157","1","login","1418741358");
INSERT INTO user_history VALUES("1158","1","login","1418791715");
INSERT INTO user_history VALUES("1159","5","login","1418794553");
INSERT INTO user_history VALUES("1160","1","login","1418796513");
INSERT INTO user_history VALUES("1161","1","logout","1418796571");
INSERT INTO user_history VALUES("1162","1","login","1418799596");
INSERT INTO user_history VALUES("1163","1","login","1418799664");
INSERT INTO user_history VALUES("1164","5","login","1418805860");
INSERT INTO user_history VALUES("1165","1","login","1418808686");
INSERT INTO user_history VALUES("1166","4","login","1418808762");



